en_id	en_name	ko_name	ja_id	ja_name	ja_rarity	en_rarity	en_image	ja_image	confidence	reason
me55-8	Vivillon	비비용	SV1V-005	ビビヨン	Uncommon	Common	https://images.scrydex.com/pokemon/me55-8/small	https://assets.tcgdex.net/ja/SV/SV1V/005/low.webp	0.3	dex+hp (4 candidates)
me55-11	Moltres	파이어	SV2a-146	ファイヤー	Rare	Common	https://images.scrydex.com/pokemon/me55-11/small	https://assets.tcgdex.net/ja/SV/SV2a/146/low.webp	0.3	dex+hp (2 candidates)
me55-12	Ho-Oh	칠색조	SVLS-003	ホウオウ	None	Rare	https://images.scrydex.com/pokemon/me55-12/small	https://assets.tcgdex.net/ja/SV/SVLS/003/low.webp	0.3	dex+hp (2 candidates)
me55-18	Articuno	프리져	SV2a-144	フリーザー	Rare	Common	https://images.scrydex.com/pokemon/me55-18/small	https://assets.tcgdex.net/ja/SV/SV2a/144/low.webp	0.3	dex+hp (3 candidates)
me55-23	Pikachu	피카츄	SV4a-055	ピカチュウ		Pikachu Rare	https://images.scrydex.com/pokemon/me55-23/small	https://assets.tcgdex.net/ja/SV/SV4a/055/low.webp	0.3	dex+hp (4 candidates)
me55-24	Pikachu	피카츄	SV4a-055	ピカチュウ		Pikachu Rare	https://images.scrydex.com/pokemon/me55-24/small	https://assets.tcgdex.net/ja/SV/SV4a/055/low.webp	0.3	dex+hp (4 candidates)
me55-25	Pikachu	피카츄	SV4a-055	ピカチュウ		Pikachu Rare	https://images.scrydex.com/pokemon/me55-25/small	https://assets.tcgdex.net/ja/SV/SV4a/055/low.webp	0.3	dex+hp (4 candidates)
me55-28	Pikachu	피카츄	SV2a-025	ピカチュウ	Common	Pikachu Rare	https://images.scrydex.com/pokemon/me55-28/small	https://assets.tcgdex.net/ja/SV/SV2a/025/low.webp	0.3	dex+hp (2 candidates)
me55-29	Pikachu	피카츄	SV2a-025	ピカチュウ	Common	Pikachu Rare	https://images.scrydex.com/pokemon/me55-29/small	https://assets.tcgdex.net/ja/SV/SV2a/025/low.webp	0.3	dex+hp (2 candidates)
me55-30	Pikachu	피카츄	SV2a-025	ピカチュウ	Common	Pikachu Rare	https://images.scrydex.com/pokemon/me55-30/small	https://assets.tcgdex.net/ja/SV/SV2a/025/low.webp	0.3	dex+hp (2 candidates)
me55-33	Pikachu	피카츄	SV2a-025	ピカチュウ	Common	Pikachu Rare	https://images.scrydex.com/pokemon/me55-33/small	https://assets.tcgdex.net/ja/SV/SV2a/025/low.webp	0.3	dex+hp (2 candidates)
me55-34	Pikachu	피카츄	SV4a-055	ピカチュウ		Pikachu Rare	https://images.scrydex.com/pokemon/me55-34/small	https://assets.tcgdex.net/ja/SV/SV4a/055/low.webp	0.3	dex+hp (4 candidates)
me55-35	Pikachu	피카츄	SV2a-025	ピカチュウ	Common	Pikachu Rare	https://images.scrydex.com/pokemon/me55-35/small	https://assets.tcgdex.net/ja/SV/SV2a/025/low.webp	0.3	dex+hp (2 candidates)
me55-38	Pikachu	피카츄	SV2a-025	ピカチュウ	Common	Pikachu Rare	https://images.scrydex.com/pokemon/me55-38/small	https://assets.tcgdex.net/ja/SV/SV2a/025/low.webp	0.3	dex+hp (2 candidates)
me55-39	Pikachu	피카츄	SV4a-055	ピカチュウ		Pikachu Rare	https://images.scrydex.com/pokemon/me55-39/small	https://assets.tcgdex.net/ja/SV/SV4a/055/low.webp	0.3	dex+hp (4 candidates)
me55-41	Pikachu	피카츄	SV2a-025	ピカチュウ	Common	Pikachu Rare	https://images.scrydex.com/pokemon/me55-41/small	https://assets.tcgdex.net/ja/SV/SV2a/025/low.webp	0.3	dex+hp (2 candidates)
me55-44	Pikachu	피카츄	SV2a-025	ピカチュウ	Common	Pikachu Rare	https://images.scrydex.com/pokemon/me55-44/small	https://assets.tcgdex.net/ja/SV/SV2a/025/low.webp	0.3	dex+hp (2 candidates)
me55-46	Pikachu	피카츄	SV2a-025	ピカチュウ	Common	Pikachu Rare	https://images.scrydex.com/pokemon/me55-46/small	https://assets.tcgdex.net/ja/SV/SV2a/025/low.webp	0.3	dex+hp (2 candidates)
me55-47	Pikachu	피카츄	SV4a-055	ピカチュウ		Pikachu Rare	https://images.scrydex.com/pokemon/me55-47/small	https://assets.tcgdex.net/ja/SV/SV4a/055/low.webp	0.3	dex+hp (4 candidates)
me55-52	Pikachu	피카츄	SV4a-055	ピカチュウ		Pikachu Rare	https://images.scrydex.com/pokemon/me55-52/small	https://assets.tcgdex.net/ja/SV/SV4a/055/low.webp	0.3	dex+hp (4 candidates)
me55-55	Zapdos	썬더	SV5a-027	サンダー	Rare	Common	https://images.scrydex.com/pokemon/me55-55/small	https://assets.tcgdex.net/ja/SV/SV5a/027/low.webp	0.3	dex+hp (2 candidates)
me55-60	Toxtricity	스트린더	SV4a-065	ストリンダー		Common	https://images.scrydex.com/pokemon/me55-60/small	https://assets.tcgdex.net/ja/SV/SV4a/065/low.webp	0.3	dex+hp (5 candidates)
me55-61	Morpeko	모르페코	SV5a-030	モルペコ	Uncommon	Common	https://images.scrydex.com/pokemon/me55-61/small	https://assets.tcgdex.net/ja/SV/SV5a/030/low.webp	0.3	dex+hp (4 candidates)
me55-62	Miraidon	미라이돈	SV8-044	ミライドン	Uncommon	Rare	https://images.scrydex.com/pokemon/me55-62/small	https://assets.tcgdex.net/ja/SV/SV8/044/low.webp	0.3	dex+hp (2 candidates)
me55-69	Espeon	에브이	SV3-046	エーフィ	Uncommon	Common	https://images.scrydex.com/pokemon/me55-69/small	https://assets.tcgdex.net/ja/SV/SV3/046/low.webp	0.3	dex+hp (2 candidates)
me55-74	Cresselia	크레세리아	SV6a-021	クレセリア	Rare	Common	https://images.scrydex.com/pokemon/me55-74/small	https://assets.tcgdex.net/ja/SV/SV6a/021/low.webp	0.3	dex+hp (2 candidates)
me55-86	Koraidon	코라이돈	SV8-069	コライドン	Uncommon	Rare	https://images.scrydex.com/pokemon/me55-86/small	https://assets.tcgdex.net/ja/SV/SV8/069/low.webp	0.3	dex+hp (2 candidates)
me55-91	Umbreon	블래키	SV3-070	ブラッキー	Uncommon	Common	https://images.scrydex.com/pokemon/me55-91/small	https://assets.tcgdex.net/ja/SV/SV3/070/low.webp	0.3	dex+hp (2 candidates)
me55-93	Murkrow	니로우	SV10-071	ロケット団のヤミカラス	Uncommon	Common	https://images.scrydex.com/pokemon/me55-93/small	https://assets.tcgdex.net/ja/SV/SV10/071/low.webp	0.3	dex+hp (3 candidates)
me55-96	Zoroark	조로아크	SV6a-032	ゾロアーク	Rare	Common	https://images.scrydex.com/pokemon/me55-96/small	https://assets.tcgdex.net/ja/SV/SV6a/032/low.webp	0.3	dex+hp (4 candidates)
me55-108	Gholdengo	타부자고	SV7a-038	サーフゴー	Uncommon	Common	https://images.scrydex.com/pokemon/me55-108/small	https://assets.tcgdex.net/ja/SV/SV7a/038/low.webp	0.3	dex+hp (2 candidates)
me55-123	Hisuian Zoroark	히스이 조로아크	SV6a-032	ゾロアーク	Rare	Common	https://images.scrydex.com/pokemon/me55-123/small	https://assets.tcgdex.net/ja/SV/SV6a/032/low.webp	0.3	dex+hp (4 candidates)
me55-130	Moltres	파이어	SV2a-146	ファイヤー	Rare	Illustration Rare	https://images.scrydex.com/pokemon/me55-130/small	https://assets.tcgdex.net/ja/SV/SV2a/146/low.webp	0.3	dex+hp (2 candidates)
me55-132	Articuno	프리져	SV2a-144	フリーザー	Rare	Illustration Rare	https://images.scrydex.com/pokemon/me55-132/small	https://assets.tcgdex.net/ja/SV/SV2a/144/low.webp	0.3	dex+hp (3 candidates)
me55-133	Zapdos	썬더	SV5a-027	サンダー	Rare	Illustration Rare	https://images.scrydex.com/pokemon/me55-133/small	https://assets.tcgdex.net/ja/SV/SV5a/027/low.webp	0.3	dex+hp (2 candidates)
me55-135	Morpeko	모르페코	SV5a-030	モルペコ	Uncommon	Illustration Rare	https://images.scrydex.com/pokemon/me55-135/small	https://assets.tcgdex.net/ja/SV/SV5a/030/low.webp	0.3	dex+hp (4 candidates)
me55-136	Drifloon	흔들풍손	SV4a-083	フワンテ		Illustration Rare	https://images.scrydex.com/pokemon/me55-136/small	https://assets.tcgdex.net/ja/SV/SV4a/083/low.webp	0.3	dex+hp (4 candidates)
me55-142	Gholdengo	타부자고	SV7a-038	サーフゴー	Uncommon	Illustration Rare	https://images.scrydex.com/pokemon/me55-142/small	https://assets.tcgdex.net/ja/SV/SV7a/038/low.webp	0.3	dex+hp (2 candidates)
me2pt5-30	Pignite	차오꿀	SV11W-012	チャオブー	Common	Uncommon	https://images.scrydex.com/pokemon/me2pt5-30/small		0.3	dex+hp (3 candidates)
me2pt5-225	Scorbunny	염버니	SV7-016	ヒバニー	Common	Illustration Rare	https://images.scrydex.com/pokemon/me2pt5-225/small	https://assets.tcgdex.net/ja/SV/SV7/016/low.webp	0.3	dex+hp (2 candidates)
me2pt5-232	Marill	마릴	SV2P-016	マリル	Common	Illustration Rare	https://images.scrydex.com/pokemon/me2pt5-232/small	https://assets.tcgdex.net/ja/SV/SV2P/016/low.webp	0.3	dex+hp (3 candidates)
me2-39	Cresselia	크레세리아	SV6a-021	クレセリア	Rare	Uncommon	https://images.pokemontcg.io/me2/39.png	https://assets.tcgdex.net/ja/SV/SV6a/021/low.webp	0.3	dex+hp (2 candidates)
me2-42	Mimikyu	따라큐	SV4a-088	ミミッキュ		Common	https://images.pokemontcg.io/me2/42.png	https://assets.tcgdex.net/ja/SV/SV4a/088/low.webp	0.3	dex+hp (5 candidates)
me2-102	Paldean Wooper	팔데아 우파	SV4a-116	パルデア ウパー		Illustration Rare	https://images.pokemontcg.io/me2/102.png	https://assets.tcgdex.net/ja/SV/SV4a/116/low.webp	0.3	dex+hp (6 candidates)
sv10-137	Marnie's Morpeko	마리의 모르페코	SV5a-030	モルペコ	Uncommon	Common	https://images.pokemontcg.io/sv10/137.png	https://assets.tcgdex.net/ja/SV/SV5a/030/low.webp	0.3	dex+hp (4 candidates)
sv10-144	Steven's Metang	성호의 메탕구	SV9-038	メタング	Common	Uncommon	https://images.pokemontcg.io/sv10/144.png	https://assets.tcgdex.net/ja/SV/SV9/038/low.webp	0.3	dex+hp (5 candidates)
sv9-15	Virizion	비리디온	SV11W-010	ビリジオン	Rare	Uncommon	https://images.pokemontcg.io/sv9/15.png		0.3	dex+hp (2 candidates)
sv9-29	Volcarona	불카모스	SV1a-013	ウルガモス	Common	Uncommon	https://images.pokemontcg.io/sv9/29.png	https://assets.tcgdex.net/ja/SV/SV1a/013/low.webp	0.3	dex+hp (2 candidates)
sv9-130	Drampa	할비롱	SV5M-060	ジジーロン	Rare	Common	https://images.pokemontcg.io/sv9/130.png		0.3	dex+hp (2 candidates)
sv9-137	Cramorant	윽우지	SV9-087	ホップのウッウ	Uncommon	Common	https://images.pokemontcg.io/sv9/137.png	https://assets.tcgdex.net/ja/SV/SV9/087/low.webp	0.3	dex+hp (4 candidates)
sv8pt5-3	Pinsir	쁘사이저	SV9a-001	ヒビキのカイロス	Uncommon	Common	https://images.pokemontcg.io/sv8pt5/3.png	https://assets.tcgdex.net/ja/SV/SV9a/001/low.webp	0.3	dex+hp (3 candidates)
sv8pt5-40	Sylveon	님피아	SV6a-022	ニンフィア	Uncommon	Rare	https://images.pokemontcg.io/sv8pt5/40.png	https://assets.tcgdex.net/ja/SV/SV6a/022/low.webp	0.3	dex+hp (2 candidates)
sv8-194	Shiinotic	마셰이드	SV7a-003	マシェード	Uncommon	Illustration Rare	https://images.pokemontcg.io/sv8/194.png	https://assets.tcgdex.net/ja/SV/SV7a/003/low.webp	0.3	dex+hp (2 candidates)
sv7-22	Reshiram	레시라무	SV9-074	Nのレシラム	Rare	Uncommon	https://images.pokemontcg.io/sv7/22.png	https://assets.tcgdex.net/ja/SV/SV9/074/low.webp	0.3	dex+hp (4 candidates)
sv7-59	Mewtwo	뮤츠	SV2a-150	ミュウツー	Rare	Uncommon	https://images.pokemontcg.io/sv7/59.png	https://assets.tcgdex.net/ja/SV/SV2a/150/low.webp	0.3	dex+hp (2 candidates)
sv5-90	Lycanroc	루가루암	SV9-052	ルガルガン	Rare	Uncommon	https://images.pokemontcg.io/sv5/90.png	https://assets.tcgdex.net/ja/SV/SV9/052/low.webp	0.3	dex+hp (2 candidates)
sv5-139	Iron Jugulis	무쇠머리	SV4M-058	テツノコウベ	Rare	Uncommon	https://images.pokemontcg.io/sv5/139.png	https://assets.tcgdex.net/ja/SV/SV4M/058/low.webp	0.3	dex+hp (3 candidates)
sv4pt5-10	Magmortar	마그마번	M6-013	ブーバーン	Uncommon	Rare	https://images.pokemontcg.io/sv4pt5/10.png		0.3	dex+hp (2 candidates)
sv4pt5-67	Gholdengo	타부자고	SV7a-038	サーフゴー	Uncommon	Rare	https://images.pokemontcg.io/sv4pt5/67.png	https://assets.tcgdex.net/ja/SV/SV7a/038/low.webp	0.3	dex+hp (2 candidates)
sv4-22	Volcanion	볼케니온	M1L-014	ボルケニオン	Uncommon	Rare	https://images.pokemontcg.io/sv4/22.png		0.3	dex+hp (2 candidates)
sv3-38	Chandelure	샹델라	SV11B-017	シャンデラ	Rare	Uncommon	https://images.pokemontcg.io/sv3/38.png		0.3	dex+hp (2 candidates)
sv3-142	Skarmory	무장조	SV6-072	エアームド	Common	Uncommon	https://images.pokemontcg.io/sv3/142.png	https://assets.tcgdex.net/ja/SV/SV6/072/low.webp	0.3	dex+hp (2 candidates)
sv3-161	Drampa	할비롱	SV5M-060	ジジーロン	Rare	Uncommon	https://images.pokemontcg.io/sv3/161.png		0.3	dex+hp (2 candidates)
sv3-224	Revavroom ex	부르르룸 ex	SV6a-015	ブロロロームex	Double rare	Special Illustration Rare	https://images.pokemontcg.io/sv3/224.png	https://assets.tcgdex.net/ja/SV/SV6a/015/low.webp	0.3	dex+hp (2 candidates)
sv3-228	Charizard ex	리자몽 ex	SV2a-006	リザードンex	Double rare	Hyper Rare	https://images.pokemontcg.io/sv3/228.png	https://assets.tcgdex.net/ja/SV/SV2a/006/low.webp	0.3	dex+hp (3 candidates)
sv2-67	Electrode	붐볼	SV4a-058	マルマイン		Uncommon	https://images.pokemontcg.io/sv2/67.png	https://assets.tcgdex.net/ja/SV/SV4a/058/low.webp	0.3	dex+hp (3 candidates)
sv2-237	Bellibolt ex	찌리배리 ex	M2a-057	ナンジャモのハラバリーex	Double rare	Ultra Rare	https://images.pokemontcg.io/sv2/237.png		0.3	dex+hp (2 candidates)
sv1-67	Flaaffy	보송송	SV10-035	ロケット団のモココ	Common	Uncommon	https://images.pokemontcg.io/sv1/67.png	https://assets.tcgdex.net/ja/SV/SV10/035/low.webp	0.3	dex+hp (2 candidates)
sv1-80	Miraidon	미라이돈	SV8-044	ミライドン	Uncommon	Rare	https://images.pokemontcg.io/sv1/80.png	https://assets.tcgdex.net/ja/SV/SV8/044/low.webp	0.3	dex+hp (2 candidates)
sv1-100	Flittle	하느라기	SV4a-093	ヒラヒナ		Common	https://images.pokemontcg.io/sv1/100.png	https://assets.tcgdex.net/ja/SV/SV4a/093/low.webp	0.3	dex+hp (2 candidates)
sv1-124	Koraidon	코라이돈	SV8-069	コライドン	Uncommon	Rare	https://images.pokemontcg.io/sv1/124.png	https://assets.tcgdex.net/ja/SV/SV8/069/low.webp	0.3	dex+hp (2 candidates)
me55-14	Reshiram	레시라무	SV9-074	Nのレシラム	Rare	Rare	https://images.scrydex.com/pokemon/me55-14/small	https://assets.tcgdex.net/ja/SV/SV9/074/low.webp	0.35	dex+hp+rarity (2 candidates)
me55-20	Palkia	펄기아	SV3a-008	パルキア	Rare	Rare	https://images.scrydex.com/pokemon/me55-20/small	https://assets.tcgdex.net/ja/SV/SV3a/008/low.webp	0.35	dex+hp+rarity (2 candidates)
me55-58	Toxel	일레즌	SV1V-031	エレズン	Common	Common	https://images.scrydex.com/pokemon/me55-58/small	https://assets.tcgdex.net/ja/SV/SV1V/031/low.webp	0.35	dex+hp+rarity (4 candidates)
me55-67	Marill	마릴	SV2P-016	マリル	Common	Common	https://images.scrydex.com/pokemon/me55-67/small	https://assets.tcgdex.net/ja/SV/SV2P/016/low.webp	0.35	dex+hp+rarity (2 candidates)
me55-73	Drifloon	흔들풍손	SV7-040	フワンテ	Common	Common	https://images.scrydex.com/pokemon/me55-73/small	https://assets.tcgdex.net/ja/SV/SV7/040/low.webp	0.35	dex+hp+rarity (2 candidates)
me55-88	Nidorina	니드리나	SV10-059	ロケット団のニドリーナ	Common	Common	https://images.scrydex.com/pokemon/me55-88/small	https://assets.tcgdex.net/ja/SV/SV10/059/low.webp	0.35	dex+hp+rarity (2 candidates)
me55-95	Zorua	조로아	SV9-060	Nのゾロア	Common	Common	https://images.scrydex.com/pokemon/me55-95/small	https://assets.tcgdex.net/ja/SV/SV9/060/low.webp	0.35	dex+hp+rarity (3 candidates)
me55-97	Deino	모노두	SV1a-057	モノズ	Common	Common	https://images.scrydex.com/pokemon/me55-97/small	https://assets.tcgdex.net/ja/SV/SV1a/057/low.webp	0.35	dex+hp+rarity (2 candidates)
me55-98	Zweilous	디헤드	SV1a-058	ジヘッド	Common	Common	https://images.scrydex.com/pokemon/me55-98/small	https://assets.tcgdex.net/ja/SV/SV1a/058/low.webp	0.35	dex+hp+rarity (2 candidates)
me55-101	Galarian Meowth	가라르 나옹	SV6a-048	ニャース	Common	Common	https://images.scrydex.com/pokemon/me55-101/small	https://assets.tcgdex.net/ja/SV/SV6a/048/low.webp	0.35	dex+hp+rarity (3 candidates)
me55-117	Eevee	이브이	SV6a-050	イーブイ	Common	Common	https://images.scrydex.com/pokemon/me55-117/small	https://assets.tcgdex.net/ja/SV/SV6a/050/low.webp	0.35	dex+hp+rarity (3 candidates)
me55-118	Eevee	이브이	SV6a-050	イーブイ	Common	Common	https://images.scrydex.com/pokemon/me55-118/small	https://assets.tcgdex.net/ja/SV/SV6a/050/low.webp	0.35	dex+hp+rarity (3 candidates)
me3-25	Volcanion	볼케니온	M1L-014	ボルケニオン	Uncommon	Uncommon	https://images.scrydex.com/pokemon/me3-25/small		0.35	dex+hp+rarity (2 candidates)
me3-26	Shinx	꼬링크	SV2D-019	コリンク	Common	Common	https://images.scrydex.com/pokemon/me3-26/small	https://assets.tcgdex.net/ja/SV/SV2D/019/low.webp	0.35	dex+hp+rarity (2 candidates)
me3-28	Luxray	렌트라	SV2D-021	レントラー	Rare	Rare	https://images.scrydex.com/pokemon/me3-28/small	https://assets.tcgdex.net/ja/SV/SV2D/021/low.webp	0.35	dex+hp+rarity (2 candidates)
me3-99	Raticate	레트라	SV10-108	ロケット団のラッタ	Illustration rare	Illustration Rare	https://images.scrydex.com/pokemon/me3-99/small		0.35	dex+hp+rarity (2 candidates)
me2pt5-7	Erika's Tangela	민화의 덩쿠리	SV5a-001	モンジャラ	Common	Common	https://images.scrydex.com/pokemon/me2pt5-7/small	https://assets.tcgdex.net/ja/SV/SV5a/001/low.webp	0.35	dex+hp+rarity (3 candidates)
me2pt5-55	Pikachu	피카츄	SV5M-023	ピカチュウ	Common	Common	https://images.scrydex.com/pokemon/me2pt5-55/small		0.35	dex+hp+rarity (2 candidates)
me2pt5-83	Marill	마릴	SV2P-016	マリル	Common	Common	https://images.scrydex.com/pokemon/me2pt5-83/small	https://assets.tcgdex.net/ja/SV/SV2P/016/low.webp	0.35	dex+hp+rarity (2 candidates)
me2pt5-138	Vullaby	벌차이	SV11B-063	バルチャイ	Common	Common	https://images.scrydex.com/pokemon/me2pt5-138/small		0.35	dex+hp+rarity (2 candidates)
me2pt5-163	Larry's Dunsparce	청목의 노고치	SV9-078	ノコッチ	Common	Common	https://images.scrydex.com/pokemon/me2pt5-163/small	https://assets.tcgdex.net/ja/SV/SV9/078/low.webp	0.35	dex+hp+rarity (2 candidates)
me2pt5-173	Larry's Rufflet	청목의 수리둥보	SV7a-049	ワシボン	Common	Common	https://images.scrydex.com/pokemon/me2pt5-173/small	https://assets.tcgdex.net/ja/SV/SV7a/049/low.webp	0.35	dex+hp+rarity (2 candidates)
me2pt5-276	Pikachu ex	피카츄 ex	SV8-132	ピカチュウex	Special illustration rare	Special Illustration Rare	https://images.scrydex.com/pokemon/me2pt5-276/small		0.35	dex+hp+rarity (2 candidates)
sv10-130	Marnie's Purrloin	마리의 쌔비냥	SV4K-047	チョロネコ	Common	Common	https://images.pokemontcg.io/sv10/130.png	https://assets.tcgdex.net/ja/SV/SV4K/047/low.webp	0.35	dex+hp+rarity (2 candidates)
sv10-132	Marnie's Scraggy	마리의 곤율랭	SV3a-037	ズルッグ	Common	Common	https://images.pokemontcg.io/sv10/132.png	https://assets.tcgdex.net/ja/SV/SV3a/037/low.webp	0.35	dex+hp+rarity (2 candidates)
sv10-133	Marnie's Scrafty	마리의 곤율거니	SV3a-038	ズルズキン	Uncommon	Uncommon	https://images.pokemontcg.io/sv10/133.png	https://assets.tcgdex.net/ja/SV/SV3a/038/low.webp	0.35	dex+hp+rarity (2 candidates)
sv10-142	Steven's Skarmory	성호의 무장조	SV6-072	エアームド	Common	Common	https://images.pokemontcg.io/sv10/142.png	https://assets.tcgdex.net/ja/SV/SV6/072/low.webp	0.35	dex+hp+rarity (2 candidates)
sv10-143	Steven's Beldum	성호의 메탕	SV5M-046	ダンバル	Common	Common	https://images.pokemontcg.io/sv10/143.png		0.35	dex+hp+rarity (2 candidates)
sv9-10	Foongus	깜놀버슬	SV11B-010	タマゲタケ	Common	Common	https://images.pokemontcg.io/sv9/10.png		0.35	dex+hp+rarity (2 candidates)
sv9-19	Nymble	콩알뚜기	SV1a-009	マメバッタ	Common	Common	https://images.pokemontcg.io/sv9/19.png	https://assets.tcgdex.net/ja/SV/SV1a/009/low.webp	0.35	dex+hp+rarity (3 candidates)
sv9-25	Torkoal	코터스	SV5a-014	コータス	Common	Common	https://images.pokemontcg.io/sv9/25.png	https://assets.tcgdex.net/ja/SV/SV5a/014/low.webp	0.35	dex+hp+rarity (2 candidates)
sv9-76	Cubone	탕구리	SV7-048	カラカラ	Common	Common	https://images.pokemontcg.io/sv9/76.png	https://assets.tcgdex.net/ja/SV/SV7/048/low.webp	0.35	dex+hp+rarity (2 candidates)
sv9-88	Toedscool	들눈해	SV1V-010	ノノクラゲ	Common	Common	https://images.pokemontcg.io/sv9/88.png	https://assets.tcgdex.net/ja/SV/SV1V/010/low.webp	0.35	dex+hp+rarity (2 candidates)
sv9-93	Paldean Wooper	팔데아 우파	SV3-067	パルデア ウパー	Common	Common	https://images.pokemontcg.io/sv9/93.png	https://assets.tcgdex.net/ja/SV/SV3/067/low.webp	0.35	dex+hp+rarity (3 candidates)
sv9-109	Cufant	끼리동	SV6a-041	ゾウドウ	Common	Common	https://images.pokemontcg.io/sv9/109.png	https://assets.tcgdex.net/ja/SV/SV6a/041/low.webp	0.35	dex+hp+rarity (2 candidates)
sv9-123	Tropius	트로피우스	SV1a-001	トロピウス	Common	Common	https://images.pokemontcg.io/sv9/123.png	https://assets.tcgdex.net/ja/SV/SV1a/001/low.webp	0.35	dex+hp+rarity (2 candidates)
sv9-125	Minccino	치라미	SV5K-059	チラーミィ	Common	Common	https://images.pokemontcg.io/sv9/125.png	https://assets.tcgdex.net/ja/SV/SV5K/059/low.webp	0.35	dex+hp+rarity (2 candidates)
sv9-131	Skwovet	탐리스	SV1V-061	ホシガリス	Common	Common	https://images.pokemontcg.io/sv9/131.png	https://assets.tcgdex.net/ja/SV/SV1V/061/low.webp	0.35	dex+hp+rarity (2 candidates)
sv9-139	Lechonk	맛보돈	SV3-097	グルトン	Common	Common	https://images.pokemontcg.io/sv9/139.png	https://assets.tcgdex.net/ja/SV/SV3/097/low.webp	0.35	dex+hp+rarity (2 candidates)
sv9-141	Squawkabilly	시비꼬	SV1V-067	イキリンコ	Common	Common	https://images.pokemontcg.io/sv9/141.png	https://assets.tcgdex.net/ja/SV/SV1V/067/low.webp	0.35	dex+hp+rarity (2 candidates)
sv8pt5-1	Exeggcute	아라리	SV2a-102	タマタマ	Common	Common	https://images.pokemontcg.io/sv8pt5/1.png	https://assets.tcgdex.net/ja/SV/SV2a/102/low.webp	0.35	dex+hp+rarity (2 candidates)
sv8pt5-2	Exeggutor	나시	SV2a-103	ナッシー	Uncommon	Uncommon	https://images.pokemontcg.io/sv8pt5/2.png	https://assets.tcgdex.net/ja/SV/SV2a/103/low.webp	0.35	dex+hp+rarity (2 candidates)
sv8pt5-15	Litleo	레오꼬	SV1a-014	シシコ	Common	Common	https://images.pokemontcg.io/sv8pt5/15.png	https://assets.tcgdex.net/ja/SV/SV1a/014/low.webp	0.35	dex+hp+rarity (3 candidates)
sv8pt5-18	Slowpoke	야돈	SV1V-019	ヤドン	Common	Common	https://images.pokemontcg.io/sv8pt5/18.png	https://assets.tcgdex.net/ja/SV/SV1V/019/low.webp	0.35	dex+hp+rarity (2 candidates)
sv8pt5-48	Pupitar	데기라스	SV9-048	サナギラス	Common	Common	https://images.pokemontcg.io/sv8pt5/48.png	https://assets.tcgdex.net/ja/SV/SV9/048/low.webp	0.35	dex+hp+rarity (2 candidates)
sv8pt5-63	Houndoom	헬가	SV1V-018	ヘルガー	Common	Common	https://images.pokemontcg.io/sv8pt5/63.png	https://assets.tcgdex.net/ja/SV/SV1V/018/low.webp	0.35	dex+hp+rarity (2 candidates)
sv8pt5-87	Shaymin	쉐이미	SV5K-006	シェイミ	Uncommon	Uncommon	https://images.pokemontcg.io/sv8pt5/87.png	https://assets.tcgdex.net/ja/SV/SV5K/006/low.webp	0.35	dex+hp+rarity (2 candidates)
sv8-50	Quaxly	꾸왁스	SV1a-027	クワッス	Common	Common	https://images.pokemontcg.io/sv8/50.png	https://assets.tcgdex.net/ja/SV/SV1a/027/low.webp	0.35	dex+hp+rarity (2 candidates)
sv8-55	Iron Bundle	무쇠보따리	SV4M-020	テツノツツミ	Uncommon	Uncommon	https://images.pokemontcg.io/sv8/55.png	https://assets.tcgdex.net/ja/SV/SV4M/020/low.webp	0.35	dex+hp+rarity (2 candidates)
sv8-131	Gholdengo	타부자고	SV7a-038	サーフゴー	Uncommon	Uncommon	https://images.pokemontcg.io/sv8/131.png	https://assets.tcgdex.net/ja/SV/SV7a/038/low.webp	0.35	dex+hp+rarity (2 candidates)
sv8-138	Applin	과사삭벌레	SV6-011	カジッチュ	Common	Common	https://images.pokemontcg.io/sv8/138.png	https://assets.tcgdex.net/ja/SV/SV6/011/low.webp	0.35	dex+hp+rarity (5 candidates)
sv7-9	Grubbin	턱지충이	SV7-007	アゴジムシ	Common	Common	https://images.pokemontcg.io/sv7/9.png	https://assets.tcgdex.net/ja/SV/SV7/007/low.webp	0.35	dex+hp+rarity (3 candidates)
sv7-15	Nymble	콩알뚜기	SV1a-009	マメバッタ	Common	Common	https://images.pokemontcg.io/sv7/15.png	https://assets.tcgdex.net/ja/SV/SV1a/009/low.webp	0.35	dex+hp+rarity (3 candidates)
sv7-17	Toedscool	들눈해	SV1V-010	ノノクラゲ	Common	Common	https://images.pokemontcg.io/sv7/17.png	https://assets.tcgdex.net/ja/SV/SV1V/010/low.webp	0.35	dex+hp+rarity (2 candidates)
sv7-19	Ponyta	포니타	SV9a-013	ポニータ	Common	Common	https://images.pokemontcg.io/sv7/19.png	https://assets.tcgdex.net/ja/SV/SV9a/013/low.webp	0.35	dex+hp+rarity (2 candidates)
sv7-26	Scorbunny	염버니	SV7-016	ヒバニー	Common	Common	https://images.pokemontcg.io/sv7/26.png	https://assets.tcgdex.net/ja/SV/SV7/016/low.webp	0.35	dex+hp+rarity (2 candidates)
sv7-29	Charcadet	카르본	SV1S-011	カルボウ	Common	Common	https://images.pokemontcg.io/sv7/29.png	https://assets.tcgdex.net/ja/SV/SV1S/011/low.webp	0.35	dex+hp+rarity (2 candidates)
sv7-33	Marill	마릴	SV2P-016	マリル	Common	Common	https://images.pokemontcg.io/sv7/33.png	https://assets.tcgdex.net/ja/SV/SV2P/016/low.webp	0.35	dex+hp+rarity (2 candidates)
sv7-63	Comfey	큐아링	SV9-043	リーリエのキュワワー	Common	Common	https://images.pokemontcg.io/sv7/63.png	https://assets.tcgdex.net/ja/SV/SV9/043/low.webp	0.35	dex+hp+rarity (2 candidates)
sv7-70	Greavard	망망이	SV1V-047	ボチ	Common	Common	https://images.pokemontcg.io/sv7/70.png	https://assets.tcgdex.net/ja/SV/SV1V/047/low.webp	0.35	dex+hp+rarity (3 candidates)
sv7-77	Meditite	요가랑	SV7-053	アサナン	Common	Common	https://images.pokemontcg.io/sv7/77.png	https://assets.tcgdex.net/ja/SV/SV7/053/low.webp	0.35	dex+hp+rarity (3 candidates)
sv7-88	Falinks	대여르	SV1a-051	タイレーツ	Common	Common	https://images.pokemontcg.io/sv7/88.png	https://assets.tcgdex.net/ja/SV/SV1a/051/low.webp	0.35	dex+hp+rarity (2 candidates)
sv7-90	Koraidon	코라이돈	SV8-069	コライドン	Uncommon	Uncommon	https://images.pokemontcg.io/sv7/90.png	https://assets.tcgdex.net/ja/SV/SV8/069/low.webp	0.35	dex+hp+rarity (2 candidates)
sv5-26	Ponyta	포니타	SV9a-013	ポニータ	Common	Common	https://images.pokemontcg.io/sv5/26.png	https://assets.tcgdex.net/ja/SV/SV9a/013/low.webp	0.35	dex+hp+rarity (2 candidates)
sv5-89	Rockruff	암멍이	SV9-051	イワンコ	Common	Common	https://images.pokemontcg.io/sv5/89.png	https://assets.tcgdex.net/ja/SV/SV9/051/low.webp	0.35	dex+hp+rarity (2 candidates)
sv4pt5-23	Exeggcute	아라리	SV2a-102	タマタマ	Common	Common	https://images.pokemontcg.io/sv4pt5/23.png	https://assets.tcgdex.net/ja/SV/SV2a/102/low.webp	0.35	dex+hp+rarity (2 candidates)
sv4pt5-34	Cottonee	소미안	SV11W-004	モンメン	Common	Common	https://images.pokemontcg.io/sv4pt5/34.png		0.35	dex+hp+rarity (3 candidates)
sv4pt5-36	Dedenne	데덴네	SV8-055	デデンネ	Common	Common	https://images.pokemontcg.io/sv4pt5/36.png	https://assets.tcgdex.net/ja/SV/SV8/055/low.webp	0.35	dex+hp+rarity (3 candidates)
sv4-23	Fuecoco	뜨아거	SV1a-017	ホゲータ	Common	Common	https://images.pokemontcg.io/sv4/23.png	https://assets.tcgdex.net/ja/SV/SV1a/017/low.webp	0.35	dex+hp+rarity (2 candidates)
sv3-36	Litwick	불켜미	SV11B-015	ヒトモシ	Common	Common	https://images.pokemontcg.io/sv3/36.png		0.35	dex+hp+rarity (2 candidates)
sv3-37	Lampent	램프라	SV11B-016	ランプラー	Common	Common	https://images.pokemontcg.io/sv3/37.png		0.35	dex+hp+rarity (2 candidates)
sv3-58	Wiglett	바다그다	SV1S-019	ウミディグダ	Common	Common	https://images.pokemontcg.io/sv3/58.png	https://assets.tcgdex.net/ja/SV/SV1S/019/low.webp	0.35	dex+hp+rarity (3 candidates)
sv3-59	Wugtrio	바닥트리오	SV1S-020	ウミトリオ	Uncommon	Uncommon	https://images.pokemontcg.io/sv3/59.png	https://assets.tcgdex.net/ja/SV/SV1S/020/low.webp	0.35	dex+hp+rarity (2 candidates)
sv3-63	Magnemite	코일	SV1V-026	コイル	Common	Common	https://images.pokemontcg.io/sv3/63.png	https://assets.tcgdex.net/ja/SV/SV1V/026/low.webp	0.35	dex+hp+rarity (3 candidates)
sv3-64	Magneton	레어코일	SV1V-027	レアコイル	Common	Common	https://images.pokemontcg.io/sv3/64.png	https://assets.tcgdex.net/ja/SV/SV1V/027/low.webp	0.35	dex+hp+rarity (2 candidates)
sv3-75	Tadbulb	빈나두	SV9-029	ナンジャモのズピカ	Common	Common	https://images.pokemontcg.io/sv3/75.png	https://assets.tcgdex.net/ja/SV/SV9/029/low.webp	0.35	dex+hp+rarity (3 candidates)
sv3-81	Clefairy	삐삐	SV6-045	ピッピ	Common	Common	https://images.pokemontcg.io/sv3/81.png	https://assets.tcgdex.net/ja/SV/SV6/045/low.webp	0.35	dex+hp+rarity (2 candidates)
sv3-111	Drilbur	두더류	SV11B-048	モグリュー	Common	Common	https://images.pokemontcg.io/sv3/111.png		0.35	dex+hp+rarity (4 candidates)
sv3-118	Toedscool	들눈해	SV1V-010	ノノクラゲ	Common	Common	https://images.pokemontcg.io/sv3/118.png	https://assets.tcgdex.net/ja/SV/SV1V/010/low.webp	0.35	dex+hp+rarity (2 candidates)
sv3-126	Paldean Wooper	팔데아 우파	SV3-067	パルデア ウパー	Common	Common	https://images.pokemontcg.io/sv3/126.png	https://assets.tcgdex.net/ja/SV/SV3/067/low.webp	0.35	dex+hp+rarity (3 candidates)
sv3-132	Houndour	델빌	SV1V-017	デルビル	Common	Common	https://images.pokemontcg.io/sv3/132.png	https://assets.tcgdex.net/ja/SV/SV1V/017/low.webp	0.35	dex+hp+rarity (3 candidates)
sv3-178	Skwovet	탐리스	SV1V-061	ホシガリス	Common	Common	https://images.pokemontcg.io/sv3/178.png	https://assets.tcgdex.net/ja/SV/SV1V/061/low.webp	0.35	dex+hp+rarity (2 candidates)
sv3-182	Lechonk	맛보돈	SV3-097	グルトン	Common	Common	https://images.pokemontcg.io/sv3/182.png	https://assets.tcgdex.net/ja/SV/SV3/097/low.webp	0.35	dex+hp+rarity (2 candidates)
sv1-3	Shroomish	버섯꼬	SV5M-006	キノココ	Common	Common	https://images.pokemontcg.io/sv1/3.png		0.35	dex+hp+rarity (2 candidates)
sv1-36	Fuecoco	뜨아거	SV1a-017	ホゲータ	Common	Common	https://images.pokemontcg.io/sv1/36.png	https://assets.tcgdex.net/ja/SV/SV1a/017/low.webp	0.35	dex+hp+rarity (2 candidates)
sv1-95	Dedenne	데덴네	SV8-055	デデンネ	Common	Common	https://images.pokemontcg.io/sv1/95.png	https://assets.tcgdex.net/ja/SV/SV8/055/low.webp	0.35	dex+hp+rarity (3 candidates)
sv1-155	Lechonk	맛보돈	SV3-096	グルトン	Common	Common	https://images.pokemontcg.io/sv1/155.png	https://assets.tcgdex.net/ja/SV/SV3/096/low.webp	0.35	dex+hp+rarity (2 candidates)
me55-36	Pikachu	피카츄	SV4a-055	ピカチュウ		Pikachu Rare	https://images.scrydex.com/pokemon/me55-36/small	https://assets.tcgdex.net/ja/SV/SV4a/055/low.webp	0.5	dex+hp+illustrator (2 candidates)
me55-59	Toxtricity	스트린더	SV1V-032	ストリンダー	Uncommon	Common	https://images.scrydex.com/pokemon/me55-59/small	https://assets.tcgdex.net/ja/SV/SV1V/032/low.webp	0.5	dex+hp
me55-85	Lycanroc	루가루암	SV3-062	ルガルガン	Uncommon	Common	https://images.scrydex.com/pokemon/me55-85/small	https://assets.tcgdex.net/ja/SV/SV3/062/low.webp	0.5	dex+hp
me55-94	Scraggy	곤율랭	M2a-109	ズルッグ	None	Common	https://images.scrydex.com/pokemon/me55-94/small		0.5	dex+hp
me55-100	Yveltal	이벨타르	SV6a-035	イベルタル	Uncommon	Rare	https://images.scrydex.com/pokemon/me55-100/small	https://assets.tcgdex.net/ja/SV/SV6a/035/low.webp	0.5	dex+hp
me55-104	Ferrothorn	너트령	M4-061	ナットレイ	Uncommon	Common	https://images.scrydex.com/pokemon/me55-104/small		0.5	dex+hp
me55-114	Kangaskhan	캥카	SV3-090	ガルーラ	Uncommon	Common	https://images.scrydex.com/pokemon/me55-114/small	https://assets.tcgdex.net/ja/SV/SV3/090/low.webp	0.5	dex+hp
me55-125	Maushold	파밀리쥐	SV8-092	イッカネズミ	Uncommon	Common	https://images.scrydex.com/pokemon/me55-125/small	https://assets.tcgdex.net/ja/SV/SV8/092/low.webp	0.5	dex+hp
me55-138	Lycanroc	루가루암	SV3-062	ルガルガン	Uncommon	Illustration Rare	https://images.scrydex.com/pokemon/me55-138/small	https://assets.tcgdex.net/ja/SV/SV3/062/low.webp	0.5	dex+hp
me55-140	Scraggy	곤율랭	M2a-109	ズルッグ	None	Illustration Rare	https://images.scrydex.com/pokemon/me55-140/small		0.5	dex+hp
me55-146	Maushold	파밀리쥐	SV8-092	イッカネズミ	Uncommon	Illustration Rare	https://images.scrydex.com/pokemon/me55-146/small	https://assets.tcgdex.net/ja/SV/SV8/092/low.webp	0.5	dex+hp
me2pt5-5	Erika's Weepinbell	민화의 우츠동	SV2a-070	ウツドン	Common	Uncommon	https://images.scrydex.com/pokemon/me2pt5-5/small	https://assets.tcgdex.net/ja/SV/SV2a/070/low.webp	0.5	dex+hp
me2pt5-6	Erika's Victreebel	민화의 우츠보트	SV2a-071	ウツボット	Uncommon	Rare	https://images.scrydex.com/pokemon/me2pt5-6/small	https://assets.tcgdex.net/ja/SV/SV2a/071/low.webp	0.5	dex+hp
me2pt5-56	Raichu	라이츄	SV5M-024	ライチュウ	Common	Uncommon	https://images.scrydex.com/pokemon/me2pt5-56/small		0.5	dex+hp
me2pt5-124	Haunter	고우스트	M3-048	ゴースト	Common	Uncommon	https://images.scrydex.com/pokemon/me2pt5-124/small		0.5	dex+hp
me2pt5-170	Larry's Staraptor	청목의 찌르호크	SV1S-065	ムクホーク	Uncommon	Rare	https://images.scrydex.com/pokemon/me2pt5-170/small	https://assets.tcgdex.net/ja/SV/SV1S/065/low.webp	0.5	dex+hp
me2pt5-236	Slurpuff	나루림	SV6-052	ペロリーム	Uncommon	Illustration Rare	https://images.scrydex.com/pokemon/me2pt5-236/small	https://assets.tcgdex.net/ja/SV/SV6/052/low.webp	0.5	dex+hp
me2pt5-249	Larry's Staraptor	청목의 찌르호크	SV1S-065	ムクホーク	Uncommon	Illustration Rare	https://images.scrydex.com/pokemon/me2pt5-249/small	https://assets.tcgdex.net/ja/SV/SV1S/065/low.webp	0.5	dex+hp
me2-55	Haunter	고우스트	M3-048	ゴースト	Common	Uncommon	https://images.pokemontcg.io/me2/55.png		0.5	dex+hp
me2-69	Eternatus	무한다이노	SV8-080	ムゲンダイナ	Rare	Uncommon	https://images.pokemontcg.io/me2/69.png	https://assets.tcgdex.net/ja/SV/SV8/080/low.webp	0.5	dex+hp
sv10-131	Marnie's Liepard	마리의 레파르다스	SV4K-048	レパルダス	Common	Uncommon	https://images.pokemontcg.io/sv10/131.png	https://assets.tcgdex.net/ja/SV/SV4K/048/low.webp	0.5	dex+hp
sv9-101	Bombirdier	떨구새	SV2D-056	オトシドリ	Uncommon	Common	https://images.pokemontcg.io/sv9/101.png	https://assets.tcgdex.net/ja/SV/SV2D/056/low.webp	0.5	dex+hp
sv8pt5-39	Aromatisse	프레프티르	M3-035	フレフワン	Uncommon	Common	https://images.pokemontcg.io/sv8pt5/39.png		0.5	dex+hp
sv8pt5-53	Hippowdon	하마돈	M3-039	カバルドン	Uncommon	Common	https://images.pokemontcg.io/sv8pt5/53.png		0.5	dex+hp
sv8-125	Registeel	레지스틸	SVLS-008	レジスチル	None	Uncommon	https://images.pokemontcg.io/sv8/125.png	https://assets.tcgdex.net/ja/SV/SVLS/008/low.webp	0.5	dex+hp
sv7-40	Frogadier	개굴반장	SV5a-024	ゲコガシラ	Common	Uncommon	https://images.pokemontcg.io/sv7/40.png	https://assets.tcgdex.net/ja/SV/SV5a/024/low.webp	0.5	dex+hp
sv7-112	Tauros	켄타로스	SV2a-128	ケンタロス	Uncommon	Common	https://images.pokemontcg.io/sv7/112.png	https://assets.tcgdex.net/ja/SV/SV2a/128/low.webp	0.5	dex+hp
sv7-127	Cyclizar	모토마	SV1V-068	モトトカゲ	Rare	Common	https://images.pokemontcg.io/sv7/127.png	https://assets.tcgdex.net/ja/SV/SV1V/068/low.webp	0.5	dex+hp
sv5-79	Iron Valiant	무쇠무인	SV5M-035	テツノブジン	Rare	Uncommon	https://images.pokemontcg.io/sv5/79.png		0.5	dex+hp
sv4pt5-13	Heat Rotom	히트로토무	SV7-006	カットロトム	Common	Rare	https://images.pokemontcg.io/sv4pt5/13.png	https://assets.tcgdex.net/ja/SV/SV7/006/low.webp	0.5	dex+hp
sv4pt5-24	Exeggutor	나시	SV8-002	ナッシー	Uncommon	Rare	https://images.pokemontcg.io/sv4pt5/24.png	https://assets.tcgdex.net/ja/SV/SV8/002/low.webp	0.5	dex+hp
sv4-74	Deoxys	테오키스	M4-032	デオキシス	Uncommon	Rare	https://images.pokemontcg.io/sv4/74.png		0.5	dex+hp
sv3-14	Dartrix	빼미스로우	SV6a-004	フクスロー	Common	Uncommon	https://images.pokemontcg.io/sv3/14.png	https://assets.tcgdex.net/ja/SV/SV6a/004/low.webp	0.5	dex+hp
sv3-57	Frogadier	개굴반장	SV5a-024	ゲコガシラ	Common	Uncommon	https://images.pokemontcg.io/sv3/57.png	https://assets.tcgdex.net/ja/SV/SV5a/024/low.webp	0.5	dex+hp
sv3-147	Excadrill	몰드류	SV7a-029	ドリュウズ	Common	Uncommon	https://images.pokemontcg.io/sv3/147.png	https://assets.tcgdex.net/ja/SV/SV7a/029/low.webp	0.5	dex+hp
sv1-53	Quaxwell	아꾸왁	SV7a-014	ウェルカモ	Common	Uncommon	https://images.pokemontcg.io/sv1/53.png	https://assets.tcgdex.net/ja/SV/SV7a/014/low.webp	0.5	dex+hp
sv1-54	Quaquaval	웨이니발	SV7a-015	ウェーニバル	Uncommon	Rare	https://images.pokemontcg.io/sv1/54.png	https://assets.tcgdex.net/ja/SV/SV7a/015/low.webp	0.5	dex+hp
sv1-163	Cyclizar	모토마	SV1V-068	モトトカゲ	Rare	Uncommon	https://images.pokemontcg.io/sv1/163.png	https://assets.tcgdex.net/ja/SV/SV1V/068/low.webp	0.5	dex+hp
me55-13	Victini	비크티니	SV5M-019	ビクティニ	Common	Common	https://images.scrydex.com/pokemon/me55-13/small		0.55	dex+hp+rarity
me55-42	Pikachu	피카츄	SV2a-025	ピカチュウ	Common	Pikachu Rare	https://images.scrydex.com/pokemon/me55-42/small	https://assets.tcgdex.net/ja/SV/SV2a/025/low.webp	0.55	dex+hp+damage (2 candidates)
me55-56	Zekrom	제크로무	SV3a-018	ゼクロム	Rare	Rare	https://images.scrydex.com/pokemon/me55-56/small	https://assets.tcgdex.net/ja/SV/SV3a/018/low.webp	0.55	dex+hp+rarity
me55-63	Mewtwo	뮤츠	SV2a-150	ミュウツー	Rare	Rare	https://images.scrydex.com/pokemon/me55-63/small	https://assets.tcgdex.net/ja/SV/SV2a/150/low.webp	0.55	dex+hp+rarity
me55-68	Azumarill	마릴리	SV5K-027	マリルリ	Common	Common	https://images.scrydex.com/pokemon/me55-68/small	https://assets.tcgdex.net/ja/SV/SV5K/027/low.webp	0.55	dex+hp+rarity
me55-76	Xerneas	제르네아스	M1S-046	ゼルネアス	Rare	Rare	https://images.scrydex.com/pokemon/me55-76/small		0.55	dex+hp+rarity
me55-103	Dialga	디아루가	SV7a-042	ディアルガ	Rare	Rare	https://images.scrydex.com/pokemon/me55-103/small	https://assets.tcgdex.net/ja/SV/SV7a/042/low.webp	0.55	dex+hp+rarity
me55-106	Zacian	자시안	M2-039	ザシアン	Rare	Rare	https://images.scrydex.com/pokemon/me55-106/small		0.55	dex+hp+rarity
me55-107	Zamazenta	자마젠타	SV10-075	ザマゼンタ	Rare	Rare	https://images.scrydex.com/pokemon/me55-107/small	https://assets.tcgdex.net/ja/SV/SV10/075/low.webp	0.55	dex+hp+rarity
me55-110	Jangmo-o	짜랑꼬	M6-050	ジャラコ	Common	Common	https://images.scrydex.com/pokemon/me55-110/small		0.55	dex+hp+rarity
me55-119	Snorlax	잠만보	M3-062	カビゴン	Common	Common	https://images.scrydex.com/pokemon/me55-119/small		0.55	dex+hp+rarity
me55-134	Toxtricity	스트린더	M2-089	ストリンダー	Illustration rare	Illustration Rare	https://images.scrydex.com/pokemon/me55-134/small		0.55	dex+hp+rarity
me55-141	Galarian Meowth	가라르 나옹	SV10-109	ロケット団のニャース	Illustration rare	Illustration Rare	https://images.scrydex.com/pokemon/me55-141/small		0.55	dex+hp+rarity
me3-6	Serperior	샤로다	M3-006	ジャローダ	Rare	Rare	https://images.scrydex.com/pokemon/me3-6/small		0.55	dex+hp+rarity
me3-24	Aurorus	아마루르가	M3-023	アマルルガ	Uncommon	Rare	https://images.scrydex.com/pokemon/me3-24/small		0.55	dex+hp+damage (2 candidates)
me3-32	Mawile	입치트	M3-031	クチート	Common	Common	https://images.scrydex.com/pokemon/me3-32/small		0.55	dex+hp+rarity
me3-44	Tyrunt	티고라스	M3-043	チゴラス	Common	Common	https://images.scrydex.com/pokemon/me3-44/small		0.55	dex+hp+rarity
me3-57	Doublade	쌍검킬	M3-056	ニダンギル	Common	Common	https://images.scrydex.com/pokemon/me3-57/small		0.55	dex+hp+rarity
me3-61	Raticate	레트라	M3-060	ラッタ	Uncommon	Uncommon	https://images.scrydex.com/pokemon/me3-61/small		0.55	dex+hp+rarity
me3-98	Doublade	쌍검킬	M3-091	ニダンギル	Illustration rare	Illustration Rare	https://images.scrydex.com/pokemon/me3-98/small		0.55	dex+hp+rarity
me2pt5-1	Erika's Oddish	민화의 뚜벅쵸	SV2a-043	ナゾノクサ	Common	Common	https://images.scrydex.com/pokemon/me2pt5-1/small	https://assets.tcgdex.net/ja/SV/SV2a/043/low.webp	0.55	dex+hp+rarity
me2pt5-4	Erika's Bellsprout	민화의 모다피	SV2a-069	マダツボミ	Common	Common	https://images.scrydex.com/pokemon/me2pt5-4/small	https://assets.tcgdex.net/ja/SV/SV2a/069/low.webp	0.55	dex+hp+rarity
me2pt5-8	Chikorita	치코리타	M1S-003	チコリータ	Common	Common	https://images.scrydex.com/pokemon/me2pt5-8/small		0.55	dex+hp+rarity
me2pt5-20	Charmander	파이리	M2-011	ヒトカゲ	Common	Common	https://images.scrydex.com/pokemon/me2pt5-20/small		0.55	dex+hp+rarity
me2pt5-21	Charmeleon	리자드	SV2a-005	リザード	Uncommon	Uncommon	https://images.scrydex.com/pokemon/me2pt5-21/small	https://assets.tcgdex.net/ja/SV/SV2a/005/low.webp	0.55	dex+hp+rarity
me2pt5-22	Mega Charizard Y ex	메가리자몽 Y ex	M2-013	メガリザードンXex	Double rare	Double Rare	https://images.scrydex.com/pokemon/me2pt5-22/small		0.55	dex+hp+rarity
me2pt5-94	Slurpuff	나루림	SV6-052	ペロリーム	Uncommon	Uncommon	https://images.scrydex.com/pokemon/me2pt5-94/small	https://assets.tcgdex.net/ja/SV/SV6/052/low.webp	0.55	dex+hp+rarity
me2pt5-123	Gastly	고오스	M3-047	ゴース	Common	Common	https://images.scrydex.com/pokemon/me2pt5-123/small		0.55	dex+hp+rarity
me2pt5-125	Mega Gengar ex	메가팬텀 ex	M2a-230	メガゲンガーex	Ultra Rare	Double Rare	https://images.scrydex.com/pokemon/me2pt5-125/small		0.55	dex+hp+damage (2 candidates)
me2pt5-144	Mawile	입치트	SV3-078	クチート	Uncommon	Uncommon	https://images.scrydex.com/pokemon/me2pt5-144/small	https://assets.tcgdex.net/ja/SV/SV3/078/low.webp	0.55	dex+hp+rarity
me2pt5-162	Team Rocket's Kangaskhan ex	로켓단의 캥카 ex	SV2a-115	ガルーラex	Double rare	Double Rare	https://images.scrydex.com/pokemon/me2pt5-162/small	https://assets.tcgdex.net/ja/SV/SV2a/115/low.webp	0.55	dex+hp+rarity
me2pt5-165	Skitty	에나비	SV5M-055	エネコ	Common	Common	https://images.scrydex.com/pokemon/me2pt5-165/small		0.55	dex+hp+rarity
me2pt5-168	Larry's Starly	청목의 찌르꼬	SV1S-063	ムックル	Common	Common	https://images.scrydex.com/pokemon/me2pt5-168/small	https://assets.tcgdex.net/ja/SV/SV1S/063/low.webp	0.55	dex+hp+rarity
me2pt5-174	Larry's Braviary	청목의 워글	SV7a-050	ウォーグル	Uncommon	Uncommon	https://images.scrydex.com/pokemon/me2pt5-174/small	https://assets.tcgdex.net/ja/SV/SV7a/050/low.webp	0.55	dex+hp+rarity
me2pt5-218	Erika's Tangela	민화의 덩쿠리	SV2a-178	モンジャラ	Illustration rare	Illustration Rare	https://images.scrydex.com/pokemon/me2pt5-218/small	https://assets.tcgdex.net/ja/SV/SV2a/178/low.webp	0.55	dex+hp+rarity
me2pt5-231	Iono's Wattrel	모야모의 찌리비	SV9-031	ナンジャモのカイデン	Common	Illustration Rare	https://images.scrydex.com/pokemon/me2pt5-231/small	https://assets.tcgdex.net/ja/SV/SV9/031/low.webp	0.55	dex+hp+damage (3 candidates)
me2pt5-294	Mega Charizard Y ex	메가리자몽 Y ex	M2-116	メガリザードンXex	Mega Hyper Rare	Mega Hyper Rare	https://images.scrydex.com/pokemon/me2pt5-294/small		0.55	dex+hp+rarity
me2-13	Mega Charizard X ex	메가리자몽 X ex	M2a-223	メガリザードンXex	Ultra Rare	Double Rare	https://images.pokemontcg.io/me2/13.png		0.55	dex+hp+damage (2 candidates)
me2-41	Mega Diancie ex	메가디안시 ex	M2a-227	メガディアンシーex	Ultra Rare	Double Rare	https://images.pokemontcg.io/me2/41.png		0.55	dex+hp+damage (2 candidates)
me2-54	Gastly	고오스	M3-047	ゴース	Common	Common	https://images.pokemontcg.io/me2/54.png		0.55	dex+hp+rarity
me2-56	Mega Gengar ex	메가팬텀 ex	M2a-230	メガゲンガーex	Ultra Rare	Double Rare	https://images.pokemontcg.io/me2/56.png		0.55	dex+hp+damage (2 candidates)
me2-57	Murkrow	니로우	SV2P-045	ヤミカラス	Common	Common	https://images.pokemontcg.io/me2/57.png	https://assets.tcgdex.net/ja/SV/SV2P/045/low.webp	0.55	dex+hp+rarity
me2-58	Honchkrow	돈크로우	SV2P-046	ドンカラス	Uncommon	Uncommon	https://images.pokemontcg.io/me2/58.png	https://assets.tcgdex.net/ja/SV/SV2P/046/low.webp	0.55	dex+hp+rarity
me2-59	Sableye	깜까미	M6-046	ヤミラミ	Common	Common	https://images.pokemontcg.io/me2/59.png		0.55	dex+hp+rarity
me2-63	Absol	앱솔	SV6a-030	アブソル	Common	Common	https://images.pokemontcg.io/me2/63.png	https://assets.tcgdex.net/ja/SV/SV6a/030/low.webp	0.55	dex+hp+rarity
me2-125	Mega Charizard X ex	메가리자몽 X ex	M2a-223	メガリザードンXex	Ultra Rare	Special Illustration Rare	https://images.pokemontcg.io/me2/125.png		0.55	dex+hp+damage (2 candidates)
me2-130	Mega Charizard X ex	메가리자몽 X ex	M2a-223	メガリザードンXex	Ultra Rare	Mega Hyper Rare	https://images.pokemontcg.io/me2/130.png		0.55	dex+hp+damage (2 candidates)
me1-94	Mega Mawile ex	메가입치트 ex	M1L-046	メガクチートex	Double rare	Double Rare	https://images.pokemontcg.io/me1/94.png		0.55	dex+hp+rarity
me1-103	Fearow	깨비드릴조	M1L-053	オニドリル	Common	Common	https://images.pokemontcg.io/me1/103.png		0.55	dex+hp+rarity
me1-108	Lopunny	이어롭	M1S-054	ミミロップ	Common	Common	https://images.pokemontcg.io/me1/108.png		0.55	dex+hp+rarity
me1-158	Mega Manectric ex	메가썬더볼트 ex	M1S-032	メガライボルトex	Double rare	Ultra Rare	https://images.pokemontcg.io/me1/158.png		0.55	dex+hp+damage (2 candidates)
me1-162	Mega Mawile ex	메가입치트 ex	M1L-080	メガクチートex	Ultra Rare	Ultra Rare	https://images.pokemontcg.io/me1/162.png		0.55	dex+hp+rarity
me1-163	Mega Latias ex	메가라티아스 ex	M1S-049	メガラティアスex	Double rare	Ultra Rare	https://images.pokemontcg.io/me1/163.png		0.55	dex+hp+damage (3 candidates)
me1-164	Mega Kangaskhan ex	메가캥카 ex	M1S-051	メガガルーラex	Double rare	Ultra Rare	https://images.pokemontcg.io/me1/164.png		0.55	dex+hp+damage (3 candidates)
rsv10pt5-3	Leavanny	모아머	SV11W-003	ハハコモリ	Uncommon	Uncommon	https://images.pokemontcg.io/rsv10pt5/3.png		0.55	dex+hp+illustrator+rarity (2 candidates)
rsv10pt5-165	Whimsicott ex	엘풍 ex	SV11W-005	エルフーンex	Double rare	Special Illustration Rare	https://images.pokemontcg.io/rsv10pt5/165.png		0.55	dex+hp+damage (2 candidates)
sv10-84	Steven's Claydol	성호의 점토도리	M4-047	ネンドール	Uncommon	Uncommon	https://images.pokemontcg.io/sv10/84.png		0.55	dex+hp+rarity
sv10-134	Marnie's Impidimp	마리의 메롱꿍	SV7-064	ベロバー	Common	Common	https://images.pokemontcg.io/sv10/134.png	https://assets.tcgdex.net/ja/SV/SV7/064/low.webp	0.55	dex+hp+rarity
sv10-183	Yanma	왕자리	SV9a-002	ヤンヤンマ	Common	Illustration Rare	https://images.pokemontcg.io/sv10/183.png	https://assets.tcgdex.net/ja/SV/SV9a/002/low.webp	0.55	dex+hp+damage (3 candidates)
sv10-184	Cynthia's Roserade	난천의 로즈레이드	SV9a-005	シロナのロズレイド	Rare	Illustration Rare	https://images.pokemontcg.io/sv10/184.png	https://assets.tcgdex.net/ja/SV/SV9a/005/low.webp	0.55	dex+hp+damage (3 candidates)
sv10-185	Shaymin	쉐이미	SV9a-006	シェイミ	Uncommon	Illustration Rare	https://images.pokemontcg.io/sv10/185.png	https://assets.tcgdex.net/ja/SV/SV9a/006/low.webp	0.55	dex+hp+damage (3 candidates)
sv10-186	Crustle	암팰리스	SV9a-008	イワパレス	Rare	Illustration Rare	https://images.pokemontcg.io/sv10/186.png	https://assets.tcgdex.net/ja/SV/SV9a/008/low.webp	0.55	dex+hp+damage (3 candidates)
sv10-188	Hydrapple	과미드라	SV9a-011	カミツオロチ	Rare	Illustration Rare	https://images.pokemontcg.io/sv10/188.png	https://assets.tcgdex.net/ja/SV/SV9a/011/low.webp	0.55	dex+hp+damage (2 candidates)
sv10-189	Rapidash	날쌩마	SV9a-014	ギャロップ	Uncommon	Illustration Rare	https://images.pokemontcg.io/sv10/189.png	https://assets.tcgdex.net/ja/SV/SV9a/014/low.webp	0.55	dex+hp+damage (2 candidates)
sv10-190	Ethan's Typhlosion	심향의 블레이범	SV9a-017	ヒビキのバクフーン	Rare	Illustration Rare	https://images.pokemontcg.io/sv10/190.png	https://assets.tcgdex.net/ja/SV/SV9a/017/low.webp	0.55	dex+hp+damage (2 candidates)
sv10-193	Misty's Psyduck	이슬의 고라파덕	SV9a-022	カスミのコダック	Uncommon	Illustration Rare	https://images.pokemontcg.io/sv10/193.png	https://assets.tcgdex.net/ja/SV/SV9a/022/low.webp	0.55	dex+hp+damage (2 candidates)
sv10-194	Misty's Lapras	이슬의 라프라스	SV9a-027	カスミのラプラス	Common	Illustration Rare	https://images.pokemontcg.io/sv10/194.png	https://assets.tcgdex.net/ja/SV/SV9a/027/low.webp	0.55	dex+hp+damage (2 candidates)
sv10-196	Electrike	썬더라이	SV9a-037	ラクライ	Common	Illustration Rare	https://images.pokemontcg.io/sv10/196.png	https://assets.tcgdex.net/ja/SV/SV9a/037/low.webp	0.55	dex+hp+damage (2 candidates)
sv10-197	Rotom	로토무	SV9a-039	ロトム	Common	Illustration Rare	https://images.pokemontcg.io/sv10/197.png	https://assets.tcgdex.net/ja/SV/SV9a/039/low.webp	0.55	dex+hp+damage (2 candidates)
sv10-205	Arven's Greedent	페퍼의 요씽리스	SV9a-055	ペパーのヨクバリス	Rare	Illustration Rare	https://images.pokemontcg.io/sv10/205.png	https://assets.tcgdex.net/ja/SV/SV9a/055/low.webp	0.55	dex+hp+damage (2 candidates)
sv10-240	Team Rocket's Mewtwo ex	로켓단의 뮤츠 ex	SV10-039	ロケット団のミュウツーex	Double rare	Hyper Rare	https://images.pokemontcg.io/sv10/240.png	https://assets.tcgdex.net/ja/SV/SV10/039/low.webp	0.55	dex+hp+damage (6 candidates)
sv10-242	Team Rocket's Crobat ex	로켓단의 크로뱃 ex	SV10-066	ロケット団のクロバットex	Double rare	Hyper Rare	https://images.pokemontcg.io/sv10/242.png	https://assets.tcgdex.net/ja/SV/SV10/066/low.webp	0.55	dex+hp+damage (5 candidates)
sv9-28	Larvesta	활화르바	SV1a-012	メラルバ	Common	Common	https://images.pokemontcg.io/sv9/28.png	https://assets.tcgdex.net/ja/SV/SV1a/012/low.webp	0.55	dex+hp+rarity
sv9-39	Pelipper	패리퍼	SV2P-059	ペリッパー	Uncommon	Uncommon	https://images.pokemontcg.io/sv9/39.png	https://assets.tcgdex.net/ja/SV/SV2P/059/low.webp	0.55	dex+hp+rarity
sv9-50	Togedemaru	토게데마루	M2-061	トゲデマル	Common	Common	https://images.pokemontcg.io/sv9/50.png		0.55	dex+hp+rarity
sv9-57	Alolan Marowak	알로라 텅구리	SV7-049	ガラガラ	Uncommon	Uncommon	https://images.pokemontcg.io/sv9/57.png	https://assets.tcgdex.net/ja/SV/SV7/049/low.webp	0.55	dex+hp+rarity
sv9-67	Lillie's Ribombee	릴리에의 에리본	SV9-042	リーリエのアブリボン	Uncommon	Rare	https://images.pokemontcg.io/sv9/67.png	https://assets.tcgdex.net/ja/SV/SV9/042/low.webp	0.55	dex+hp+damage (2 candidates)
sv9-70	Dhelmise	타타륜	SV7a-004	ダダリン	Common	Common	https://images.pokemontcg.io/sv9/70.png	https://assets.tcgdex.net/ja/SV/SV7a/004/low.webp	0.55	dex+hp+rarity
sv9-71	Impidimp	메롱꿍	SV7-064	ベロバー	Common	Common	https://images.pokemontcg.io/sv9/71.png	https://assets.tcgdex.net/ja/SV/SV7/064/low.webp	0.55	dex+hp+rarity
sv9-72	Morgrem	쏘겨모	SV7-065	ギモー	Common	Common	https://images.pokemontcg.io/sv9/72.png	https://assets.tcgdex.net/ja/SV/SV7/065/low.webp	0.55	dex+hp+rarity
sv9-73	Grimmsnarl	오롱털	SV7-066	オーロンゲ	Uncommon	Uncommon	https://images.pokemontcg.io/sv9/73.png	https://assets.tcgdex.net/ja/SV/SV7/066/low.webp	0.55	dex+hp+rarity
sv9-100	Lokix	엑스레그	M2-010	エクスレッグ	Uncommon	Uncommon	https://images.pokemontcg.io/sv9/100.png		0.55	dex+hp+rarity
sv9-126	Cinccino	치라치노	SV11B-078	チラチーノ	Uncommon	Uncommon	https://images.pokemontcg.io/sv9/126.png		0.55	dex+hp+rarity
sv9-132	Greedent	요씽리스	SV1V-062	ヨクバリス	Uncommon	Uncommon	https://images.pokemontcg.io/sv9/132.png	https://assets.tcgdex.net/ja/SV/SV1V/062/low.webp	0.55	dex+hp+rarity
sv9-160	Maractus	마라카치	SV9-006	マラカッチ	Uncommon	Illustration Rare	https://images.pokemontcg.io/sv9/160.png	https://assets.tcgdex.net/ja/SV/SV9/006/low.webp	0.55	dex+hp+damage (2 candidates)
sv9-161	Articuno	프리져	SV9-018	フリーザー	Uncommon	Illustration Rare	https://images.pokemontcg.io/sv9/161.png	https://assets.tcgdex.net/ja/SV/SV9/018/low.webp	0.55	dex+hp+damage (2 candidates)
sv9-163	Iono's Kilowattrel	모야모의 찌리비크	SV9-032	ナンジャモのタイカイデン	Rare	Illustration Rare	https://images.pokemontcg.io/sv9/163.png	https://assets.tcgdex.net/ja/SV/SV9/032/low.webp	0.55	dex+hp+damage (3 candidates)
sv9-164	Lillie's Ribombee	릴리에의 에리본	SV9-042	リーリエのアブリボン	Uncommon	Illustration Rare	https://images.pokemontcg.io/sv9/164.png	https://assets.tcgdex.net/ja/SV/SV9/042/low.webp	0.55	dex+hp+damage (2 candidates)
sv9-165	Swinub	꾸꾸리	SV9-044	ウリムー	Common	Illustration Rare	https://images.pokemontcg.io/sv9/165.png	https://assets.tcgdex.net/ja/SV/SV9/044/low.webp	0.55	dex+hp+damage (2 candidates)
sv9-167	N's Reshiram	N의 레시라무	SV9-074	Nのレシラム	Rare	Illustration Rare	https://images.pokemontcg.io/sv9/167.png	https://assets.tcgdex.net/ja/SV/SV9/074/low.webp	0.55	dex+hp+damage (3 candidates)
sv9-168	Furret	다꼬리	SV9-077	オオタチ	Common	Illustration Rare	https://images.pokemontcg.io/sv9/168.png	https://assets.tcgdex.net/ja/SV/SV9/077/low.webp	0.55	dex+hp+damage (2 candidates)
sv9-169	Noibat	음뱃	SV9-080	オンバット	Common	Illustration Rare	https://images.pokemontcg.io/sv9/169.png	https://assets.tcgdex.net/ja/SV/SV9/080/low.webp	0.55	dex+hp+damage (2 candidates)
sv9-170	Hop's Wooloo	호브의 우르	SV9-085	ホップのウールー	Common	Illustration Rare	https://images.pokemontcg.io/sv9/170.png	https://assets.tcgdex.net/ja/SV/SV9/085/low.webp	0.55	dex+hp+damage (3 candidates)
sv9-172	Iono's Bellibolt ex	모야모의 찌리배리 ex	M2a-057	ナンジャモのハラバリーex	Double rare	Ultra Rare	https://images.pokemontcg.io/sv9/172.png		0.55	dex+hp+damage (2 candidates)
sv9-175	N's Zoroark ex	N의 조로아크 ex	M2a-112	Nのゾロアークex	Double rare	Ultra Rare	https://images.pokemontcg.io/sv9/175.png		0.55	dex+hp+damage (2 candidates)
sv9-188	Iono's Bellibolt ex	모야모의 찌리배리 ex	M2a-057	ナンジャモのハラバリーex	Double rare	Hyper Rare	https://images.pokemontcg.io/sv9/188.png		0.55	dex+hp+damage (2 candidates)
sv9-189	N's Zoroark ex	N의 조로아크 ex	M2a-112	Nのゾロアークex	Double rare	Hyper Rare	https://images.pokemontcg.io/sv9/189.png		0.55	dex+hp+damage (2 candidates)
sv8pt5-4	Budew	꼬몽울	SV8a-001	スボミー	None	Common	https://images.pokemontcg.io/sv8pt5/4.png	https://assets.tcgdex.net/ja/SV/SV8a/001/low.webp	0.55	dex+hp+damage (3 candidates)
sv8pt5-5	Leafeon	리피아	SV5a-006	リーフィア	Uncommon	Rare	https://images.pokemontcg.io/sv8pt5/5.png	https://assets.tcgdex.net/ja/SV/SV5a/006/low.webp	0.55	dex+hp+damage (2 candidates)
sv8pt5-16	Pyroar	화염레오	SV1a-015	カエンジシ	Uncommon	Uncommon	https://images.pokemontcg.io/sv8pt5/16.png	https://assets.tcgdex.net/ja/SV/SV1a/015/low.webp	0.55	dex+hp+rarity
sv8pt5-25	Glaceon	글레이시아	SV5a-021	グレイシア	Uncommon	Rare	https://images.pokemontcg.io/sv8pt5/25.png	https://assets.tcgdex.net/ja/SV/SV5a/021/low.webp	0.55	dex+hp+damage (2 candidates)
sv8pt5-33	Espeon	에브이	SV3-046	エーフィ	Uncommon	Rare	https://images.pokemontcg.io/sv8pt5/33.png	https://assets.tcgdex.net/ja/SV/SV3/046/low.webp	0.55	dex+hp+damage (2 candidates)
sv8pt5-50	Riolu	리오르	SV1S-040	リオル	Common	Common	https://images.pokemontcg.io/sv8pt5/50.png	https://assets.tcgdex.net/ja/SV/SV1S/040/low.webp	0.55	dex+hp+rarity
sv8pt5-59	Umbreon	블래키	SV3-070	ブラッキー	Uncommon	Rare	https://images.pokemontcg.io/sv8pt5/59.png	https://assets.tcgdex.net/ja/SV/SV3/070/low.webp	0.55	dex+hp+damage (2 candidates)
sv8pt5-66	Bronzor	동미러	SV2P-050	ドーミラー	Common	Common	https://images.pokemontcg.io/sv8pt5/66.png	https://assets.tcgdex.net/ja/SV/SV2P/050/low.webp	0.55	dex+hp+rarity
sv8pt5-67	Bronzong	동탁군	M5-062	ドータクン	Uncommon	Uncommon	https://images.pokemontcg.io/sv8pt5/67.png		0.55	dex+hp+rarity
sv8pt5-69	Duraludon	두랄루돈	SV8a-112	ジュラルドン	None	Common	https://images.pokemontcg.io/sv8pt5/69.png	https://assets.tcgdex.net/ja/SV/SV8a/112/low.webp	0.55	dex+hp+damage (2 candidates)
sv8pt5-74	Eevee	이브이	SV8a-125	イーブイ	None	Common	https://images.pokemontcg.io/sv8pt5/74.png	https://assets.tcgdex.net/ja/SV/SV8a/125/low.webp	0.55	dex+hp+damage (2 candidates)
sv8pt5-88	Furfrou	트리미앙	SV6a-051	トリミアン	Common	Common	https://images.pokemontcg.io/sv8pt5/88.png	https://assets.tcgdex.net/ja/SV/SV6a/051/low.webp	0.55	dex+hp+rarity
sv8pt5-90	Noibat	음뱃	SV9-080	オンバット	Common	Common	https://images.pokemontcg.io/sv8pt5/90.png	https://assets.tcgdex.net/ja/SV/SV9/080/low.webp	0.55	dex+hp+rarity
sv8pt5-151	Palafin ex	돌핀맨 ex	SV6-036	イルカマンex	Double rare	Special Illustration Rare	https://images.pokemontcg.io/sv8pt5/151.png	https://assets.tcgdex.net/ja/SV/SV6/036/low.webp	0.55	dex+hp+damage (2 candidates)
sv8pt5-165	Dragapult ex	드래펄트 ex	SV6-081	ドラパルトex	Double rare	Special Illustration Rare	https://images.pokemontcg.io/sv8pt5/165.png	https://assets.tcgdex.net/ja/SV/SV6/081/low.webp	0.55	dex+hp+damage (3 candidates)
sv8pt5-177	Teal Mask Ogerpon ex	오거폰 벽록의 가면 ex	SV6-016	オーガポン みどりのめんex	Double rare	Hyper Rare	https://images.pokemontcg.io/sv8pt5/177.png	https://assets.tcgdex.net/ja/SV/SV6/016/low.webp	0.55	dex+hp+damage (5 candidates)
sv8pt5-179	Pikachu ex	피카츄 ex	SV8-033	ピカチュウex	Double rare	Hyper Rare	https://images.pokemontcg.io/sv8pt5/179.png	https://assets.tcgdex.net/ja/SV/SV8/033/low.webp	0.55	dex+hp+damage (6 candidates)
sv8-9	Shiinotic	마셰이드	SV7a-003	マシェード	Uncommon	Uncommon	https://images.pokemontcg.io/sv8/9.png	https://assets.tcgdex.net/ja/SV/SV7a/003/low.webp	0.55	dex+hp+rarity
sv8-11	Zarude	자루도	SV7a-005	ザルード	Rare	Rare	https://images.pokemontcg.io/sv8/11.png	https://assets.tcgdex.net/ja/SV/SV7a/005/low.webp	0.55	dex+hp+rarity
sv8-19	Ho-Oh	칠색조	M4-010	ホウオウ	Uncommon	Uncommon	https://images.pokemontcg.io/sv8/19.png		0.55	dex+hp+rarity
sv8-32	Charcadet	카르본	SVLS-005	カルボウ	None	Common	https://images.pokemontcg.io/sv8/32.png	https://assets.tcgdex.net/ja/SV/SVLS/005/low.webp	0.55	dex+hp+damage (2 candidates)
sv8-38	Gouging Fire	꿰뚫는화염	SV7a-009	ウガツホムラ	Rare	Rare	https://images.pokemontcg.io/sv8/38.png	https://assets.tcgdex.net/ja/SV/SV7a/009/low.webp	0.55	dex+hp+rarity
sv8-48	Black Kyurem ex	블랙큐레무 ex	SV11B-031	キュレムex	Double rare	Double Rare	https://images.pokemontcg.io/sv8/48.png		0.55	dex+hp+rarity
sv8-92	Tapu Lele	카푸나비나	SV7a-021	カプ・テテフ	Rare	Rare	https://images.pokemontcg.io/sv8/92.png	https://assets.tcgdex.net/ja/SV/SV7a/021/low.webp	0.55	dex+hp+rarity
sv8-109	Excadrill	몰드류	SV7a-029	ドリュウズ	Common	Common	https://images.pokemontcg.io/sv8/109.png	https://assets.tcgdex.net/ja/SV/SV7a/029/low.webp	0.55	dex+hp+rarity
sv8-132	Iron Crown	무쇠감투	SV7a-039	テツノカシラ	Rare	Rare	https://images.pokemontcg.io/sv8/132.png	https://assets.tcgdex.net/ja/SV/SV7a/039/low.webp	0.55	dex+hp+rarity
sv8-143	Eevee	이브이	SV8a-125	イーブイ	None	Common	https://images.pokemontcg.io/sv8/143.png	https://assets.tcgdex.net/ja/SV/SV8a/125/low.webp	0.55	dex+hp+damage (2 candidates)
sv8-192	Exeggcute	아라리	SV7a-001	タマタマ	Common	Illustration Rare	https://images.pokemontcg.io/sv8/192.png	https://assets.tcgdex.net/ja/SV/SV7a/001/low.webp	0.55	dex+hp+damage (2 candidates)
sv8-195	Castform Sunny Form	캐스퐁 태양의 모습	SV7a-006	ポワルン たいようのすがた	Common	Illustration Rare	https://images.pokemontcg.io/sv8/195.png	https://assets.tcgdex.net/ja/SV/SV7a/006/low.webp	0.55	dex+hp+damage (2 candidates)
sv8-200	Bruxish	치갈기	SV7a-012	ハギギシリ	Uncommon	Illustration Rare	https://images.pokemontcg.io/sv8/200.png	https://assets.tcgdex.net/ja/SV/SV7a/012/low.webp	0.55	dex+hp+damage (2 candidates)
sv8-201	Cetitan	우락고래	SV7a-017	ハルクジラ	Common	Illustration Rare	https://images.pokemontcg.io/sv8/201.png	https://assets.tcgdex.net/ja/SV/SV7a/017/low.webp	0.55	dex+hp+damage (2 candidates)
sv8-203	Latios	라티오스	SV7a-020	ラティオス	Uncommon	Illustration Rare	https://images.pokemontcg.io/sv8/203.png	https://assets.tcgdex.net/ja/SV/SV7a/020/low.webp	0.55	dex+hp+damage (2 candidates)
sv8-206	Vibrava	비브라바	SV7a-026	ビブラーバ	Common	Illustration Rare	https://images.pokemontcg.io/sv8/206.png	https://assets.tcgdex.net/ja/SV/SV7a/026/low.webp	0.55	dex+hp+damage (2 candidates)
sv8-207	Clobbopus	때때무노	SV7a-032	タタッコ	Common	Illustration Rare	https://images.pokemontcg.io/sv8/207.png	https://assets.tcgdex.net/ja/SV/SV7a/032/low.webp	0.55	dex+hp+damage (2 candidates)
sv8-209	Skarmory	무장조	SV7a-034	エアームド	Common	Illustration Rare	https://images.pokemontcg.io/sv8/209.png	https://assets.tcgdex.net/ja/SV/SV7a/034/low.webp	0.55	dex+hp+damage (2 candidates)
sv8-210	Flapple	애프룡	SV7a-046	アップリュー	Uncommon	Illustration Rare	https://images.pokemontcg.io/sv8/210.png	https://assets.tcgdex.net/ja/SV/SV7a/046/low.webp	0.55	dex+hp+damage (2 candidates)
sv8-211	Appletun	단지래플	SV7a-047	タルップル	Uncommon	Illustration Rare	https://images.pokemontcg.io/sv8/211.png	https://assets.tcgdex.net/ja/SV/SV7a/047/low.webp	0.55	dex+hp+damage (2 candidates)
sv8-214	Braviary	워글	SV7a-050	ウォーグル	Uncommon	Illustration Rare	https://images.pokemontcg.io/sv8/214.png	https://assets.tcgdex.net/ja/SV/SV7a/050/low.webp	0.55	dex+hp+damage (2 candidates)
sv8-218	Black Kyurem ex	블랙큐레무 ex	SV11B-160	キュレムex	Ultra Rare	Ultra Rare	https://images.pokemontcg.io/sv8/218.png		0.55	dex+hp+rarity
sv8-247	Pikachu ex	피카츄 ex	SV8-033	ピカチュウex	Double rare	Hyper Rare	https://images.pokemontcg.io/sv8/247.png	https://assets.tcgdex.net/ja/SV/SV8/033/low.webp	0.55	dex+hp+damage (6 candidates)
sv7-18	Toedscruel	육파리	SV9a-048	ペパーのリククラゲ	Uncommon	Uncommon	https://images.pokemontcg.io/sv7/18.png	https://assets.tcgdex.net/ja/SV/SV9a/048/low.webp	0.55	dex+hp+rarity
sv7-34	Azumarill	마릴리	SV2P-017	マリルリ	Uncommon	Uncommon	https://images.pokemontcg.io/sv7/34.png	https://assets.tcgdex.net/ja/SV/SV2P/017/low.webp	0.55	dex+hp+rarity
sv7-39	Froakie	개구마르	SV5a-023	ケロマツ	Common	Common	https://images.pokemontcg.io/sv7/39.png	https://assets.tcgdex.net/ja/SV/SV5a/023/low.webp	0.55	dex+hp+rarity
sv7-44	Drednaw	갈가부기	SV7-026	カジリガメ	Rare	Rare	https://images.pokemontcg.io/sv7/44.png	https://assets.tcgdex.net/ja/SV/SV7/026/low.webp	0.55	dex+hp+rarity
sv7-68	Flittle	하느라기	SV4M-032	ヒラヒナ	Common	Common	https://images.pokemontcg.io/sv7/68.png	https://assets.tcgdex.net/ja/SV/SV4M/032/low.webp	0.55	dex+hp+rarity
sv7-73	Marowak	텅구리	SV7-049	ガラガラ	Uncommon	Uncommon	https://images.pokemontcg.io/sv7/73.png	https://assets.tcgdex.net/ja/SV/SV7/049/low.webp	0.55	dex+hp+rarity
sv7-81	Riolu	리오르	SV1S-040	リオル	Common	Common	https://images.pokemontcg.io/sv7/81.png	https://assets.tcgdex.net/ja/SV/SV1S/040/low.webp	0.55	dex+hp+rarity
sv7-84	Mienshao	비조도	SV7-056	コジョンド	Uncommon	Uncommon	https://images.pokemontcg.io/sv7/84.png	https://assets.tcgdex.net/ja/SV/SV7/056/low.webp	0.55	dex+hp+rarity
sv7-92	Swalot	꿀꺽몬	SV7-062	マルノーム	Uncommon	Uncommon	https://images.pokemontcg.io/sv7/92.png	https://assets.tcgdex.net/ja/SV/SV7/062/low.webp	0.55	dex+hp+rarity
sv7-97	Bombirdier	떨구새	M5-069	オトシドリ	Common	Common	https://images.pokemontcg.io/sv7/97.png		0.55	dex+hp+rarity
sv7-106	Duraludon	두랄루돈	SV8a-112	ジュラルドン	None	Common	https://images.pokemontcg.io/sv7/106.png	https://assets.tcgdex.net/ja/SV/SV8a/112/low.webp	0.55	dex+hp+damage (2 candidates)
sv7-108	Varoom	부르롱	SV1S-060	ブロロン	Common	Common	https://images.pokemontcg.io/sv7/108.png	https://assets.tcgdex.net/ja/SV/SV1S/060/low.webp	0.55	dex+hp+rarity
sv7-119	Bouffalant	버프론	SV8a-133	バッフロン	None	Rare	https://images.pokemontcg.io/sv7/119.png	https://assets.tcgdex.net/ja/SV/SV8a/133/low.webp	0.55	dex+hp+damage (3 candidates)
sv7-123	Talonflame	파이어로	SV7-085	ファイアロー	Uncommon	Uncommon	https://images.pokemontcg.io/sv7/123.png	https://assets.tcgdex.net/ja/SV/SV7/085/low.webp	0.55	dex+hp+rarity
sv7-144	Ledian	레디안	SV7-002	レディアン	Rare	Illustration Rare	https://images.pokemontcg.io/sv7/144.png	https://assets.tcgdex.net/ja/SV/SV7/002/low.webp	0.55	dex+hp+damage (2 candidates)
sv7-145	Lileep	릴링	SV7-003	リリーラ	Common	Illustration Rare	https://images.pokemontcg.io/sv7/145.png	https://assets.tcgdex.net/ja/SV/SV7/003/low.webp	0.55	dex+hp+damage (2 candidates)
sv7-146	Turtonator	폭거북스	SV7-015	バクガメス	Common	Illustration Rare	https://images.pokemontcg.io/sv7/146.png	https://assets.tcgdex.net/ja/SV/SV7/015/low.webp	0.55	dex+hp+damage (2 candidates)
sv7-147	Raboot	래비풋	SV7-017	ラビフット	Common	Illustration Rare	https://images.pokemontcg.io/sv7/147.png	https://assets.tcgdex.net/ja/SV/SV7/017/low.webp	0.55	dex+hp+damage (2 candidates)
sv7-149	Crabominable	모단단게	SV7-024	ケケンカニ	Uncommon	Illustration Rare	https://images.pokemontcg.io/sv7/149.png	https://assets.tcgdex.net/ja/SV/SV7/024/low.webp	0.55	dex+hp+damage (2 candidates)
sv7-150	Joltik	파쪼옥	SV7-032	バチュル	Common	Illustration Rare	https://images.pokemontcg.io/sv7/150.png	https://assets.tcgdex.net/ja/SV/SV7/032/low.webp	0.55	dex+hp+damage (2 candidates)
sv7-152	Milcery	마빌크	SV7-043	マホミル	Common	Illustration Rare	https://images.pokemontcg.io/sv7/152.png	https://assets.tcgdex.net/ja/SV/SV7/043/low.webp	0.55	dex+hp+damage (2 candidates)
sv7-153	Meditite	요가랑	SV7-053	アサナン	Common	Illustration Rare	https://images.pokemontcg.io/sv7/153.png	https://assets.tcgdex.net/ja/SV/SV7/053/low.webp	0.55	dex+hp+damage (2 candidates)
sv7-154	Gulpin	꼴깍몬	SV7-061	ゴクリン	Common	Illustration Rare	https://images.pokemontcg.io/sv7/154.png	https://assets.tcgdex.net/ja/SV/SV7/061/low.webp	0.55	dex+hp+damage (2 candidates)
sv7-155	Archaludon	브리두라스	SV8a-113	ブリジュラス	None	Illustration Rare	https://images.pokemontcg.io/sv7/155.png	https://assets.tcgdex.net/ja/SV/SV8a/113/low.webp	0.55	dex+hp+damage (3 candidates)
sv5-27	Rapidash	날쌩마	SV9a-014	ギャロップ	Uncommon	Uncommon	https://images.pokemontcg.io/sv5/27.png	https://assets.tcgdex.net/ja/SV/SV9a/014/low.webp	0.55	dex+hp+rarity
sv5-58	Yamper	멍파치	M2-030	ワンパチ	Common	Common	https://images.pokemontcg.io/sv5/58.png		0.55	dex+hp+rarity
sv5-73	Elgyem	리그레	SV11B-043	リグレー	Common	Common	https://images.pokemontcg.io/sv5/73.png		0.55	dex+hp+rarity
sv5-77	Scream Tail	우렁찬꼬리	SV4K-032	サケブシッポ	Uncommon	Uncommon	https://images.pokemontcg.io/sv5/77.png	https://assets.tcgdex.net/ja/SV/SV4K/032/low.webp	0.55	dex+hp+rarity
sv5-96	Great Tusk	위대한엄니	SV5K-042	イダイナキバ	Uncommon	Uncommon	https://images.pokemontcg.io/sv5/96.png	https://assets.tcgdex.net/ja/SV/SV5K/042/low.webp	0.55	dex+hp+rarity
sv5-122	Miraidon ex	미라이돈 ex	SV1V-037	ミライドンex	Double rare	Double Rare	https://images.pokemontcg.io/sv5/122.png	https://assets.tcgdex.net/ja/SV/SV1V/037/low.webp	0.55	dex+hp+rarity
sv4pt5-9	Magmar	마그마	SV9-013	ブーバー	Common	Common	https://images.pokemontcg.io/sv4pt5/9.png	https://assets.tcgdex.net/ja/SV/SV9/013/low.webp	0.55	dex+hp+rarity
sv4pt5-35	Whimsicott	엘풍	M2-038	エルフーン	Uncommon	Uncommon	https://images.pokemontcg.io/sv4pt5/35.png		0.55	dex+hp+rarity
sv4pt5-54	Charizard ex	리자몽 ex	SV2a-006	リザードンex	Double rare	Double Rare	https://images.pokemontcg.io/sv4pt5/54.png	https://assets.tcgdex.net/ja/SV/SV2a/006/low.webp	0.55	dex+hp+rarity
sv4pt5-66	Iron Treads ex	무쇠바퀴 ex	SV1V-058	テツノワダチex	Double rare	Double Rare	https://images.pokemontcg.io/sv4pt5/66.png	https://assets.tcgdex.net/ja/SV/SV1V/058/low.webp	0.55	dex+hp+rarity
sv4pt5-234	Charizard ex	리자몽 ex	SV2a-201	リザードンex	Special illustration rare	Special Illustration Rare	https://images.pokemontcg.io/sv4pt5/234.png	https://assets.tcgdex.net/ja/SV/SV2a/201/low.webp	0.55	dex+hp+rarity
sv4-72	Xatu	네이티오	SV4a-079	ネイティオ		Rare	https://images.pokemontcg.io/sv4/72.png	https://assets.tcgdex.net/ja/SV/SV4a/079/low.webp	0.55	dex+hp+damage (3 candidates)
sv3-13	Rowlet	나몰빼미	SV6a-003	モクロー	Common	Common	https://images.pokemontcg.io/sv3/13.png	https://assets.tcgdex.net/ja/SV/SV6a/003/low.webp	0.55	dex+hp+rarity
sv3-15	Decidueye ex	모크나이퍼 ex	M3-012	ジュナイパーex	Double rare	Double Rare	https://images.pokemontcg.io/sv3/15.png		0.55	dex+hp+rarity
sv3-19	Smoliv	미니브	SV1S-005	ミニーブ	Common	Common	https://images.pokemontcg.io/sv3/19.png	https://assets.tcgdex.net/ja/SV/SV1S/005/low.webp	0.55	dex+hp+rarity
sv3-45	Lapras	라프라스	SV2a-131	ラプラス	Uncommon	Uncommon	https://images.pokemontcg.io/sv3/45.png	https://assets.tcgdex.net/ja/SV/SV2a/131/low.webp	0.55	dex+hp+rarity
sv3-56	Froakie	개구마르	M4-020	ケロマツ	Common	Common	https://images.pokemontcg.io/sv3/56.png		0.55	dex+hp+rarity
sv3-65	Magnezone	자포코일	SV8-036	ジバコイル	Uncommon	Uncommon	https://images.pokemontcg.io/sv3/65.png	https://assets.tcgdex.net/ja/SV/SV8/036/low.webp	0.55	dex+hp+rarity
sv3-125	Charizard ex	리자몽 ex	SV2a-006	リザードンex	Double rare	Double Rare	https://images.pokemontcg.io/sv3/125.png	https://assets.tcgdex.net/ja/SV/SV2a/006/low.webp	0.55	dex+hp+rarity
sv3-128	Paldean Clodsire	팔데아 토오	SV3-069	パルデア ドオー	Uncommon	Uncommon	https://images.pokemontcg.io/sv3/128.png	https://assets.tcgdex.net/ja/SV/SV3/069/low.webp	0.55	dex+hp+rarity
sv3-151	Togedemaru	토게데마루	M2-061	トゲデマル	Common	Common	https://images.pokemontcg.io/sv3/151.png		0.55	dex+hp+rarity
sv3-152	Meltan	멜탄	SV7-070	メルタン	Common	Common	https://images.pokemontcg.io/sv3/152.png	https://assets.tcgdex.net/ja/SV/SV7/070/low.webp	0.55	dex+hp+rarity
sv3-156	Revavroom ex	부르르룸 ex	SV6a-015	ブロロロームex	Double rare	Double Rare	https://images.pokemontcg.io/sv3/156.png	https://assets.tcgdex.net/ja/SV/SV6a/015/low.webp	0.55	dex+hp+rarity
sv3-158	Dragonair	신뇽	SV2a-148	ハクリュー	Uncommon	Uncommon	https://images.pokemontcg.io/sv3/158.png	https://assets.tcgdex.net/ja/SV/SV2a/148/low.webp	0.55	dex+hp+rarity
sv3-171	Herdier	하데리어	SV11W-073	ハーデリア	Common	Common	https://images.pokemontcg.io/sv3/171.png		0.55	dex+hp+rarity
sv3-172	Stoutland	바랜드	SV11W-074	ムーランド	Uncommon	Uncommon	https://images.pokemontcg.io/sv3/172.png		0.55	dex+hp+rarity
sv3-173	Audino	다부니	SV11B-076	タブンネ	Common	Common	https://images.pokemontcg.io/sv3/173.png		0.55	dex+hp+rarity
sv3-215	Charizard ex	리자몽 ex	SV2a-185	リザードンex	Ultra Rare	Ultra Rare	https://images.pokemontcg.io/sv3/215.png	https://assets.tcgdex.net/ja/SV/SV2a/185/low.webp	0.55	dex+hp+rarity
sv3-216	Revavroom ex	부르르룸 ex	SV6a-078	ブロロロームex	Ultra Rare	Ultra Rare	https://images.pokemontcg.io/sv3/216.png	https://assets.tcgdex.net/ja/SV/SV6a/078/low.webp	0.55	dex+hp+rarity
sv3-223	Charizard ex	리자몽 ex	SV2a-201	リザードンex	Special illustration rare	Special Illustration Rare	https://images.pokemontcg.io/sv3/223.png	https://assets.tcgdex.net/ja/SV/SV2a/201/low.webp	0.55	dex+hp+rarity
sv2-66	Voltorb	찌리리공	SV9-026	ナンジャモのビリリダマ	Common	Common	https://images.pokemontcg.io/sv2/66.png	https://assets.tcgdex.net/ja/SV/SV9/026/low.webp	0.55	dex+hp+rarity
sv2-72	Pincurchin	찌르성게	M6-026	バチンウニ	Common	Common	https://images.pokemontcg.io/sv2/72.png		0.55	dex+hp+rarity
sv2-74	Pawmi	빠모	SV1V-033	パモ	Common	Common	https://images.pokemontcg.io/sv2/74.png	https://assets.tcgdex.net/ja/SV/SV1V/033/low.webp	0.55	dex+hp+rarity
sv2-79	Bellibolt ex	찌리배리 ex	M2a-057	ナンジャモのハラバリーex	Double rare	Double Rare	https://images.pokemontcg.io/sv2/79.png		0.55	dex+hp+rarity
sv2-217	Tinkatuff	벼리짱	SV4a-095	ナカヌチャン		Illustration Rare	https://images.pokemontcg.io/sv2/217.png	https://assets.tcgdex.net/ja/SV/SV4a/095/low.webp	0.55	dex+hp+damage (3 candidates)
sv2-218	Paldean Tauros	팔데아 켄타로스	SV4a-103	パルデア ケンタロス		Illustration Rare	https://images.pokemontcg.io/sv2/218.png	https://assets.tcgdex.net/ja/SV/SV4a/103/low.webp	0.55	dex+hp+damage (3 candidates)
sv1-13	Sprigatito	나오하	SV1a-005	ニャオハ	Common	Common	https://images.pokemontcg.io/sv1/13.png	https://assets.tcgdex.net/ja/SV/SV1a/005/low.webp	0.55	dex+hp+rarity
sv1-15	Meowscarada	마스카나	SV9-012	マスカーニャ	Rare	Rare	https://images.pokemontcg.io/sv1/15.png	https://assets.tcgdex.net/ja/SV/SV9/012/low.webp	0.55	dex+hp+rarity
sv1-16	Tarountula	타랜툴라	SV1V-006	タマンチュラ	Common	Common	https://images.pokemontcg.io/sv1/16.png	https://assets.tcgdex.net/ja/SV/SV1V/006/low.webp	0.55	dex+hp+rarity
sv1-38	Skeledirge	라우드본	SV8-019	ラウドボーン	Rare	Rare	https://images.pokemontcg.io/sv1/38.png	https://assets.tcgdex.net/ja/SV/SV8/019/low.webp	0.55	dex+hp+rarity
sv1-52	Quaxly	꾸왁스	SV1a-028	クワッス	Common	Common	https://images.pokemontcg.io/sv1/52.png	https://assets.tcgdex.net/ja/SV/SV1a/028/low.webp	0.55	dex+hp+rarity
sv1-66	Mareep	메리프	SV10-034	ロケット団のメリープ	Common	Common	https://images.pokemontcg.io/sv1/66.png	https://assets.tcgdex.net/ja/SV/SV10/034/low.webp	0.55	dex+hp+rarity
sv1-69	Rotom	로토무	SV9a-039	ロトム	Common	Common	https://images.pokemontcg.io/sv1/69.png	https://assets.tcgdex.net/ja/SV/SV9a/039/low.webp	0.55	dex+hp+rarity
sv1-112	Riolu	리오르	SV1S-040	リオル	Common	Common	https://images.pokemontcg.io/sv1/112.png	https://assets.tcgdex.net/ja/SV/SV1S/040/low.webp	0.55	dex+hp+rarity
sv1-121	Stonjourner	돌헨진	M1L-033	イシヘンジン	Uncommon	Uncommon	https://images.pokemontcg.io/sv1/121.png		0.55	dex+hp+rarity
sv1-146	Zangoose	쟝고	SV8-085	ザングース	Common	Common	https://images.pokemontcg.io/sv1/146.png	https://assets.tcgdex.net/ja/SV/SV8/085/low.webp	0.55	dex+hp+rarity
sv1-165	Flamigo	꼬이밍고	SV2D-065	カラミンゴ	Uncommon	Uncommon	https://images.pokemontcg.io/sv1/165.png	https://assets.tcgdex.net/ja/SV/SV2D/065/low.webp	0.55	dex+hp+rarity
sv1-202	Scovillain	스코빌런	SV1V-014	スコヴィラン	Uncommon	Illustration Rare	https://images.pokemontcg.io/sv1/202.png	https://assets.tcgdex.net/ja/SV/SV1V/014/low.webp	0.55	dex+hp+damage (2 candidates)
sv1-208	Pachirisu	파치리스	SV1V-029	パチリス	Uncommon	Illustration Rare	https://images.pokemontcg.io/sv1/208.png	https://assets.tcgdex.net/ja/SV/SV1V/029/low.webp	0.55	dex+hp+damage (4 candidates)
sv1-212	Kirlia	킬리아	SV4a-081	キルリア		Illustration Rare	https://images.pokemontcg.io/sv1/212.png	https://assets.tcgdex.net/ja/SV/SV4a/081/low.webp	0.55	dex+hp+damage (3 candidates)
sv1-243	Spidops ex	트래피더 ex	SV1V-008	ワナイダーex	Double rare	Special Illustration Rare	https://images.pokemontcg.io/sv1/243.png	https://assets.tcgdex.net/ja/SV/SV1V/008/low.webp	0.55	dex+hp+damage (2 candidates)
me3-20	Staryu	별가사리	SV9a-023	カスミのヒトデマン	Common	Common	https://images.scrydex.com/pokemon/me3-20/small	https://assets.tcgdex.net/ja/SV/SV9a/023/low.webp	0.6	dex+hp+damage+rarity (2 candidates)
me3-29	Dedenne	데덴네	SV8-055	デデンネ	Common	Common	https://images.scrydex.com/pokemon/me3-29/small	https://assets.tcgdex.net/ja/SV/SV8/055/low.webp	0.6	dex+hp+damage+rarity (2 candidates)
me1-13	Seedot	도토링	SV5M-003	タネボー	Common	Common	https://images.pokemontcg.io/me1/13.png		0.6	dex+hp+damage+rarity (2 candidates)
me1-55	Kadabra	윤겔라	SV2a-064	ユンゲラー	Uncommon	Uncommon	https://images.pokemontcg.io/me1/55.png	https://assets.tcgdex.net/ja/SV/SV2a/064/low.webp	0.6	dex+hp+damage+rarity (2 candidates)
me1-60	Mega Gardevoir ex	메가가디안 ex	M2a-071	メガサーナイトex	Double rare	Double Rare	https://images.pokemontcg.io/me1/60.png		0.6	dex+hp+damage+rarity (2 candidates)
me1-77	Mega Lucario ex	메가루카리오 ex	M1L-029	メガルカリオex	Double rare	Double Rare	https://images.pokemontcg.io/me1/77.png		0.6	dex+hp+damage+rarity (2 candidates)
me1-82	Nacli	베베솔트	SV4K-038	コジオ	Common	Common	https://images.pokemontcg.io/me1/82.png	https://assets.tcgdex.net/ja/SV/SV4K/038/low.webp	0.6	dex+hp+damage+rarity (2 candidates)
me1-91	Shroodle	땃쭈르	SV8-073	シルシュルー	Common	Common	https://images.pokemontcg.io/me1/91.png	https://assets.tcgdex.net/ja/SV/SV8/073/low.webp	0.6	dex+hp+damage+rarity (2 candidates)
me1-105	Delibird	딜리버드	SV1a-024	デリバード	Common	Common	https://images.pokemontcg.io/me1/105.png	https://assets.tcgdex.net/ja/SV/SV1a/024/low.webp	0.6	dex+hp+damage+rarity (2 candidates)
me1-160	Mega Lucario ex	메가루카리오 ex	M1L-078	メガルカリオex	Ultra Rare	Ultra Rare	https://images.pokemontcg.io/me1/160.png		0.6	dex+hp+damage+rarity (2 candidates)
sv10-35	Ethan's Slugma	심향의 마그마그	SV9a-018	ヒビキのマグマッグ	Common	Common	https://images.pokemontcg.io/sv10/35.png	https://assets.tcgdex.net/ja/SV/SV9a/018/low.webp	0.6	dex+hp+damage+rarity (2 candidates)
sv10-46	Misty's Staryu	이슬의 별가사리	SV9a-023	カスミのヒトデマン	Common	Common	https://images.pokemontcg.io/sv10/46.png	https://assets.tcgdex.net/ja/SV/SV9a/023/low.webp	0.6	dex+hp+damage+rarity (2 candidates)
sv10-67	Wellspring Mask Ogerpon	오거폰 우물의 가면	SV9a-033	オーガポン いどのめん	Uncommon	Uncommon	https://images.pokemontcg.io/sv10/67.png	https://assets.tcgdex.net/ja/SV/SV9a/033/low.webp	0.6	dex+hp+damage+rarity (2 candidates)
sv10-81	Team Rocket's Mewtwo ex	로켓단의 뮤츠 ex	SV10-039	ロケット団のミュウツーex	Double rare	Double Rare	https://images.pokemontcg.io/sv10/81.png	https://assets.tcgdex.net/ja/SV/SV10/039/low.webp	0.6	dex+hp+damage+rarity (2 candidates)
sv10-102	Cynthia's Gible	난천의 딥상어동	SV3a-027	フカマル	Common	Common	https://images.pokemontcg.io/sv10/102.png	https://assets.tcgdex.net/ja/SV/SV3a/027/low.webp	0.6	dex+hp+damage+rarity (2 candidates)
sv10-111	Cornerstone Mask Ogerpon	오거폰 주춧돌의 가면	SV9a-033	オーガポン いどのめん	Uncommon	Uncommon	https://images.pokemontcg.io/sv10/111.png	https://assets.tcgdex.net/ja/SV/SV9a/033/low.webp	0.6	dex+hp+damage+rarity (2 candidates)
sv10-122	Team Rocket's Crobat ex	로켓단의 크로뱃 ex	SV10-066	ロケット団のクロバットex	Double rare	Double Rare	https://images.pokemontcg.io/sv10/122.png	https://assets.tcgdex.net/ja/SV/SV10/066/low.webp	0.6	dex+hp+damage+rarity (2 candidates)
sv10-153	Team Rocket's Porygon	로켓단의 폴리곤	SV2a-137	ポリゴン	Common	Common	https://images.pokemontcg.io/sv10/153.png	https://assets.tcgdex.net/ja/SV/SV2a/137/low.webp	0.6	dex+hp+damage+rarity (2 candidates)
sv10-231	Team Rocket's Mewtwo ex	로켓단의 뮤츠 ex	SV10-125	ロケット団のミュウツーex	Special illustration rare	Special Illustration Rare	https://images.pokemontcg.io/sv10/231.png		0.6	dex+hp+damage+rarity (2 candidates)
sv9-9	Karrablast	딱정곤	SV9-007	カブルモ	Common	Common	https://images.pokemontcg.io/sv9/9.png	https://assets.tcgdex.net/ja/SV/SV9/007/low.webp	0.6	dex+hp+damage+rarity (2 candidates)
sv9-49	N's Joltik	N의 파쪼옥	SV9-028	Nのバチュル	Common	Common	https://images.pokemontcg.io/sv9/49.png	https://assets.tcgdex.net/ja/SV/SV9/028/low.webp	0.6	dex+hp+damage+rarity (2 candidates)
sv9-54	Iono's Wattrel	모야모의 찌리비	SV9-031	ナンジャモのカイデン	Common	Common	https://images.pokemontcg.io/sv9/54.png	https://assets.tcgdex.net/ja/SV/SV9/031/low.webp	0.6	dex+hp+damage+rarity (2 candidates)
sv8pt5-12	Teal Mask Ogerpon ex	오거폰 벽록의 가면 ex	SV6-016	オーガポン みどりのめんex	Double rare	Double Rare	https://images.pokemontcg.io/sv8pt5/12.png	https://assets.tcgdex.net/ja/SV/SV6/016/low.webp	0.6	dex+hp+damage+rarity (2 candidates)
sv8pt5-73	Dragapult ex	드래펄트 ex	SV6-081	ドラパルトex	Double rare	Double Rare	https://images.pokemontcg.io/sv8pt5/73.png	https://assets.tcgdex.net/ja/SV/SV6/081/low.webp	0.6	dex+hp+damage+rarity (2 candidates)
sv8-29	Fuecoco	뜨아거	SV1a-017	ホゲータ	Common	Common	https://images.pokemontcg.io/sv8/29.png	https://assets.tcgdex.net/ja/SV/SV1a/017/low.webp	0.6	dex+hp+damage+rarity (2 candidates)
sv8-41	Feebas	빈티나	SV4M-013	ヒンバス	Common	Common	https://images.pokemontcg.io/sv8/41.png	https://assets.tcgdex.net/ja/SV/SV4M/013/low.webp	0.6	dex+hp+damage+rarity (2 candidates)
sv8-57	Pikachu ex	피카츄 ex	SV8-033	ピカチュウex	Double rare	Double Rare	https://images.pokemontcg.io/sv8/57.png	https://assets.tcgdex.net/ja/SV/SV8/033/low.webp	0.6	dex+hp+damage+rarity (2 candidates)
sv8-66	Wattrel	찌리비	SV9-031	ナンジャモのカイデン	Common	Common	https://images.pokemontcg.io/sv8/66.png	https://assets.tcgdex.net/ja/SV/SV9/031/low.webp	0.6	dex+hp+damage+rarity (2 candidates)
sv8-87	Dedenne	데덴네	SV8-055	デデンネ	Common	Common	https://images.pokemontcg.io/sv8/87.png	https://assets.tcgdex.net/ja/SV/SV8/055/low.webp	0.6	dex+hp+damage+rarity (2 candidates)
sv8-94	Flittle	하느라기	SV7a-022	ヒラヒナ	Common	Common	https://images.pokemontcg.io/sv8/94.png	https://assets.tcgdex.net/ja/SV/SV7a/022/low.webp	0.6	dex+hp+damage+rarity (2 candidates)
sv8-120	Shroodle	땃쭈르	SV8-073	シルシュルー	Common	Common	https://images.pokemontcg.io/sv8/120.png	https://assets.tcgdex.net/ja/SV/SV8/073/low.webp	0.6	dex+hp+damage+rarity (2 candidates)
sv8-122	Alolan Diglett	알로라 디그다	SV1a-044	ディグダ	Common	Common	https://images.pokemontcg.io/sv8/122.png	https://assets.tcgdex.net/ja/SV/SV1a/044/low.webp	0.6	dex+hp+damage+rarity (2 candidates)
sv8-238	Pikachu ex	피카츄 ex	SV8-132	ピカチュウex	Special illustration rare	Special Illustration Rare	https://images.pokemontcg.io/sv8/238.png		0.6	dex+hp+damage+rarity (2 candidates)
sv7-57	Slowpoke	야돈	SV2P-029	ヤドン	Common	Common	https://images.pokemontcg.io/sv7/57.png	https://assets.tcgdex.net/ja/SV/SV2P/029/low.webp	0.6	dex+hp+damage+rarity (2 candidates)
me55-45	Pikachu	피카츄	SV2a-025	ピカチュウ	Common	Pikachu Rare	https://images.scrydex.com/pokemon/me55-45/small	https://assets.tcgdex.net/ja/SV/SV2a/025/low.webp	0.7	dex+hp+illustrator
me2pt5-246	Mawile	입치트	SV3-078	クチート	Uncommon	Illustration Rare	https://images.scrydex.com/pokemon/me2pt5-246/small	https://assets.tcgdex.net/ja/SV/SV3/078/low.webp	0.7	dex+hp+illustrator
sv1-14	Floragato	나로테	SV1a-076	ニャローテ		Uncommon	https://images.pokemontcg.io/sv1/14.png	https://assets.tcgdex.net/ja/SV/SV1a/076/low.webp	0.7	dex+hp+illustrator
me55-9	Vulpix	식스테일	SVLS-001	ロコン	None	Common	https://images.scrydex.com/pokemon/me55-9/small	https://assets.tcgdex.net/ja/SV/SVLS/001/low.webp	0.75	dex+hp+damage
me55-26	Pikachu	피카츄	SV5M-023	ピカチュウ	Common	Pikachu Rare	https://images.scrydex.com/pokemon/me55-26/small		0.75	dex+hp+damage
me55-43	Pikachu	피카츄	SV5M-023	ピカチュウ	Common	Pikachu Rare	https://images.scrydex.com/pokemon/me55-43/small		0.75	dex+hp+damage
me55-48	Pikachu	피카츄	SV5M-023	ピカチュウ	Common	Pikachu Rare	https://images.scrydex.com/pokemon/me55-48/small		0.75	dex+hp+damage
me55-51	Pikachu	피카츄	SV5M-023	ピカチュウ	Common	Pikachu Rare	https://images.scrydex.com/pokemon/me55-51/small		0.75	dex+hp+damage
me5-47	Koraidon	코라이돈	M5-045	コライドン	Uncommon	Rare	https://images.scrydex.com/pokemon/me5-47/small		0.75	dex+hp+damage
me4-15	Mega Pyroar ex	메가화염레오 ex	M4-015	メガカエンジシex	Double rare	Double Rare	https://images.scrydex.com/pokemon/me4-15/small		0.75	dex+hp+illustrator+rarity
me4-99	Mega Pyroar ex	메가화염레오 ex	M4-097	メガカエンジシex	Ultra Rare	Ultra Rare	https://images.scrydex.com/pokemon/me4-99/small		0.75	dex+hp+illustrator+rarity
me3-45	Tyrantrum	견고라스	M3-044	ガチゴラス	Uncommon	Rare	https://images.scrydex.com/pokemon/me3-45/small		0.75	dex+hp+damage
me3-50	Gengar	팬텀	M3-049	ゲンガー	Uncommon	Rare	https://images.scrydex.com/pokemon/me3-50/small		0.75	dex+hp+damage
me2pt5-14	Cascoon	카스쿤	M2a-007	マユルド	None	Common	https://images.scrydex.com/pokemon/me2pt5-14/small		0.75	dex+hp+damage
me2pt5-16	Budew	꼬몽울	SV8a-001	スボミー	None	Common	https://images.scrydex.com/pokemon/me2pt5-16/small	https://assets.tcgdex.net/ja/SV/SV8a/001/low.webp	0.75	dex+hp+damage+illustrator (2 candidates)
me2pt5-17	Grubbin	턱지충이	SV7-007	アゴジムシ	Common	Common	https://images.scrydex.com/pokemon/me2pt5-17/small	https://assets.tcgdex.net/ja/SV/SV7/007/low.webp	0.75	dex+hp+illustrator+rarity
me2pt5-36	Scorbunny	염버니	SV7-016	ヒバニー	Common	Common	https://images.scrydex.com/pokemon/me2pt5-36/small	https://assets.tcgdex.net/ja/SV/SV7/016/low.webp	0.75	dex+hp+illustrator+rarity
me2pt5-73	Miraidon ex	미라이돈 ex	SV1V-037	ミライドンex	Double rare	Double Rare	https://images.scrydex.com/pokemon/me2pt5-73/small	https://assets.tcgdex.net/ja/SV/SV1V/037/low.webp	0.75	dex+hp+illustrator+rarity
me2pt5-110	Cynthia's Gabite	난천의 한바이트	SV9a-043	シロナのガバイト	Common	Uncommon	https://images.scrydex.com/pokemon/me2pt5-110/small	https://assets.tcgdex.net/ja/SV/SV9a/043/low.webp	0.75	dex+hp+damage+illustrator (2 candidates)
me2pt5-126	Team Rocket's Murkrow	로켓단의 니로우	SV10-071	ロケット団のヤミカラス	Uncommon	Common	https://images.scrydex.com/pokemon/me2pt5-126/small	https://assets.tcgdex.net/ja/SV/SV10/071/low.webp	0.75	dex+hp+damage+illustrator (2 candidates)
me2pt5-224	Salazzle	염뉴트	SV7-014	エンニュート	Uncommon	Illustration Rare	https://images.scrydex.com/pokemon/me2pt5-224/small	https://assets.tcgdex.net/ja/SV/SV7/014/low.webp	0.75	dex+hp+damage
me2pt5-228	Weavile	포푸니라	SV6a-014	マニューラ	Uncommon	Illustration Rare	https://images.scrydex.com/pokemon/me2pt5-228/small	https://assets.tcgdex.net/ja/SV/SV6a/014/low.webp	0.75	dex+hp+damage
me2pt5-230	Vikavolt	투구뿌논	SV7-035	クワガノン	Uncommon	Illustration Rare	https://images.scrydex.com/pokemon/me2pt5-230/small	https://assets.tcgdex.net/ja/SV/SV7/035/low.webp	0.75	dex+hp+damage
me2pt5-234	Banette	다크펫	SV9-036	ジュペッタ	Uncommon	Illustration Rare	https://images.scrydex.com/pokemon/me2pt5-234/small	https://assets.tcgdex.net/ja/SV/SV9/036/low.webp	0.75	dex+hp+damage
me2pt5-243	Mightyena	그라에나	SV5K-049	グラエナ	Common	Illustration Rare	https://images.scrydex.com/pokemon/me2pt5-243/small	https://assets.tcgdex.net/ja/SV/SV5K/049/low.webp	0.75	dex+hp+damage
me2pt5-271	Mega Dragonite ex	메가망나뇽 ex	M2a-232	メガカイリューex	Ultra Rare	MEGA_ATTACK_RARE	https://images.scrydex.com/pokemon/me2pt5-271/small		0.75	dex+hp+damage+illustrator (2 candidates)
me2pt5-280	Lillie's Clefairy ex	릴리에의 삐삐 ex	M2a-060	リーリエのピッピex	Double rare	Special Illustration Rare	https://images.scrydex.com/pokemon/me2pt5-280/small		0.75	dex+hp+damage
me2-9	Nymble	콩알뚜기	M2-009	マメバッタ	Common	Common	https://images.pokemontcg.io/me2/9.png		0.75	dex+hp+illustrator+rarity
me2-22	Dewgong	쥬레곤	M2-022	ジュゴン	Common	Common	https://images.pokemontcg.io/me2/22.png		0.75	dex+hp+illustrator+rarity
me2-48	Paldean Tauros	팔데아 켄타로스	M2-042	パルデア ケンタロス	Uncommon	Uncommon	https://images.pokemontcg.io/me2/48.png		0.75	dex+hp+illustrator+rarity
me2-51	Trapinch	톱치	M2-045	ナックラー	Common	Common	https://images.pokemontcg.io/me2/51.png		0.75	dex+hp+illustrator+rarity
me2-72	Bronzong	동탁군	M2-060	ドータクン	Uncommon	Uncommon	https://images.pokemontcg.io/me2/72.png		0.75	dex+hp+illustrator+rarity
me2-76	Jigglypuff	푸린	M2-064	プリン	Common	Common	https://images.pokemontcg.io/me2/76.png		0.75	dex+hp+illustrator+rarity
me2-77	Wigglytuff	푸크린	M2-065	プクリン	Uncommon	Uncommon	https://images.pokemontcg.io/me2/77.png		0.75	dex+hp+illustrator+rarity
me2-96	Nymble	콩알뚜기	M2-082	マメバッタ	Illustration rare	Illustration Rare	https://images.pokemontcg.io/me2/96.png		0.75	dex+hp+illustrator+rarity
me2-97	Dewgong	쥬레곤	M2-084	ジュゴン	Illustration rare	Illustration Rare	https://images.pokemontcg.io/me2/97.png		0.75	dex+hp+illustrator+rarity
me2-105	Wigglytuff	푸크린	M2-091	プクリン	Illustration rare	Illustration Rare	https://images.pokemontcg.io/me2/105.png		0.75	dex+hp+illustrator+rarity
me2-106	Meowth	나옹	SV6a-048	ニャース	Common	Illustration Rare	https://images.pokemontcg.io/me2/106.png	https://assets.tcgdex.net/ja/SV/SV6a/048/low.webp	0.75	dex+hp+damage
me1-136	Shuckle	단단지	M1S-006	ツボツボ	Uncommon	Illustration Rare	https://images.pokemontcg.io/me1/136.png		0.75	dex+hp+damage
rsv10pt5-22	Dewott	쌍검자비	SV11W-019	フタチマル	Common	Common	https://images.pokemontcg.io/rsv10pt5/22.png		0.75	dex+hp+illustrator+rarity
rsv10pt5-29	Vanilluxe	배바닐라	SV11W-026	バイバニラ	Uncommon	Uncommon	https://images.pokemontcg.io/rsv10pt5/29.png		0.75	dex+hp+illustrator+rarity
rsv10pt5-34	Galvantula	전툴라	SV11W-031	デンチュラ	Uncommon	Uncommon	https://images.pokemontcg.io/rsv10pt5/34.png		0.75	dex+hp+illustrator+rarity
rsv10pt5-48	Gigalith	기가이어스	SV11W-045	ギガイアス	Uncommon	Uncommon	https://images.pokemontcg.io/rsv10pt5/48.png		0.75	dex+hp+illustrator+rarity
rsv10pt5-58	Scrafty	곤율거니	SV11W-055	ズルズキン	Uncommon	Uncommon	https://images.pokemontcg.io/rsv10pt5/58.png		0.75	dex+hp+illustrator+rarity
rsv10pt5-62	Zoroark	조로아크	SV11W-059	ゾロアーク	Rare	Rare	https://images.pokemontcg.io/rsv10pt5/62.png		0.75	dex+hp+illustrator+rarity
rsv10pt5-66	Zweilous	디헤드	SV11W-061	ジヘッド	Common	Common	https://images.pokemontcg.io/rsv10pt5/66.png		0.75	dex+hp+illustrator+rarity
rsv10pt5-106	Dewott	쌍검자비	SV11W-103	フタチマル	Illustration rare	Illustration Rare	https://images.pokemontcg.io/rsv10pt5/106.png		0.75	dex+hp+illustrator+rarity
rsv10pt5-113	Vanilluxe	배바닐라	SV11W-110	バイバニラ	Illustration rare	Illustration Rare	https://images.pokemontcg.io/rsv10pt5/113.png		0.75	dex+hp+illustrator+rarity
rsv10pt5-117	Galvantula	전툴라	SV11W-114	デンチュラ	Illustration rare	Illustration Rare	https://images.pokemontcg.io/rsv10pt5/117.png		0.75	dex+hp+illustrator+rarity
rsv10pt5-129	Gigalith	기가이어스	SV11W-127	ギガイアス	Illustration rare	Illustration Rare	https://images.pokemontcg.io/rsv10pt5/129.png		0.75	dex+hp+illustrator+rarity
rsv10pt5-139	Scrafty	곤율거니	SV11W-137	ズルズキン	Illustration rare	Illustration Rare	https://images.pokemontcg.io/rsv10pt5/139.png		0.75	dex+hp+illustrator+rarity
rsv10pt5-143	Zoroark	조로아크	SV11W-141	ゾロアーク	Illustration rare	Illustration Rare	https://images.pokemontcg.io/rsv10pt5/143.png		0.75	dex+hp+illustrator+rarity
rsv10pt5-147	Zweilous	디헤드	SV11W-143	ジヘッド	Illustration rare	Illustration Rare	https://images.pokemontcg.io/rsv10pt5/147.png		0.75	dex+hp+illustrator+rarity
zsv10pt5-19	Tympole	동챙이	SV11B-022	オタマロ	Common	Common	https://images.pokemontcg.io/zsv10pt5/19.png		0.75	dex+hp+illustrator+rarity
zsv10pt5-20	Palpitoad	두까비	SV11B-023	ガマガル	Common	Common	https://images.pokemontcg.io/zsv10pt5/20.png		0.75	dex+hp+illustrator+rarity
zsv10pt5-21	Seismitoad	두빅굴	SV11B-024	ガマゲロゲ	Uncommon	Uncommon	https://images.pokemontcg.io/zsv10pt5/21.png		0.75	dex+hp+illustrator+rarity
zsv10pt5-22	Tirtouga	프로토가	SV11B-025	プロトーガ	Uncommon	Uncommon	https://images.pokemontcg.io/zsv10pt5/22.png		0.75	dex+hp+illustrator+rarity
zsv10pt5-26	Beartic	툰베어	SV11B-029	ツンベアー	Rare	Rare	https://images.pokemontcg.io/zsv10pt5/26.png		0.75	dex+hp+illustrator+rarity
zsv10pt5-32	Eelektross	저리더프	SV11B-035	シビルドン	Uncommon	Uncommon	https://images.pokemontcg.io/zsv10pt5/32.png		0.75	dex+hp+illustrator+rarity
zsv10pt5-43	Golurk	골루그	SV11B-046	ゴルーグ	Uncommon	Uncommon	https://images.pokemontcg.io/zsv10pt5/43.png		0.75	dex+hp+illustrator+rarity
zsv10pt5-51	Dwebble	돌살이	SV11B-054	イシズマイ	Common	Common	https://images.pokemontcg.io/zsv10pt5/51.png		0.75	dex+hp+illustrator+rarity
zsv10pt5-75	Minccino	치라미	SV11B-077	チラーミィ	Common	Common	https://images.pokemontcg.io/zsv10pt5/75.png		0.75	dex+hp+illustrator+rarity
zsv10pt5-103	Tympole	동챙이	SV11B-107	オタマロ	Illustration rare	Illustration Rare	https://images.pokemontcg.io/zsv10pt5/103.png		0.75	dex+hp+illustrator+rarity
zsv10pt5-104	Palpitoad	두까비	SV11B-108	ガマガル	Illustration rare	Illustration Rare	https://images.pokemontcg.io/zsv10pt5/104.png		0.75	dex+hp+illustrator+rarity
zsv10pt5-105	Seismitoad	두빅굴	SV11B-109	ガマゲロゲ	Illustration rare	Illustration Rare	https://images.pokemontcg.io/zsv10pt5/105.png		0.75	dex+hp+illustrator+rarity
zsv10pt5-106	Tirtouga	프로토가	SV11B-110	プロトーガ	Illustration rare	Illustration Rare	https://images.pokemontcg.io/zsv10pt5/106.png		0.75	dex+hp+illustrator+rarity
zsv10pt5-110	Beartic	툰베어	SV11B-114	ツンベアー	Illustration rare	Illustration Rare	https://images.pokemontcg.io/zsv10pt5/110.png		0.75	dex+hp+illustrator+rarity
zsv10pt5-115	Eelektross	저리더프	SV11B-119	シビルドン	Illustration rare	Illustration Rare	https://images.pokemontcg.io/zsv10pt5/115.png		0.75	dex+hp+illustrator+rarity
zsv10pt5-123	Golurk	골루그	SV11B-129	ゴルーグ	Illustration rare	Illustration Rare	https://images.pokemontcg.io/zsv10pt5/123.png		0.75	dex+hp+illustrator+rarity
zsv10pt5-129	Dwebble	돌살이	SV11B-135	イシズマイ	Illustration rare	Illustration Rare	https://images.pokemontcg.io/zsv10pt5/129.png		0.75	dex+hp+illustrator+rarity
zsv10pt5-152	Minccino	치라미	SV11B-157	チラーミィ	Illustration rare	Illustration Rare	https://images.pokemontcg.io/zsv10pt5/152.png		0.75	dex+hp+illustrator+rarity
sv10-76	Manectric	썬더볼트	SV9a-038	ライボルト	Common	Uncommon	https://images.pokemontcg.io/sv10/76.png	https://assets.tcgdex.net/ja/SV/SV9a/038/low.webp	0.75	dex+hp+damage
sv10-95	Team Rocket's Pupitar	로켓단의 데기라스	SV10-049	ロケット団のサナギラス	Uncommon	Common	https://images.pokemontcg.io/sv10/95.png	https://assets.tcgdex.net/ja/SV/SV10/049/low.webp	0.75	dex+hp+damage
sv10-136	Marnie's Grimmsnarl ex	마리의 오롱털 ex	M2a-243	マリィのオーロンゲex	Special illustration rare	Double Rare	https://images.pokemontcg.io/sv10/136.png		0.75	dex+hp+damage
sv10-145	Steven's Metagross ex	성호의 메타그로스 ex	M2a-245	ダイゴのメタグロスex	Special illustration rare	Double Rare	https://images.pokemontcg.io/sv10/145.png		0.75	dex+hp+damage
sv10-206	Yanmega ex	메가자리 ex	M2a-003	メガヤンマex	Double rare	Ultra Rare	https://images.pokemontcg.io/sv10/206.png		0.75	dex+hp+damage
sv10-209	Ethan's Ho-Oh ex	심향의 칠색조 ex	M2a-021	ヒビキのホウオウex	Double rare	Ultra Rare	https://images.pokemontcg.io/sv10/209.png		0.75	dex+hp+damage
sv10-215	Cynthia's Garchomp ex	난천의 한카리아스 ex	M2a-090	シロナのガブリアスex	Double rare	Ultra Rare	https://images.pokemontcg.io/sv10/215.png		0.75	dex+hp+damage
sv10-228	Yanmega ex	메가자리 ex	M2a-003	メガヤンマex	Double rare	Special Illustration Rare	https://images.pokemontcg.io/sv10/228.png		0.75	dex+hp+damage
sv10-230	Ethan's Ho-Oh ex	심향의 칠색조 ex	M2a-021	ヒビキのホウオウex	Double rare	Special Illustration Rare	https://images.pokemontcg.io/sv10/230.png		0.75	dex+hp+damage
sv10-232	Cynthia's Garchomp ex	난천의 한카리아스 ex	M2a-090	シロナのガブリアスex	Double rare	Special Illustration Rare	https://images.pokemontcg.io/sv10/232.png		0.75	dex+hp+damage
sv10-239	Ethan's Ho-Oh ex	심향의 칠색조 ex	M2a-021	ヒビキのホウオウex	Double rare	Hyper Rare	https://images.pokemontcg.io/sv10/239.png		0.75	dex+hp+damage
sv10-241	Cynthia's Garchomp ex	난천의 한카리아스 ex	M2a-090	シロナのガブリアスex	Double rare	Hyper Rare	https://images.pokemontcg.io/sv10/241.png		0.75	dex+hp+damage
sv9-3	Butterfree	버터플	SV9-003	バタフリー	Uncommon	Rare	https://images.pokemontcg.io/sv9/3.png	https://assets.tcgdex.net/ja/SV/SV9/003/low.webp	0.75	dex+hp+damage
sv9-37	Ludicolo	로파파	SV9-023	ルンパッパ	Uncommon	Rare	https://images.pokemontcg.io/sv9/37.png	https://assets.tcgdex.net/ja/SV/SV9/023/low.webp	0.75	dex+hp+damage
sv9-63	Metagross	메타그로스	SV9-039	メタグロス	Uncommon	Rare	https://images.pokemontcg.io/sv9/63.png	https://assets.tcgdex.net/ja/SV/SV9/039/low.webp	0.75	dex+hp+damage
sv9-82	Regirock	레지락	SV9-049	レジロック	Uncommon	Rare	https://images.pokemontcg.io/sv9/82.png	https://assets.tcgdex.net/ja/SV/SV9/049/low.webp	0.75	dex+hp+damage
sv9-128	Noivern	음번	SV9-081	オンバーン	Uncommon	Rare	https://images.pokemontcg.io/sv9/128.png	https://assets.tcgdex.net/ja/SV/SV9/081/low.webp	0.75	dex+hp+damage
sv9-162	Wailord	고래왕	SV9-025	ホエルオー	Rare	Illustration Rare	https://images.pokemontcg.io/sv9/162.png	https://assets.tcgdex.net/ja/SV/SV9/025/low.webp	0.75	dex+hp+damage
sv9-166	Lycanroc	루가루암	SV9-052	ルガルガン	Rare	Illustration Rare	https://images.pokemontcg.io/sv9/166.png	https://assets.tcgdex.net/ja/SV/SV9/052/low.webp	0.75	dex+hp+damage
sv9-173	Lillie's Clefairy ex	릴리에의 삐삐 ex	M2a-060	リーリエのピッピex	Double rare	Ultra Rare	https://images.pokemontcg.io/sv9/173.png		0.75	dex+hp+damage
sv9-176	Hop's Zacian ex	호브의 자시안 ex	M2a-123	ホップのザシアンex	Double rare	Ultra Rare	https://images.pokemontcg.io/sv9/176.png		0.75	dex+hp+damage
sv9-184	Lillie's Clefairy ex	릴리에의 삐삐 ex	M2a-060	リーリエのピッピex	Double rare	Special Illustration Rare	https://images.pokemontcg.io/sv9/184.png		0.75	dex+hp+damage
sv9-186	Hop's Zacian ex	호브의 자시안 ex	M2a-123	ホップのザシアンex	Double rare	Special Illustration Rare	https://images.pokemontcg.io/sv9/186.png		0.75	dex+hp+damage
sv8pt5-21	Seaking	왕콘치	SV8a-029	アズマオウ	None	Uncommon	https://images.pokemontcg.io/sv8pt5/21.png	https://assets.tcgdex.net/ja/SV/SV8a/029/low.webp	0.75	dex+hp+damage
sv8pt5-77	Hoothoot	부우부	SV8a-127	ホーホー	None	Common	https://images.pokemontcg.io/sv8pt5/77.png	https://assets.tcgdex.net/ja/SV/SV8a/127/low.webp	0.75	dex+hp+damage
sv8pt5-86	Regigigas	레지기가스	SV8a-132	レジギガス	None	Uncommon	https://images.pokemontcg.io/sv8pt5/86.png	https://assets.tcgdex.net/ja/SV/SV8a/132/low.webp	0.75	dex+hp+damage
sv8pt5-147	Ceruledge ex	파라블레이즈 ex	M2a-031	ソウブレイズex	Double rare	Special Illustration Rare	https://images.pokemontcg.io/sv8pt5/147.png		0.75	dex+hp+damage
sv8pt5-169	Terapagos ex	테라파고스 ex	M2a-145	テラパゴスex	Double rare	Special Illustration Rare	https://images.pokemontcg.io/sv8pt5/169.png		0.75	dex+hp+damage
sv8pt5-180	Terapagos ex	테라파고스 ex	M2a-145	テラパゴスex	Double rare	Hyper Rare	https://images.pokemontcg.io/sv8pt5/180.png		0.75	dex+hp+damage
sv8-16	Vulpix	식스테일	SVLS-001	ロコン	None	Common	https://images.pokemontcg.io/sv8/16.png	https://assets.tcgdex.net/ja/SV/SVLS/001/low.webp	0.75	dex+hp+damage
sv8-17	Ninetales	나인테일	SVLS-002	キュウコン	None	Uncommon	https://images.pokemontcg.io/sv8/17.png	https://assets.tcgdex.net/ja/SV/SVLS/002/low.webp	0.75	dex+hp+damage
sv8-26	Oricorio	춤추새	SVLS-004	オドリドリ	None	Common	https://images.pokemontcg.io/sv8/26.png	https://assets.tcgdex.net/ja/SV/SVLS/004/low.webp	0.75	dex+hp+damage
sv8-40	Mantine	만타인	SVLN-001	マンタイン	None	Common	https://images.pokemontcg.io/sv8/40.png	https://assets.tcgdex.net/ja/SV/SVLN/001/low.webp	0.75	dex+hp+damage
sv8-73	Marill	마릴	SVLN-003	マリル	None	Common	https://images.pokemontcg.io/sv8/73.png	https://assets.tcgdex.net/ja/SV/SVLN/003/low.webp	0.75	dex+hp+damage
sv8-74	Azumarill	마릴리	SVLN-004	マリルリ	None	Uncommon	https://images.pokemontcg.io/sv8/74.png	https://assets.tcgdex.net/ja/SV/SVLN/004/low.webp	0.75	dex+hp+damage
sv8-81	Sigilyph	심보러	SVLS-007	シンボラー	None	Common	https://images.pokemontcg.io/sv8/81.png	https://assets.tcgdex.net/ja/SV/SVLS/007/low.webp	0.75	dex+hp+damage
sv8-88	Xerneas	제르네아스	SVLN-006	ゼルネアス	None	Uncommon	https://images.pokemontcg.io/sv8/88.png	https://assets.tcgdex.net/ja/SV/SVLN/006/low.webp	0.75	dex+hp+damage
sv8-89	Oricorio	춤추새	SVLN-007	オドリドリ	None	Common	https://images.pokemontcg.io/sv8/89.png	https://assets.tcgdex.net/ja/SV/SVLN/007/low.webp	0.75	dex+hp+damage
sv8-144	Snorlax	잠만보	SVLN-010	カビゴン	None	Common	https://images.pokemontcg.io/sv8/144.png	https://assets.tcgdex.net/ja/SV/SVLN/010/low.webp	0.75	dex+hp+damage
sv8-220	Latias ex	라티아스 ex	M2a-075	ラティアスex	Double rare	Ultra Rare	https://images.pokemontcg.io/sv8/220.png		0.75	dex+hp+damage
sv8-224	Archaludon ex	브리두라스 ex	M2a-122	ブリジュラスex	Double rare	Ultra Rare	https://images.pokemontcg.io/sv8/224.png		0.75	dex+hp+damage
sv8-239	Latias ex	라티아스 ex	M2a-075	ラティアスex	Double rare	Special Illustration Rare	https://images.pokemontcg.io/sv8/239.png		0.75	dex+hp+damage
sv8-241	Archaludon ex	브리두라스 ex	M2a-122	ブリジュラスex	Double rare	Special Illustration Rare	https://images.pokemontcg.io/sv8/241.png		0.75	dex+hp+damage
sv7-6	Cradily	릴리요	SV7-004	ユレイドル	Uncommon	Rare	https://images.pokemontcg.io/sv7/6.png	https://assets.tcgdex.net/ja/SV/SV7/004/low.webp	0.75	dex+hp+damage
sv7-38	Carracosta	늑골라	SV7-023	アバゴーラ	Uncommon	Rare	https://images.pokemontcg.io/sv7/38.png	https://assets.tcgdex.net/ja/SV/SV7/023/low.webp	0.75	dex+hp+damage
sv7-55	Zeraora	제라오라	SV8a-053	ゼラオラ	None	Rare	https://images.pokemontcg.io/sv7/55.png	https://assets.tcgdex.net/ja/SV/SV8a/053/low.webp	0.75	dex+hp+damage
sv7-65	Alcremie	마휘핑	SV7-044	マホイップ	Uncommon	Rare	https://images.pokemontcg.io/sv7/65.png	https://assets.tcgdex.net/ja/SV/SV7/044/low.webp	0.75	dex+hp+damage
sv7-96	Grimmsnarl	오롱털	SV7-066	オーロンゲ	Uncommon	Rare	https://images.pokemontcg.io/sv7/96.png	https://assets.tcgdex.net/ja/SV/SV7/066/low.webp	0.75	dex+hp+damage
sv7-104	Melmetal	멜메탈	SV7-071	メルメタル	Uncommon	Rare	https://images.pokemontcg.io/sv7/104.png	https://assets.tcgdex.net/ja/SV/SV7/071/low.webp	0.75	dex+hp+damage
sv7-151	Zeraora	제라오라	SV8a-053	ゼラオラ	None	Illustration Rare	https://images.pokemontcg.io/sv7/151.png	https://assets.tcgdex.net/ja/SV/SV8a/053/low.webp	0.75	dex+hp+damage
sv7-170	Terapagos ex	테라파고스 ex	M2a-145	テラパゴスex	Double rare	Special Illustration Rare	https://images.pokemontcg.io/sv7/170.png		0.75	dex+hp+damage
sv7-173	Terapagos ex	테라파고스 ex	M2a-145	テラパゴスex	Double rare	Hyper Rare	https://images.pokemontcg.io/sv7/173.png		0.75	dex+hp+damage
sv6pt5-95	Pecharunt ex	복숭악동 ex	SV6a-039	モモワロウex	Double rare	Hyper Rare	https://images.pokemontcg.io/sv6pt5/95.png	https://assets.tcgdex.net/ja/SV/SV6a/039/low.webp	0.75	dex+hp+damage+illustrator (3 candidates)
sv6-180	Enamorus	러브로스	SV5a-039	ラブトロス	Rare	Illustration Rare	https://images.pokemontcg.io/sv6/180.png	https://assets.tcgdex.net/ja/SV/SV5a/039/low.webp	0.75	dex+hp+damage
sv6-182	Probopass	대코파스	SV5a-044	ダイノーズ	Uncommon	Illustration Rare	https://images.pokemontcg.io/sv6/182.png	https://assets.tcgdex.net/ja/SV/SV5a/044/low.webp	0.75	dex+hp+damage
sv6-188	Eevee	이브이	SV5a-050	イーブイ	Common	Illustration Rare	https://images.pokemontcg.io/sv6/188.png	https://assets.tcgdex.net/ja/SV/SV5a/050/low.webp	0.75	dex+hp+damage
sv6-221	Teal Mask Ogerpon ex	오거폰 벽록의 가면 ex	SV6-016	オーガポン みどりのめんex	Double rare	Hyper Rare	https://images.pokemontcg.io/sv6/221.png	https://assets.tcgdex.net/ja/SV/SV6/016/low.webp	0.75	dex+hp+damage+illustrator (4 candidates)
sv5-22	Scovillain ex	스코빌런 ex	SV8-023	スコヴィランex	Double rare	Double Rare	https://images.pokemontcg.io/sv5/22.png	https://assets.tcgdex.net/ja/SV/SV8/023/low.webp	0.75	dex+hp+illustrator+rarity
sv5-35	Turtonator	폭거북스	SV7a-044	バクガメス	Uncommon	Common	https://images.pokemontcg.io/sv5/35.png	https://assets.tcgdex.net/ja/SV/SV7a/044/low.webp	0.75	dex+hp+damage
sv5-213	Iron Leaves ex	무쇠잎새 ex	SV5M-016	テツノイサハex	Double rare	Hyper Rare	https://images.pokemontcg.io/sv5/213.png		0.75	dex+hp+damage+illustrator (3 candidates)
sv5-214	Gouging Fire ex	꿰뚫는화염 ex	SV5K-012	ウガツホムラex	Double rare	Hyper Rare	https://images.pokemontcg.io/sv5/214.png	https://assets.tcgdex.net/ja/SV/SV5K/012/low.webp	0.75	dex+hp+damage+illustrator (3 candidates)
sv5-215	Walking Wake ex	굽이치는물결 ex	SV5K-024	ウネルミナモex	Double rare	Hyper Rare	https://images.pokemontcg.io/sv5/215.png	https://assets.tcgdex.net/ja/SV/SV5K/024/low.webp	0.75	dex+hp+damage+illustrator (3 candidates)
sv5-216	Iron Crown ex	무쇠감투 ex	SV5M-036	テツノカシラex	Double rare	Hyper Rare	https://images.pokemontcg.io/sv5/216.png		0.75	dex+hp+damage+illustrator (3 candidates)
sv5-217	Iron Boulder ex	무쇠암석 ex	SV5M-041	テツノイワオex	Double rare	Hyper Rare	https://images.pokemontcg.io/sv5/217.png		0.75	dex+hp+damage+illustrator (3 candidates)
sv5-218	Raging Bolt ex	날뛰는우레 ex	SV5K-053	タケルライコex	Double rare	Hyper Rare	https://images.pokemontcg.io/sv5/218.png	https://assets.tcgdex.net/ja/SV/SV5K/053/low.webp	0.75	dex+hp+damage+illustrator (3 candidates)
sv4pt5-28	Kirlia	킬리아	SV4a-081	キルリア		Uncommon	https://images.pokemontcg.io/sv4pt5/28.png	https://assets.tcgdex.net/ja/SV/SV4a/081/low.webp	0.75	dex+hp+damage+illustrator (2 candidates)
sv4pt5-46	Primeape	성원숭	SV1V-050	オコリザル	Common	Uncommon	https://images.pokemontcg.io/sv4pt5/46.png	https://assets.tcgdex.net/ja/SV/SV1V/050/low.webp	0.75	dex+hp+damage+illustrator (2 candidates)
sv4pt5-63	Mabosstiff	마피티프	SV1V-055	マフィティフ	Uncommon	Rare	https://images.pokemontcg.io/sv4pt5/63.png	https://assets.tcgdex.net/ja/SV/SV1V/055/low.webp	0.75	dex+hp+damage+illustrator (2 candidates)
sv4pt5-64	Varoom	부르롱	SV4a-300	ブロロン		Common	https://images.pokemontcg.io/sv4pt5/64.png	https://assets.tcgdex.net/ja/SV/SV4a/300/low.webp	0.75	dex+hp+damage
sv4pt5-70	Cyclizar	모토마	SV4a-303	モトトカゲ		Rare	https://images.pokemontcg.io/sv4pt5/70.png	https://assets.tcgdex.net/ja/SV/SV4a/303/low.webp	0.75	dex+hp+damage
sv4pt5-129	Arctibax	드니꽁	SV4a-052	セゴール		Shiny Rare	https://images.pokemontcg.io/sv4pt5/129.png	https://assets.tcgdex.net/ja/SV/SV4a/052/low.webp	0.75	dex+hp+damage+illustrator (3 candidates)
sv4pt5-169	Mankey	망키	SV1V-049	マンキー	Common	Shiny Rare	https://images.pokemontcg.io/sv4pt5/169.png	https://assets.tcgdex.net/ja/SV/SV1V/049/low.webp	0.75	dex+hp+damage+illustrator (3 candidates)
sv4pt5-182	Sneasel	포푸니	SV4a-119	ニューラ		Shiny Rare	https://images.pokemontcg.io/sv4pt5/182.png	https://assets.tcgdex.net/ja/SV/SV4a/119/low.webp	0.75	dex+hp+damage+illustrator (3 candidates)
sv4pt5-187	Kingambit	대도각참	SV4a-294	ドドゲザン		Shiny Rare	https://images.pokemontcg.io/sv4pt5/187.png	https://assets.tcgdex.net/ja/SV/SV4a/294/low.webp	0.75	dex+hp+damage+illustrator (2 candidates)
sv4pt5-216	Mew ex	뮤 ex	SV2a-151	ミュウex	Double rare	Shiny Ultra Rare	https://images.pokemontcg.io/sv4pt5/216.png	https://assets.tcgdex.net/ja/SV/SV2a/151/low.webp	0.75	dex+hp+damage+illustrator (3 candidates)
sv4pt5-222	Wigglytuff ex	푸크린 ex	SV2a-040	プクリンex	Double rare	Shiny Ultra Rare	https://images.pokemontcg.io/sv4pt5/222.png	https://assets.tcgdex.net/ja/SV/SV2a/040/low.webp	0.75	dex+hp+damage+illustrator (2 candidates)
sv3pt5-205	Mew ex	뮤 ex	SV2a-151	ミュウex	Double rare	Hyper Rare	https://images.pokemontcg.io/sv3pt5/205.png	https://assets.tcgdex.net/ja/SV/SV2a/151/low.webp	0.75	dex+hp+damage+illustrator (3 candidates)
sv3-79	Miraidon ex	미라이돈 ex	SV1V-037	ミライドンex	Double rare	Double Rare	https://images.pokemontcg.io/sv3/79.png	https://assets.tcgdex.net/ja/SV/SV1V/037/low.webp	0.75	dex+hp+illustrator+rarity
sv2-2	Skiploom	두코	SV4a-006	ポポッコ		Uncommon	https://images.pokemontcg.io/sv2/2.png	https://assets.tcgdex.net/ja/SV/SV4a/006/low.webp	0.75	dex+hp+damage+illustrator (2 candidates)
sv2-14	Floragato	나로테	SV4a-013	ニャローテ		Uncommon	https://images.pokemontcg.io/sv2/14.png	https://assets.tcgdex.net/ja/SV/SV4a/013/low.webp	0.75	dex+hp+damage+illustrator (2 candidates)
sv2-36	Crocalor	악뜨거	SV4a-031	アチゲータ		Uncommon	https://images.pokemontcg.io/sv2/36.png	https://assets.tcgdex.net/ja/SV/SV4a/031/low.webp	0.75	dex+hp+damage+illustrator (2 candidates)
sv2-51	Quaxwell	아꾸왁	SV4a-042	ウェルカモ		Uncommon	https://images.pokemontcg.io/sv2/51.png	https://assets.tcgdex.net/ja/SV/SV4a/042/low.webp	0.75	dex+hp+damage+illustrator (3 candidates)
sv2-59	Arctibax	드니꽁	SV4a-052	セゴール		Uncommon	https://images.pokemontcg.io/sv2/59.png	https://assets.tcgdex.net/ja/SV/SV4a/052/low.webp	0.75	dex+hp+damage+illustrator (3 candidates)
sv2-70	Luxio	럭시오	SV4a-060	ルクシオ		Uncommon	https://images.pokemontcg.io/sv2/70.png	https://assets.tcgdex.net/ja/SV/SV4a/060/low.webp	0.75	dex+hp+damage+illustrator (2 candidates)
sv2-104	Tinkatuff	벼리짱	SV4a-095	ナカヌチャン		Uncommon	https://images.pokemontcg.io/sv2/104.png	https://assets.tcgdex.net/ja/SV/SV4a/095/low.webp	0.75	dex+hp+damage+illustrator (2 candidates)
sv2-122	Naclstack	스태솔트	SV4a-108	ジオヅム		Uncommon	https://images.pokemontcg.io/sv2/122.png	https://assets.tcgdex.net/ja/SV/SV4a/108/low.webp	0.75	dex+hp+damage+illustrator (2 candidates)
sv2-203	Magikarp	잉어킹	SV1a-022	コイキング	Common	Illustration Rare	https://images.pokemontcg.io/sv2/203.png	https://assets.tcgdex.net/ja/SV/SV1a/022/low.webp	0.75	dex+hp+damage
sv2-207	Quaxwell	아꾸왁	SV4a-042	ウェルカモ		Illustration Rare	https://images.pokemontcg.io/sv2/207.png	https://assets.tcgdex.net/ja/SV/SV4a/042/low.webp	0.75	dex+hp+damage+illustrator (3 candidates)
sv2-222	Tyranitar	마기라스	SV2D-052	バンギラス	Rare	Illustration Rare	https://images.pokemontcg.io/sv2/222.png	https://assets.tcgdex.net/ja/SV/SV2D/052/low.webp	0.75	dex+hp+damage
sv1-220	Kingambit	대도각참	SV4a-294	ドドゲザン		Illustration Rare	https://images.pokemontcg.io/sv1/220.png	https://assets.tcgdex.net/ja/SV/SV4a/294/low.webp	0.75	dex+hp+damage+illustrator (2 candidates)
me55-1	Exeggcute	아라리	M1L-004	タマタマ	Common	Common	https://images.scrydex.com/pokemon/me55-1/small		0.8	dex+hp+damage+rarity
me55-16	Slowpoke	야돈	SV2a-079	ヤドン	Common	Common	https://images.scrydex.com/pokemon/me55-16/small	https://assets.tcgdex.net/ja/SV/SV2a/079/low.webp	0.8	dex+hp+damage+rarity
me55-77	Comfey	큐아링	SV9-043	リーリエのキュワワー	Common	Common	https://images.scrydex.com/pokemon/me55-77/small	https://assets.tcgdex.net/ja/SV/SV9/043/low.webp	0.8	dex+hp+damage+rarity
me55-87	Nidoran ♀	니드런♀	M6-041	ニドラン♀	Common	Common	https://images.scrydex.com/pokemon/me55-87/small		0.8	dex+hp+damage+rarity
me55-116	Eevee	이브이	SV2a-133	イーブイ	Common	Common	https://images.scrydex.com/pokemon/me55-116/small	https://assets.tcgdex.net/ja/SV/SV2a/133/low.webp	0.8	dex+hp+damage+rarity
me5-42	Mankey	망키	M5-040	マンキー	Common	Common	https://images.scrydex.com/pokemon/me5-42/small		0.8	dex+hp+damage+rarity
me5-46	Drilbur	두더류	M5-044	モグリュー	Common	Common	https://images.scrydex.com/pokemon/me5-46/small		0.8	dex+hp+damage+rarity
me5-55	Morpeko ex	모르페코 ex	M5-053	モルペコex	Double rare	Double Rare	https://images.scrydex.com/pokemon/me5-55/small		0.8	dex+hp+damage+rarity
me5-67	Trumbeak	크라파	M5-065	ケララッパ	Common	Common	https://images.scrydex.com/pokemon/me5-67/small		0.8	dex+hp+damage+rarity
me5-85	Fomantis	짜랑랑	M5-082	カリキリ	Illustration rare	Illustration Rare	https://images.scrydex.com/pokemon/me5-85/small		0.8	dex+hp+damage+rarity
me5-90	Slowbro	야도란	M5-087	ヤドラン	Illustration rare	Illustration Rare	https://images.scrydex.com/pokemon/me5-90/small		0.8	dex+hp+damage+rarity
me5-115	Mega Chandelure ex	메가샹델라 ex	M5-113	メガシャンデラex	Special illustration rare	Special Illustration Rare	https://images.scrydex.com/pokemon/me5-115/small		0.8	dex+hp+damage+rarity
me5-117	Morpeko ex	모르페코 ex	M5-115	モルペコex	Special illustration rare	Special Illustration Rare	https://images.scrydex.com/pokemon/me5-117/small		0.8	dex+hp+damage+rarity
me4-16	Remoraid	총어	M4-016	テッポウオ	Common	Common	https://images.scrydex.com/pokemon/me4-16/small		0.8	dex+hp+damage+rarity
me4-27	Mareep	메리프	M4-027	メリープ	Common	Common	https://images.scrydex.com/pokemon/me4-27/small		0.8	dex+hp+damage+rarity
me4-118	Mega Dragalge ex	메가드래캄 ex	M4-116	メガドラミドロex	Special illustration rare	Special Illustration Rare	https://images.scrydex.com/pokemon/me4-118/small		0.8	dex+hp+damage+rarity
me3-1	Spinarak	페이검	M3-001	イトマル	Common	Common	https://images.scrydex.com/pokemon/me3-1/small		0.8	dex+hp+damage+rarity
me3-2	Ariados	아리아도스	M3-002	アリアドス	Common	Common	https://images.scrydex.com/pokemon/me3-2/small		0.8	dex+hp+damage+rarity
me3-3	Shaymin	쉐이미	M3-003	シェイミ	Uncommon	Uncommon	https://images.scrydex.com/pokemon/me3-3/small		0.8	dex+hp+damage+rarity
me3-4	Snivy	주리비얀	M3-004	ツタージャ	Common	Common	https://images.scrydex.com/pokemon/me3-4/small		0.8	dex+hp+damage+rarity
me3-5	Servine	샤비	M3-005	ジャノビー	Common	Common	https://images.scrydex.com/pokemon/me3-5/small		0.8	dex+hp+damage+rarity
me3-7	Scatterbug	분이벌레	M3-007	コフキムシ	Common	Common	https://images.scrydex.com/pokemon/me3-7/small		0.8	dex+hp+damage+rarity
me3-8	Spewpa	분떠도리	M3-008	コフーライ	Common	Common	https://images.scrydex.com/pokemon/me3-8/small		0.8	dex+hp+damage+rarity
me3-9	Vivillon	비비용	M3-009	ビビヨン	Uncommon	Uncommon	https://images.scrydex.com/pokemon/me3-9/small		0.8	dex+hp+damage+rarity
me3-10	Rowlet	나몰빼미	M3-010	モクロー	Common	Common	https://images.scrydex.com/pokemon/me3-10/small		0.8	dex+hp+damage+rarity
me3-11	Dartrix	빼미스로우	M3-011	フクスロー	Common	Common	https://images.scrydex.com/pokemon/me3-11/small		0.8	dex+hp+damage+rarity
me3-12	Decidueye ex	모크나이퍼 ex	M3-012	ジュナイパーex	Double rare	Double Rare	https://images.scrydex.com/pokemon/me3-12/small		0.8	dex+hp+damage+rarity
me3-13	Fletchinder	불화살빈	M3-013	ヒノヤコマ	Common	Common	https://images.scrydex.com/pokemon/me3-13/small		0.8	dex+hp+damage+rarity
me3-14	Talonflame	파이어로	M3-014	ファイアロー	Uncommon	Uncommon	https://images.scrydex.com/pokemon/me3-14/small		0.8	dex+hp+damage+rarity
me3-15	Salandit	야도뇽	M3-015	ヤトウモリ	Common	Common	https://images.scrydex.com/pokemon/me3-15/small		0.8	dex+hp+damage+rarity
me3-16	Salazzle ex	염뉴트 ex	M3-016	エンニュートex	Double rare	Double Rare	https://images.scrydex.com/pokemon/me3-16/small		0.8	dex+hp+damage+rarity
me3-17	Turtonator	폭거북스	M3-017	バクガメス	Uncommon	Uncommon	https://images.scrydex.com/pokemon/me3-17/small		0.8	dex+hp+damage+rarity
me3-18	Seel	쥬쥬	M3-018	パウワウ	Common	Common	https://images.scrydex.com/pokemon/me3-18/small		0.8	dex+hp+damage+rarity
me3-19	Dewgong	쥬레곤	M3-019	ジュゴン	Rare	Rare	https://images.scrydex.com/pokemon/me3-19/small		0.8	dex+hp+damage+rarity
me3-21	Mega Starmie ex	메가아쿠스타 ex	M3-021	メガスターミーex	Double rare	Double Rare	https://images.scrydex.com/pokemon/me3-21/small		0.8	dex+hp+damage+rarity
me3-23	Amaura	아마루스	M3-022	アマルス	Common	Common	https://images.scrydex.com/pokemon/me3-23/small		0.8	dex+hp+damage+rarity
me3-27	Luxio	럭시오	M3-026	ルクシオ	Uncommon	Uncommon	https://images.scrydex.com/pokemon/me3-27/small		0.8	dex+hp+damage+rarity
me3-30	Clefairy	삐삐	M3-029	ピッピ	Common	Common	https://images.scrydex.com/pokemon/me3-30/small		0.8	dex+hp+damage+rarity
me3-31	Mega Clefable ex	메가픽시 ex	M3-030	メガピクシーex	Double rare	Double Rare	https://images.scrydex.com/pokemon/me3-31/small		0.8	dex+hp+damage+rarity
me3-33	Espurr	냐스퍼	M3-032	ニャスパー	Common	Common	https://images.scrydex.com/pokemon/me3-33/small		0.8	dex+hp+damage+rarity
me3-34	Meowstic	냐오닉스	M3-033	ニャオニクス	Uncommon	Uncommon	https://images.scrydex.com/pokemon/me3-34/small		0.8	dex+hp+damage+rarity
me3-35	Spritzee	슈쁘	M3-034	シュシュプ	Common	Common	https://images.scrydex.com/pokemon/me3-35/small		0.8	dex+hp+damage+rarity
me3-36	Aromatisse	프레프티르	M3-035	フレフワン	Uncommon	Uncommon	https://images.scrydex.com/pokemon/me3-36/small		0.8	dex+hp+damage+rarity
me3-37	Nosepass	코코파스	M3-036	ノズパス	Common	Common	https://images.scrydex.com/pokemon/me3-37/small		0.8	dex+hp+damage+rarity
me3-38	Probopass	대코파스	M3-037	ダイノーズ	Common	Common	https://images.scrydex.com/pokemon/me3-38/small		0.8	dex+hp+damage+rarity
me3-39	Hippopotas	히포포타스	M3-038	ヒポポタス	Common	Common	https://images.scrydex.com/pokemon/me3-39/small		0.8	dex+hp+damage+rarity
me3-40	Hippowdon	하마돈	M3-039	カバルドン	Uncommon	Uncommon	https://images.scrydex.com/pokemon/me3-40/small		0.8	dex+hp+damage+rarity
me3-41	Landorus	랜드로스	M3-040	ランドロス	Rare	Rare	https://images.scrydex.com/pokemon/me3-41/small		0.8	dex+hp+damage+rarity
me3-42	Binacle	거북손손	M3-041	カメテテ	Common	Common	https://images.scrydex.com/pokemon/me3-42/small		0.8	dex+hp+damage+rarity
me3-43	Barbaracle	거북손데스	M3-042	ガメノデス	Uncommon	Uncommon	https://images.scrydex.com/pokemon/me3-43/small		0.8	dex+hp+damage+rarity
me3-46	Hawlucha	루차불	M3-045	ルチャブル	Common	Common	https://images.scrydex.com/pokemon/me3-46/small		0.8	dex+hp+damage+rarity
me3-47	Mega Zygarde ex	메가지가르데 ex	M3-046	メガジガルデex	Double rare	Double Rare	https://images.scrydex.com/pokemon/me3-47/small		0.8	dex+hp+damage+rarity
me3-48	Gastly	고오스	M3-047	ゴース	Common	Common	https://images.scrydex.com/pokemon/me3-48/small		0.8	dex+hp+damage+rarity
me3-49	Haunter	고우스트	M3-048	ゴースト	Common	Common	https://images.scrydex.com/pokemon/me3-49/small		0.8	dex+hp+damage+rarity
me3-51	Skorupi	스콜피	M3-050	スコルピ	Common	Common	https://images.scrydex.com/pokemon/me3-51/small		0.8	dex+hp+damage+rarity
me3-52	Drapion	드래피온	M3-051	ドラピオン	Uncommon	Uncommon	https://images.scrydex.com/pokemon/me3-52/small		0.8	dex+hp+damage+rarity
me3-53	Yveltal ex	이벨타르 ex	M3-052	イベルタルex	Double rare	Double Rare	https://images.scrydex.com/pokemon/me3-53/small		0.8	dex+hp+damage+rarity
me3-54	Chien-Pao	파오젠	M3-053	パオジアン	Rare	Rare	https://images.scrydex.com/pokemon/me3-54/small		0.8	dex+hp+damage+rarity
me3-55	Mega Skarmory ex	메가무장조 ex	M3-054	メガエアームドex	Double rare	Double Rare	https://images.scrydex.com/pokemon/me3-55/small		0.8	dex+hp+damage+rarity
me3-56	Honedge	단칼빙	M3-055	ヒトツキ	Common	Common	https://images.scrydex.com/pokemon/me3-56/small		0.8	dex+hp+damage+rarity
me3-58	Aegislash	킬가르도	M3-057	ギルガルド	Uncommon	Uncommon	https://images.scrydex.com/pokemon/me3-58/small		0.8	dex+hp+damage+rarity
me3-59	Klefki	클레피	M3-058	クレッフィ	Common	Common	https://images.scrydex.com/pokemon/me3-59/small		0.8	dex+hp+damage+rarity
me3-60	Rattata	꼬렛	M3-059	コラッタ	Common	Common	https://images.scrydex.com/pokemon/me3-60/small		0.8	dex+hp+damage+rarity
me3-62	Meowth ex	나옹 ex	M3-061	ニャースex	Double rare	Double Rare	https://images.scrydex.com/pokemon/me3-62/small		0.8	dex+hp+damage+rarity
me3-63	Snorlax	잠만보	M3-062	カビゴン	Common	Common	https://images.scrydex.com/pokemon/me3-63/small		0.8	dex+hp+damage+rarity
me3-64	Bunnelby	파르빗	M3-063	ホルビー	Common	Common	https://images.scrydex.com/pokemon/me3-64/small		0.8	dex+hp+damage+rarity
me3-65	Diggersby	파르토	M3-064	ホルード	Uncommon	Uncommon	https://images.scrydex.com/pokemon/me3-65/small		0.8	dex+hp+damage+rarity
me3-66	Fletchling	화살꼬빈	M3-065	ヤヤコマ	Common	Common	https://images.scrydex.com/pokemon/me3-66/small		0.8	dex+hp+damage+rarity
me3-67	Furfrou	트리미앙	M3-066	トリミアン	Common	Common	https://images.scrydex.com/pokemon/me3-67/small		0.8	dex+hp+damage+rarity
me3-89	Spewpa	분떠도리	M3-081	コフーライ	Illustration rare	Illustration Rare	https://images.scrydex.com/pokemon/me3-89/small		0.8	dex+hp+damage+rarity
me3-90	Rowlet	나몰빼미	M3-082	モクロー	Illustration rare	Illustration Rare	https://images.scrydex.com/pokemon/me3-90/small		0.8	dex+hp+damage+rarity
me3-91	Talonflame	파이어로	M3-083	ファイアロー	Illustration rare	Illustration Rare	https://images.scrydex.com/pokemon/me3-91/small		0.8	dex+hp+damage+rarity
me3-92	Aurorus	아마루르가	M3-084	アマルルガ	Illustration rare	Illustration Rare	https://images.scrydex.com/pokemon/me3-92/small		0.8	dex+hp+damage+rarity
me3-93	Dedenne	데덴네	M3-085	デデンネ	Illustration rare	Illustration Rare	https://images.scrydex.com/pokemon/me3-93/small		0.8	dex+hp+damage+rarity
me3-94	Clefairy	삐삐	M3-086	ピッピ	Illustration rare	Illustration Rare	https://images.scrydex.com/pokemon/me3-94/small		0.8	dex+hp+damage+rarity
me3-95	Espurr	냐스퍼	M3-087	ニャスパー	Illustration rare	Illustration Rare	https://images.scrydex.com/pokemon/me3-95/small		0.8	dex+hp+damage+rarity
me3-96	Probopass	대코파스	M3-088	ダイノーズ	Illustration rare	Illustration Rare	https://images.scrydex.com/pokemon/me3-96/small		0.8	dex+hp+damage+rarity
me3-97	Drapion	드래피온	M3-090	ドラピオン	Illustration rare	Illustration Rare	https://images.scrydex.com/pokemon/me3-97/small		0.8	dex+hp+damage+rarity
me3-100	Decidueye ex	모크나이퍼 ex	M3-093	ジュナイパーex	Ultra Rare	Ultra Rare	https://images.scrydex.com/pokemon/me3-100/small		0.8	dex+hp+damage+rarity
me3-101	Salazzle ex	염뉴트 ex	M3-094	エンニュートex	Ultra Rare	Ultra Rare	https://images.scrydex.com/pokemon/me3-101/small		0.8	dex+hp+damage+rarity
me3-102	Mega Starmie ex	메가아쿠스타 ex	M3-095	メガスターミーex	Ultra Rare	Ultra Rare	https://images.scrydex.com/pokemon/me3-102/small		0.8	dex+hp+damage+rarity
me3-103	Mega Clefable ex	메가픽시 ex	M3-096	メガピクシーex	Ultra Rare	Ultra Rare	https://images.scrydex.com/pokemon/me3-103/small		0.8	dex+hp+damage+rarity
me3-104	Mega Zygarde ex	메가지가르데 ex	M3-097	メガジガルデex	Ultra Rare	Ultra Rare	https://images.scrydex.com/pokemon/me3-104/small		0.8	dex+hp+damage+rarity
me3-105	Yveltal ex	이벨타르 ex	M3-098	イベルタルex	Ultra Rare	Ultra Rare	https://images.scrydex.com/pokemon/me3-105/small		0.8	dex+hp+damage+rarity
me3-106	Mega Skarmory ex	메가무장조 ex	M3-099	メガエアームドex	Ultra Rare	Ultra Rare	https://images.scrydex.com/pokemon/me3-106/small		0.8	dex+hp+damage+rarity
me3-107	Meowth ex	나옹 ex	M3-100	ニャースex	Ultra Rare	Ultra Rare	https://images.scrydex.com/pokemon/me3-107/small		0.8	dex+hp+damage+rarity
me3-118	Mega Starmie ex	메가아쿠스타 ex	M3-111	メガスターミーex	Special illustration rare	Special Illustration Rare	https://images.scrydex.com/pokemon/me3-118/small		0.8	dex+hp+damage+rarity
me3-119	Mega Clefable ex	메가픽시 ex	M3-112	メガピクシーex	Special illustration rare	Special Illustration Rare	https://images.scrydex.com/pokemon/me3-119/small		0.8	dex+hp+damage+rarity
me3-120	Mega Zygarde ex	메가지가르데 ex	M3-113	メガジガルデex	Special illustration rare	Special Illustration Rare	https://images.scrydex.com/pokemon/me3-120/small		0.8	dex+hp+damage+rarity
me3-121	Meowth ex	나옹 ex	M3-114	ニャースex	Special illustration rare	Special Illustration Rare	https://images.scrydex.com/pokemon/me3-121/small		0.8	dex+hp+damage+rarity
me3-124	Mega Zygarde ex	메가지가르데 ex	M3-117	メガジガルデex	Mega Hyper Rare	Mega Hyper Rare	https://images.scrydex.com/pokemon/me3-124/small		0.8	dex+hp+damage+rarity
me2pt5-57	Pikachu ex	피카츄 ex	SV8-033	ピカチュウex	Double rare	Double Rare	https://images.scrydex.com/pokemon/me2pt5-57/small	https://assets.tcgdex.net/ja/SV/SV8/033/low.webp	0.8	dex+hp+damage+illustrator+rarity (2 candidates)
me2pt5-74	Clefairy	삐삐	SV6-045	ピッピ	Common	Common	https://images.scrydex.com/pokemon/me2pt5-74/small	https://assets.tcgdex.net/ja/SV/SV6/045/low.webp	0.8	dex+hp+damage+rarity
me2pt5-79	Team Rocket's Mewtwo ex	로켓단의 뮤츠 ex	SV10-039	ロケット団のミュウツーex	Double rare	Double Rare	https://images.scrydex.com/pokemon/me2pt5-79/small	https://assets.tcgdex.net/ja/SV/SV10/039/low.webp	0.8	dex+hp+damage+illustrator+rarity (2 candidates)
me2pt5-89	Mega Gardevoir ex	메가가디안 ex	M2a-071	メガサーナイトex	Double rare	Double Rare	https://images.scrydex.com/pokemon/me2pt5-89/small		0.8	dex+hp+damage+illustrator+rarity (2 candidates)
me2pt5-113	Mega Lucario ex	메가루카리오 ex	M1L-029	メガルカリオex	Double rare	Double Rare	https://images.scrydex.com/pokemon/me2pt5-113/small		0.8	dex+hp+damage+illustrator+rarity (2 candidates)
me2pt5-142	Fezandipiti ex	기로치 ex	SV6a-038	キチキギスex	Double rare	Double Rare	https://images.scrydex.com/pokemon/me2pt5-142/small	https://assets.tcgdex.net/ja/SV/SV6a/038/low.webp	0.8	dex+hp+damage+illustrator+rarity (2 candidates)
me2pt5-160	Dragapult ex	드래펄트 ex	SV6-081	ドラパルトex	Double rare	Double Rare	https://images.scrydex.com/pokemon/me2pt5-160/small	https://assets.tcgdex.net/ja/SV/SV6/081/low.webp	0.8	dex+hp+damage+illustrator+rarity (2 candidates)
me2pt5-227	Snorunt	눈꼬마	M2a-200	ユキワラシ	Illustration rare	Illustration Rare	https://images.scrydex.com/pokemon/me2pt5-227/small		0.8	dex+hp+damage+rarity
me2-109	Mega Charizard X ex	메가리자몽 X ex	M2a-223	メガリザードンXex	Ultra Rare	Ultra Rare	https://images.pokemontcg.io/me2/109.png		0.8	dex+hp+damage+rarity
me1-1	Bulbasaur	이상해씨	M1L-001	フシギダネ	Common	Common	https://images.pokemontcg.io/me1/1.png		0.8	dex+hp+damage+rarity
me1-2	Ivysaur	이상해풀	M1L-002	フシギソウ	Common	Common	https://images.pokemontcg.io/me1/2.png		0.8	dex+hp+damage+rarity
me1-3	Mega Venusaur ex	메가이상해꽃 ex	M1L-003	メガフシギバナex	Double rare	Double Rare	https://images.pokemontcg.io/me1/3.png		0.8	dex+hp+damage+rarity
me1-4	Exeggcute	아라리	M1L-004	タマタマ	Common	Common	https://images.pokemontcg.io/me1/4.png		0.8	dex+hp+damage+rarity
me1-5	Exeggutor	나시	M1L-005	ナッシー	Uncommon	Uncommon	https://images.pokemontcg.io/me1/5.png		0.8	dex+hp+damage+rarity
me1-6	Tangela	덩쿠리	M1S-001	モンジャラ	Common	Common	https://images.pokemontcg.io/me1/6.png		0.8	dex+hp+damage+rarity
me1-7	Tangrowth	덩쿠림보	M1S-002	モジャンボ	Uncommon	Uncommon	https://images.pokemontcg.io/me1/7.png		0.8	dex+hp+damage+rarity
me1-8	Chikorita	치코리타	M1S-003	チコリータ	Common	Common	https://images.pokemontcg.io/me1/8.png		0.8	dex+hp+damage+rarity
me1-9	Bayleef	베이리프	M1S-004	ベイリーフ	Common	Common	https://images.pokemontcg.io/me1/9.png		0.8	dex+hp+damage+rarity
me1-10	Meganium	메가니움	M1S-005	メガニウム	Rare	Rare	https://images.pokemontcg.io/me1/10.png		0.8	dex+hp+damage+rarity
me1-11	Shuckle	단단지	M1S-006	ツボツボ	Uncommon	Uncommon	https://images.pokemontcg.io/me1/11.png		0.8	dex+hp+damage+rarity
me1-12	Celebi	세레비	M1L-006	セレビィ	Uncommon	Uncommon	https://images.pokemontcg.io/me1/12.png		0.8	dex+hp+damage+rarity
me1-14	Nuzleaf	잎새코	M1L-008	コノハナ	Common	Common	https://images.pokemontcg.io/me1/14.png		0.8	dex+hp+damage+rarity
me1-15	Shiftry	다탱구	M1L-009	ダーテング	Uncommon	Uncommon	https://images.pokemontcg.io/me1/15.png		0.8	dex+hp+damage+rarity
me1-16	Nincada	토중몬	M1S-007	ツチニン	Common	Common	https://images.pokemontcg.io/me1/16.png		0.8	dex+hp+damage+rarity
me1-17	Ninjask	아이스크	M1S-008	テッカニン	Uncommon	Uncommon	https://images.pokemontcg.io/me1/17.png		0.8	dex+hp+damage+rarity
me1-18	Dhelmise	타타륜	M1S-009	ダダリン	Common	Common	https://images.pokemontcg.io/me1/18.png		0.8	dex+hp+damage+rarity
me1-19	Vulpix	식스테일	M1L-010	ロコン	Common	Common	https://images.pokemontcg.io/me1/19.png		0.8	dex+hp+damage+rarity
me1-20	Ninetales	나인테일	M1L-011	キュウコン	Uncommon	Uncommon	https://images.pokemontcg.io/me1/20.png		0.8	dex+hp+damage+rarity
me1-21	Numel	둔타	M1L-012	ドンメル	Common	Common	https://images.pokemontcg.io/me1/21.png		0.8	dex+hp+damage+rarity
me1-22	Mega Camerupt ex	메가폭타 ex	M1L-013	メガバクーダex	Double rare	Double Rare	https://images.pokemontcg.io/me1/22.png		0.8	dex+hp+damage+rarity
me1-23	Litleo	레오꼬	M1S-010	シシコ	Common	Common	https://images.pokemontcg.io/me1/23.png		0.8	dex+hp+damage+rarity
me1-24	Pyroar	화염레오	M1S-011	カエンジシ	Uncommon	Uncommon	https://images.pokemontcg.io/me1/24.png		0.8	dex+hp+damage+rarity
me1-25	Volcanion	볼케니온	M1L-014	ボルケニオン	Uncommon	Uncommon	https://images.pokemontcg.io/me1/25.png		0.8	dex+hp+damage+rarity
me1-26	Scorbunny	염버니	M1L-015	ヒバニー	Common	Common	https://images.pokemontcg.io/me1/26.png		0.8	dex+hp+damage+rarity
me1-27	Raboot	래비풋	M1L-016	ラビフット	Common	Common	https://images.pokemontcg.io/me1/27.png		0.8	dex+hp+damage+rarity
me1-28	Cinderace	에이스번	M1L-017	エースバーン	Rare	Rare	https://images.pokemontcg.io/me1/28.png		0.8	dex+hp+damage+rarity
me1-29	Sizzlipede	태우지네	M1S-012	ヤクデ	Common	Common	https://images.pokemontcg.io/me1/29.png		0.8	dex+hp+damage+rarity
me1-30	Centiskorch	다태우지네	M1S-013	マルヤクデ	Uncommon	Uncommon	https://images.pokemontcg.io/me1/30.png		0.8	dex+hp+damage+rarity
me1-31	Chi-Yu	위유이	M1S-014	イーユイ	Uncommon	Uncommon	https://images.pokemontcg.io/me1/31.png		0.8	dex+hp+damage+rarity
me1-32	Mantine	만타인	M1S-015	マンタイン	Common	Common	https://images.pokemontcg.io/me1/32.png		0.8	dex+hp+damage+rarity
me1-33	Corphish	가재군	M1L-018	ヘイガニ	Common	Common	https://images.pokemontcg.io/me1/33.png		0.8	dex+hp+damage+rarity
me1-34	Kyogre	가이오가	M1S-016	カイオーガ	Rare	Rare	https://images.pokemontcg.io/me1/34.png		0.8	dex+hp+damage+rarity
me1-35	Snover	눈쓰개	M1S-017	ユキカブリ	Common	Common	https://images.pokemontcg.io/me1/35.png		0.8	dex+hp+damage+rarity
me1-37	Clauncher	완철포	M1S-019	ウデッポウ	Common	Common	https://images.pokemontcg.io/me1/37.png		0.8	dex+hp+damage+rarity
me1-38	Clawitzer	블로스터	M1S-020	ブロスター	Rare	Rare	https://images.pokemontcg.io/me1/38.png		0.8	dex+hp+damage+rarity
me1-39	Sobble	울머기	M1S-021	メッソン	Common	Common	https://images.pokemontcg.io/me1/39.png		0.8	dex+hp+damage+rarity
me1-40	Drizzile	누겔레온	M1S-022	ジメレオン	Common	Common	https://images.pokemontcg.io/me1/40.png		0.8	dex+hp+damage+rarity
me1-41	Inteleon	인텔리레온	M1S-023	インテレオン	Uncommon	Uncommon	https://images.pokemontcg.io/me1/41.png		0.8	dex+hp+damage+rarity
me1-42	Snom	누니머기	M1S-024	ユキハミ	Common	Common	https://images.pokemontcg.io/me1/42.png		0.8	dex+hp+damage+rarity
me1-43	Frosmoth	모스노우	M1S-025	モスノウ	Uncommon	Uncommon	https://images.pokemontcg.io/me1/43.png		0.8	dex+hp+damage+rarity
me1-44	Eiscue	빙큐보	M1S-026	コオリッポ	Common	Common	https://images.pokemontcg.io/me1/44.png		0.8	dex+hp+damage+rarity
me1-45	Magnemite	코일	M1S-027	コイル	Common	Common	https://images.pokemontcg.io/me1/45.png		0.8	dex+hp+damage+rarity
me1-46	Magneton	레어코일	M1S-028	レアコイル	Common	Common	https://images.pokemontcg.io/me1/46.png		0.8	dex+hp+damage+rarity
me1-47	Magnezone	자포코일	M1S-029	ジバコイル	Uncommon	Uncommon	https://images.pokemontcg.io/me1/47.png		0.8	dex+hp+damage+rarity
me1-48	Raikou	라이코	M1S-030	ライコウ	Rare	Rare	https://images.pokemontcg.io/me1/48.png		0.8	dex+hp+damage+rarity
me1-49	Electrike	썬더라이	M1S-031	ラクライ	Common	Common	https://images.pokemontcg.io/me1/49.png		0.8	dex+hp+damage+rarity
me1-50	Mega Manectric ex	메가썬더볼트 ex	M1S-032	メガライボルトex	Double rare	Double Rare	https://images.pokemontcg.io/me1/50.png		0.8	dex+hp+damage+rarity
me1-51	Pachirisu	파치리스	M1S-033	パチリス	Common	Common	https://images.pokemontcg.io/me1/51.png		0.8	dex+hp+damage+rarity
me1-52	Helioptile	목도리키텔	M1S-034	エリキテル	Common	Common	https://images.pokemontcg.io/me1/52.png		0.8	dex+hp+damage+rarity
me1-53	Heliolisk	일레도리자드	M1S-035	エレザード	Common	Common	https://images.pokemontcg.io/me1/53.png		0.8	dex+hp+damage+rarity
me1-54	Abra	캐이시	M1S-036	ケーシィ	Common	Common	https://images.pokemontcg.io/me1/54.png		0.8	dex+hp+damage+rarity
me1-56	Alakazam	후딘	M1S-038	フーディン	Rare	Rare	https://images.pokemontcg.io/me1/56.png		0.8	dex+hp+damage+rarity
me1-57	Jynx	루주라	M1S-039	ルージュラ	Common	Common	https://images.pokemontcg.io/me1/57.png		0.8	dex+hp+damage+rarity
me1-58	Ralts	랄토스	M1S-040	ラルトス	Common	Common	https://images.pokemontcg.io/me1/58.png		0.8	dex+hp+damage+rarity
me1-59	Kirlia	킬리아	M1S-041	キルリア	Common	Common	https://images.pokemontcg.io/me1/59.png		0.8	dex+hp+damage+rarity
me1-61	Shedinja	껍질몬	M1S-043	ヌケニン	Uncommon	Uncommon	https://images.pokemontcg.io/me1/61.png		0.8	dex+hp+damage+rarity
me1-62	Spoink	피그점프	M1S-044	バネブー	Common	Common	https://images.pokemontcg.io/me1/62.png		0.8	dex+hp+damage+rarity
me1-63	Grumpig	피그킹	M1S-045	ブーピッグ	Uncommon	Uncommon	https://images.pokemontcg.io/me1/63.png		0.8	dex+hp+damage+rarity
me1-64	Xerneas	제르네아스	M1S-046	ゼルネアス	Rare	Rare	https://images.pokemontcg.io/me1/64.png		0.8	dex+hp+damage+rarity
me1-65	Greavard	망망이	M1S-047	ボチ	Common	Common	https://images.pokemontcg.io/me1/65.png		0.8	dex+hp+damage+rarity
me1-66	Houndstone	묘두기	M1S-048	ハカドッグ	Uncommon	Uncommon	https://images.pokemontcg.io/me1/66.png		0.8	dex+hp+damage+rarity
me1-67	Gimmighoul	모으령	M1L-019	コレクレー	Common	Common	https://images.pokemontcg.io/me1/67.png		0.8	dex+hp+damage+rarity
me1-68	Sandshrew	모래두지	M1L-020	サンド	Common	Common	https://images.pokemontcg.io/me1/68.png		0.8	dex+hp+damage+rarity
me1-69	Sandslash	고지	M1L-021	サンドパン	Common	Common	https://images.pokemontcg.io/me1/69.png		0.8	dex+hp+damage+rarity
me1-70	Onix	롱스톤	M1L-022	イワーク	Common	Common	https://images.pokemontcg.io/me1/70.png		0.8	dex+hp+damage+rarity
me1-71	Tyrogue	배루키	M1L-023	バルキー	Common	Common	https://images.pokemontcg.io/me1/71.png		0.8	dex+hp+damage+rarity
me1-72	Makuhita	마크탕	M1L-024	マクノシタ	Common	Common	https://images.pokemontcg.io/me1/72.png		0.8	dex+hp+damage+rarity
me1-73	Hariyama	하리뭉	M1L-025	ハリテヤマ	Rare	Rare	https://images.pokemontcg.io/me1/73.png		0.8	dex+hp+damage+rarity
me1-74	Lunatone	루나톤	M1L-026	ルナトーン	Rare	Rare	https://images.pokemontcg.io/me1/74.png		0.8	dex+hp+damage+rarity
me1-75	Solrock	솔록	M1L-027	ソルロック	Uncommon	Uncommon	https://images.pokemontcg.io/me1/75.png		0.8	dex+hp+damage+rarity
me1-76	Riolu	리오르	M1L-028	リオル	Common	Common	https://images.pokemontcg.io/me1/76.png		0.8	dex+hp+damage+rarity
me1-78	Croagunk	삐딱구리	M1L-030	グレッグル	Common	Common	https://images.pokemontcg.io/me1/78.png		0.8	dex+hp+damage+rarity
me1-79	Toxicroak	독개굴	M1L-031	ドクロッグ	Common	Common	https://images.pokemontcg.io/me1/79.png		0.8	dex+hp+damage+rarity
me1-80	Marshadow	마샤도	M1L-032	マーシャドー	Uncommon	Uncommon	https://images.pokemontcg.io/me1/80.png		0.8	dex+hp+damage+rarity
me1-81	Stonjourner	돌헨진	M1L-033	イシヘンジン	Uncommon	Uncommon	https://images.pokemontcg.io/me1/81.png		0.8	dex+hp+damage+rarity
me1-83	Naclstack	스태솔트	M1L-035	ジオヅム	Common	Common	https://images.pokemontcg.io/me1/83.png		0.8	dex+hp+damage+rarity
me1-84	Garganacl	콜로솔트	M1L-036	キョジオーン	Uncommon	Uncommon	https://images.pokemontcg.io/me1/84.png		0.8	dex+hp+damage+rarity
me1-85	Crawdaunt	가재장군	M1L-037	シザリガー	Uncommon	Uncommon	https://images.pokemontcg.io/me1/85.png		0.8	dex+hp+damage+rarity
me1-86	Mega Absol ex	메가앱솔 ex	M1L-038	メガアブソルex	Double rare	Double Rare	https://images.pokemontcg.io/me1/86.png		0.8	dex+hp+damage+rarity
me1-87	Spiritomb	화강돌	M1L-039	ミカルゲ	Uncommon	Uncommon	https://images.pokemontcg.io/me1/87.png		0.8	dex+hp+damage+rarity
me1-88	Yveltal	이벨타르	M1L-040	イベルタル	Rare	Rare	https://images.pokemontcg.io/me1/88.png		0.8	dex+hp+damage+rarity
me1-89	Nickit	훔처우	M1L-041	クスネ	Common	Common	https://images.pokemontcg.io/me1/89.png		0.8	dex+hp+damage+rarity
me1-90	Thievul	폭슬라이	M1L-042	フォクスライ	Common	Common	https://images.pokemontcg.io/me1/90.png		0.8	dex+hp+damage+rarity
me1-92	Grafaiai	태깅구르	M1L-044	タギングル	Common	Common	https://images.pokemontcg.io/me1/92.png		0.8	dex+hp+damage+rarity
me1-93	Steelix	강철톤	M1L-045	ハガネール	Rare	Rare	https://images.pokemontcg.io/me1/93.png		0.8	dex+hp+damage+rarity
me1-95	Dialga	디아루가	M1L-047	ディアルガ	Rare	Rare	https://images.pokemontcg.io/me1/95.png		0.8	dex+hp+damage+rarity
me1-96	Tinkatink	어리짱	M1L-048	カヌチャン	Common	Common	https://images.pokemontcg.io/me1/96.png		0.8	dex+hp+damage+rarity
me1-97	Tinkatuff	벼리짱	M1L-049	ナカヌチャン	Common	Common	https://images.pokemontcg.io/me1/97.png		0.8	dex+hp+damage+rarity
me1-98	Tinkaton	두드리짱	M1L-050	デカヌチャン	Uncommon	Uncommon	https://images.pokemontcg.io/me1/98.png		0.8	dex+hp+damage+rarity
me1-99	Gholdengo	타부자고	M1L-051	サーフゴー	Uncommon	Uncommon	https://images.pokemontcg.io/me1/99.png		0.8	dex+hp+damage+rarity
me1-100	Mega Latias ex	메가라티아스 ex	M1S-049	メガラティアスex	Double rare	Double Rare	https://images.pokemontcg.io/me1/100.png		0.8	dex+hp+damage+rarity
me1-101	Latios	라티오스	M1S-050	ラティオス	Uncommon	Uncommon	https://images.pokemontcg.io/me1/101.png		0.8	dex+hp+damage+rarity
me1-102	Spearow	깨비참	M1L-052	オニスズメ	Common	Common	https://images.pokemontcg.io/me1/102.png		0.8	dex+hp+damage+rarity
me1-104	Mega Kangaskhan ex	메가캥카 ex	M1S-051	メガガルーラex	Double rare	Double Rare	https://images.pokemontcg.io/me1/104.png		0.8	dex+hp+damage+rarity
me1-106	Miltank	밀탱크	M1L-054	ミルタンク	Common	Common	https://images.pokemontcg.io/me1/106.png		0.8	dex+hp+damage+rarity
me1-107	Buneary	이어롤	M1S-053	ミミロル	Common	Common	https://images.pokemontcg.io/me1/107.png		0.8	dex+hp+damage+rarity
me1-109	Yungoos	영구스	M1L-055	ヤングース	Common	Common	https://images.pokemontcg.io/me1/109.png		0.8	dex+hp+damage+rarity
me1-110	Gumshoos	형사구스	M1L-056	デカグース	Uncommon	Uncommon	https://images.pokemontcg.io/me1/110.png		0.8	dex+hp+damage+rarity
me1-111	Stufful	포곰곰	M1S-055	ヌイコグマ	Common	Common	https://images.pokemontcg.io/me1/111.png		0.8	dex+hp+damage+rarity
me1-112	Bewear	이븐곰	M1S-056	キテルグマ	Common	Common	https://images.pokemontcg.io/me1/112.png		0.8	dex+hp+damage+rarity
me1-133	Bulbasaur	이상해씨	M1L-064	フシギダネ	Illustration rare	Illustration Rare	https://images.pokemontcg.io/me1/133.png		0.8	dex+hp+damage+rarity
me1-134	Ivysaur	이상해풀	M1L-065	フシギソウ	Illustration rare	Illustration Rare	https://images.pokemontcg.io/me1/134.png		0.8	dex+hp+damage+rarity
me1-135	Exeggutor	나시	M1L-066	ナッシー	Illustration rare	Illustration Rare	https://images.pokemontcg.io/me1/135.png		0.8	dex+hp+damage+rarity
me1-137	Ninjask	아이스크	M1S-065	テッカニン	Illustration rare	Illustration Rare	https://images.pokemontcg.io/me1/137.png		0.8	dex+hp+damage+rarity
me1-138	Vulpix	식스테일	M1L-067	ロコン	Illustration rare	Illustration Rare	https://images.pokemontcg.io/me1/138.png		0.8	dex+hp+damage+rarity
me1-139	Litleo	레오꼬	M1S-066	シシコ	Illustration rare	Illustration Rare	https://images.pokemontcg.io/me1/139.png		0.8	dex+hp+damage+rarity
me1-140	Snover	눈쓰개	M1S-067	ユキカブリ	Illustration rare	Illustration Rare	https://images.pokemontcg.io/me1/140.png		0.8	dex+hp+damage+rarity
me1-141	Clawitzer	블로스터	M1S-068	ブロスター	Illustration rare	Illustration Rare	https://images.pokemontcg.io/me1/141.png		0.8	dex+hp+damage+rarity
me1-142	Inteleon	인텔리레온	M1S-069	インテレオン	Illustration rare	Illustration Rare	https://images.pokemontcg.io/me1/142.png		0.8	dex+hp+damage+rarity
me1-143	Helioptile	목도리키텔	M1S-070	エリキテル	Illustration rare	Illustration Rare	https://images.pokemontcg.io/me1/143.png		0.8	dex+hp+damage+rarity
me1-144	Shedinja	껍질몬	M1S-072	ヌケニン	Illustration rare	Illustration Rare	https://images.pokemontcg.io/me1/144.png		0.8	dex+hp+damage+rarity
me1-145	Houndstone	묘두기	M1S-073	ハカドッグ	Illustration rare	Illustration Rare	https://images.pokemontcg.io/me1/145.png		0.8	dex+hp+damage+rarity
me1-146	Marshadow	마샤도	M1L-069	マーシャドー	Illustration rare	Illustration Rare	https://images.pokemontcg.io/me1/146.png		0.8	dex+hp+damage+rarity
me1-147	Garganacl	콜로솔트	M1L-070	キョジオーン	Illustration rare	Illustration Rare	https://images.pokemontcg.io/me1/147.png		0.8	dex+hp+damage+rarity
me1-148	Spiritomb	화강돌	M1L-071	ミカルゲ	Illustration rare	Illustration Rare	https://images.pokemontcg.io/me1/148.png		0.8	dex+hp+damage+rarity
me1-149	Shroodle	땃쭈르	M1L-072	シルシュルー	Illustration rare	Illustration Rare	https://images.pokemontcg.io/me1/149.png		0.8	dex+hp+damage+rarity
me1-150	Steelix	강철톤	M1L-073	ハガネール	Illustration rare	Illustration Rare	https://images.pokemontcg.io/me1/150.png		0.8	dex+hp+damage+rarity
me1-151	Spearow	깨비참	M1L-074	オニスズメ	Illustration rare	Illustration Rare	https://images.pokemontcg.io/me1/151.png		0.8	dex+hp+damage+rarity
me1-152	Delibird	딜리버드	M1S-074	デリバード	Illustration rare	Illustration Rare	https://images.pokemontcg.io/me1/152.png		0.8	dex+hp+damage+rarity
me1-153	Gumshoos	형사구스	M1L-075	デカグース	Illustration rare	Illustration Rare	https://images.pokemontcg.io/me1/153.png		0.8	dex+hp+damage+rarity
me1-154	Stufful	포곰곰	M1S-075	ヌイコグマ	Illustration rare	Illustration Rare	https://images.pokemontcg.io/me1/154.png		0.8	dex+hp+damage+rarity
me1-155	Mega Venusaur ex	메가이상해꽃 ex	M1L-076	メガフシギバナex	Ultra Rare	Ultra Rare	https://images.pokemontcg.io/me1/155.png		0.8	dex+hp+damage+rarity
me1-156	Mega Camerupt ex	메가폭타 ex	M1L-077	メガバクーダex	Ultra Rare	Ultra Rare	https://images.pokemontcg.io/me1/156.png		0.8	dex+hp+damage+rarity
me1-159	Mega Gardevoir ex	메가가디안 ex	M2a-226	メガサーナイトex	Ultra Rare	Ultra Rare	https://images.pokemontcg.io/me1/159.png		0.8	dex+hp+damage+rarity
me1-161	Mega Absol ex	메가앱솔 ex	M1L-079	メガアブソルex	Ultra Rare	Ultra Rare	https://images.pokemontcg.io/me1/161.png		0.8	dex+hp+damage+rarity
me1-177	Mega Venusaur ex	메가이상해꽃 ex	M1L-087	メガフシギバナex	Special illustration rare	Special Illustration Rare	https://images.pokemontcg.io/me1/177.png		0.8	dex+hp+damage+rarity
me1-178	Mega Gardevoir ex	메가가디안 ex	M1S-087	メガサーナイトex	Special illustration rare	Special Illustration Rare	https://images.pokemontcg.io/me1/178.png		0.8	dex+hp+damage+rarity
me1-179	Mega Lucario ex	메가루카리오 ex	M1L-088	メガルカリオex	Special illustration rare	Special Illustration Rare	https://images.pokemontcg.io/me1/179.png		0.8	dex+hp+damage+rarity
me1-180	Mega Absol ex	메가앱솔 ex	M1L-089	メガアブソルex	Special illustration rare	Special Illustration Rare	https://images.pokemontcg.io/me1/180.png		0.8	dex+hp+damage+rarity
me1-181	Mega Latias ex	메가라티아스 ex	M1S-088	メガラティアスex	Special illustration rare	Special Illustration Rare	https://images.pokemontcg.io/me1/181.png		0.8	dex+hp+damage+rarity
me1-182	Mega Kangaskhan ex	메가캥카 ex	M1S-089	メガガルーラex	Special illustration rare	Special Illustration Rare	https://images.pokemontcg.io/me1/182.png		0.8	dex+hp+damage+rarity
me1-187	Mega Gardevoir ex	메가가디안 ex	M1S-092	メガサーナイトex	Mega Hyper Rare	Mega Hyper Rare	https://images.pokemontcg.io/me1/187.png		0.8	dex+hp+damage+rarity
me1-188	Mega Lucario ex	메가루카리오 ex	M1L-092	メガルカリオex	Mega Hyper Rare	Mega Hyper Rare	https://images.pokemontcg.io/me1/188.png		0.8	dex+hp+damage+rarity
rsv10pt5-20	Reshiram ex	레시라무 ex	SV11W-017	レシラムex	Double rare	Double Rare	https://images.pokemontcg.io/rsv10pt5/20.png		0.8	dex+hp+damage+illustrator+rarity (2 candidates)
rsv10pt5-172	Victini	비크티니	SV11B-012	ビクティニ	Rare	Rare	https://images.pokemontcg.io/rsv10pt5/172.png		0.8	dex+hp+damage+rarity
zsv10pt5-34	Zekrom ex	제크로무 ex	SV11B-037	ゼクロムex	Double rare	Double Rare	https://images.pokemontcg.io/zsv10pt5/34.png		0.8	dex+hp+damage+illustrator+rarity (2 candidates)
zsv10pt5-67	Genesect ex	게노세크트 ex	SV11B-069	ゲノセクトex	Double rare	Double Rare	https://images.pokemontcg.io/zsv10pt5/67.png		0.8	dex+hp+damage+illustrator+rarity (2 candidates)
zsv10pt5-171	Victini	비크티니	SV11B-012	ビクティニ	Rare	Rare	https://images.pokemontcg.io/zsv10pt5/171.png		0.8	dex+hp+damage+rarity
sv10-1	Ethan's Pinsir	심향의 쁘사이저	SV9a-001	ヒビキのカイロス	Uncommon	Uncommon	https://images.pokemontcg.io/sv10/1.png	https://assets.tcgdex.net/ja/SV/SV9a/001/low.webp	0.8	dex+hp+damage+rarity
sv10-2	Yanma	왕자리	SV9a-002	ヤンヤンマ	Common	Common	https://images.pokemontcg.io/sv10/2.png	https://assets.tcgdex.net/ja/SV/SV9a/002/low.webp	0.8	dex+hp+damage+rarity
sv10-3	Yanmega ex	메가자리 ex	M2a-003	メガヤンマex	Double rare	Double Rare	https://images.pokemontcg.io/sv10/3.png		0.8	dex+hp+damage+rarity
sv10-4	Pineco	피콘	SV10-001	クヌギダマ	Common	Common	https://images.pokemontcg.io/sv10/4.png	https://assets.tcgdex.net/ja/SV/SV10/001/low.webp	0.8	dex+hp+damage+rarity
sv10-5	Shroomish	버섯꼬	SV10-002	キノココ	Common	Common	https://images.pokemontcg.io/sv10/5.png	https://assets.tcgdex.net/ja/SV/SV10/002/low.webp	0.8	dex+hp+damage+rarity
sv10-6	Breloom	버섯모	SV10-003	キノガッサ	Common	Common	https://images.pokemontcg.io/sv10/6.png	https://assets.tcgdex.net/ja/SV/SV10/003/low.webp	0.8	dex+hp+damage+rarity
sv10-7	Cynthia's Roselia	난천의 로젤리아	SV9a-004	シロナのロゼリア	Common	Common	https://images.pokemontcg.io/sv10/7.png	https://assets.tcgdex.net/ja/SV/SV9a/004/low.webp	0.8	dex+hp+damage+rarity
sv10-8	Cynthia's Roserade	난천의 로즈레이드	SV9a-005	シロナのロズレイド	Rare	Rare	https://images.pokemontcg.io/sv10/8.png	https://assets.tcgdex.net/ja/SV/SV9a/005/low.webp	0.8	dex+hp+damage+rarity
sv10-9	Mow Rotom	커트로토무	SV10-004	カットロトム	Common	Common	https://images.pokemontcg.io/sv10/9.png	https://assets.tcgdex.net/ja/SV/SV10/004/low.webp	0.8	dex+hp+damage+rarity
sv10-10	Shaymin	쉐이미	SV9a-006	シェイミ	Uncommon	Uncommon	https://images.pokemontcg.io/sv10/10.png	https://assets.tcgdex.net/ja/SV/SV9a/006/low.webp	0.8	dex+hp+damage+rarity
sv10-11	Dwebble	돌살이	SV9a-007	イシズマイ	Common	Common	https://images.pokemontcg.io/sv10/11.png	https://assets.tcgdex.net/ja/SV/SV9a/007/low.webp	0.8	dex+hp+damage+rarity
sv10-12	Crustle	암팰리스	SV9a-008	イワパレス	Rare	Rare	https://images.pokemontcg.io/sv10/12.png	https://assets.tcgdex.net/ja/SV/SV9a/008/low.webp	0.8	dex+hp+damage+rarity
sv10-13	Fomantis	짜랑랑	SV10-005	カリキリ	Common	Common	https://images.pokemontcg.io/sv10/13.png	https://assets.tcgdex.net/ja/SV/SV10/005/low.webp	0.8	dex+hp+damage+rarity
sv10-14	Lurantis	라란티스	SV10-006	ラランテス	Uncommon	Uncommon	https://images.pokemontcg.io/sv10/14.png	https://assets.tcgdex.net/ja/SV/SV10/006/low.webp	0.8	dex+hp+damage+rarity
sv10-15	Team Rocket's Blipbug	로켓단의 두루지벌레	SV10-007	ロケット団のサッチムシ	Common	Common	https://images.pokemontcg.io/sv10/15.png	https://assets.tcgdex.net/ja/SV/SV10/007/low.webp	0.8	dex+hp+damage+rarity
sv10-16	Applin	과사삭벌레	SV9a-009	カジッチュ	Common	Common	https://images.pokemontcg.io/sv10/16.png	https://assets.tcgdex.net/ja/SV/SV9a/009/low.webp	0.8	dex+hp+damage+rarity
sv10-17	Dipplin	과미르	SV9a-010	カミッチュ	Common	Common	https://images.pokemontcg.io/sv10/17.png	https://assets.tcgdex.net/ja/SV/SV9a/010/low.webp	0.8	dex+hp+damage+rarity
sv10-18	Hydrapple	과미드라	SV9a-011	カミツオロチ	Rare	Rare	https://images.pokemontcg.io/sv10/18.png	https://assets.tcgdex.net/ja/SV/SV9a/011/low.webp	0.8	dex+hp+damage+rarity
sv10-19	Team Rocket's Tarountula	로켓단의 타랜툴라	SV10-008	ロケット団のタマンチュラ	Common	Common	https://images.pokemontcg.io/sv10/19.png	https://assets.tcgdex.net/ja/SV/SV10/008/low.webp	0.8	dex+hp+damage+rarity
sv10-20	Team Rocket's Spidops	로켓단의 트래피더	SV10-009	ロケット団のワナイダー	Rare	Rare	https://images.pokemontcg.io/sv10/20.png	https://assets.tcgdex.net/ja/SV/SV10/009/low.webp	0.8	dex+hp+damage+rarity
sv10-21	Smoliv	미니브	SV10-010	ミニーブ	Common	Common	https://images.pokemontcg.io/sv10/21.png	https://assets.tcgdex.net/ja/SV/SV10/010/low.webp	0.8	dex+hp+damage+rarity
sv10-22	Dolliv	올리뇨	SV10-011	オリーニョ	Common	Common	https://images.pokemontcg.io/sv10/22.png	https://assets.tcgdex.net/ja/SV/SV10/011/low.webp	0.8	dex+hp+damage+rarity
sv10-23	Arboliva ex	올리르바 ex	SV10-012	オリーヴァex	Double rare	Double Rare	https://images.pokemontcg.io/sv10/23.png	https://assets.tcgdex.net/ja/SV/SV10/012/low.webp	0.8	dex+hp+damage+rarity
sv10-24	Rellor	구르데	SV8-008	シガロコ	Common	Common	https://images.pokemontcg.io/sv10/24.png	https://assets.tcgdex.net/ja/SV/SV8/008/low.webp	0.8	dex+hp+damage+rarity
sv10-26	Teal Mask Ogerpon	오거폰 벽록의 가면	SV9a-012	オーガポン みどりのめん	Uncommon	Uncommon	https://images.pokemontcg.io/sv10/26.png	https://assets.tcgdex.net/ja/SV/SV9a/012/low.webp	0.8	dex+hp+damage+rarity
sv10-27	Growlithe	가디	SV10-013	ガーディ	Common	Common	https://images.pokemontcg.io/sv10/27.png	https://assets.tcgdex.net/ja/SV/SV10/013/low.webp	0.8	dex+hp+damage+rarity
sv10-28	Arcanine	윈디	SV10-014	ウインディ	Uncommon	Uncommon	https://images.pokemontcg.io/sv10/28.png	https://assets.tcgdex.net/ja/SV/SV10/014/low.webp	0.8	dex+hp+damage+rarity
sv10-29	Ponyta	포니타	SV9a-013	ポニータ	Common	Common	https://images.pokemontcg.io/sv10/29.png	https://assets.tcgdex.net/ja/SV/SV9a/013/low.webp	0.8	dex+hp+damage+rarity
sv10-30	Rapidash	날쌩마	SV9a-014	ギャロップ	Uncommon	Uncommon	https://images.pokemontcg.io/sv10/30.png	https://assets.tcgdex.net/ja/SV/SV9a/014/low.webp	0.8	dex+hp+damage+rarity
sv10-31	Team Rocket's Moltres ex	로켓단의 파이어 ex	SV10-015	ロケット団のファイヤーex	Double rare	Double Rare	https://images.pokemontcg.io/sv10/31.png	https://assets.tcgdex.net/ja/SV/SV10/015/low.webp	0.8	dex+hp+damage+rarity
sv10-32	Ethan's Cyndaquil	심향의 브케인	SV9a-015	ヒビキのヒノアラシ	Common	Common	https://images.pokemontcg.io/sv10/32.png	https://assets.tcgdex.net/ja/SV/SV9a/015/low.webp	0.8	dex+hp+damage+rarity
sv10-33	Ethan's Quilava	심향의 마그케인	SV9a-016	ヒビキのマグマラシ	Common	Common	https://images.pokemontcg.io/sv10/33.png	https://assets.tcgdex.net/ja/SV/SV9a/016/low.webp	0.8	dex+hp+damage+rarity
sv10-34	Ethan's Typhlosion	심향의 블레이범	SV9a-017	ヒビキのバクフーン	Rare	Rare	https://images.pokemontcg.io/sv10/34.png	https://assets.tcgdex.net/ja/SV/SV9a/017/low.webp	0.8	dex+hp+damage+rarity
sv10-36	Ethan's Magcargo	심향의 마그카르고	SV9a-019	ヒビキのマグカルゴ	Rare	Rare	https://images.pokemontcg.io/sv10/36.png	https://assets.tcgdex.net/ja/SV/SV9a/019/low.webp	0.8	dex+hp+damage+rarity
sv10-37	Team Rocket's Houndour	로켓단의 델빌	SV10-016	ロケット団のデルビル	Common	Common	https://images.pokemontcg.io/sv10/37.png	https://assets.tcgdex.net/ja/SV/SV10/016/low.webp	0.8	dex+hp+damage+rarity
sv10-38	Team Rocket's Houndoom	로켓단의 헬가	SV10-017	ロケット団のヘルガー	Uncommon	Uncommon	https://images.pokemontcg.io/sv10/38.png	https://assets.tcgdex.net/ja/SV/SV10/017/low.webp	0.8	dex+hp+damage+rarity
sv10-39	Ethan's Ho-Oh ex	심향의 칠색조 ex	M2a-021	ヒビキのホウオウex	Double rare	Double Rare	https://images.pokemontcg.io/sv10/39.png		0.8	dex+hp+damage+rarity
sv10-40	Torchic	아차모	SV10-018	アチャモ	Common	Common	https://images.pokemontcg.io/sv10/40.png	https://assets.tcgdex.net/ja/SV/SV10/018/low.webp	0.8	dex+hp+damage+rarity
sv10-41	Combusken	영치코	SV10-019	ワカシャモ	Common	Common	https://images.pokemontcg.io/sv10/41.png	https://assets.tcgdex.net/ja/SV/SV10/019/low.webp	0.8	dex+hp+damage+rarity
sv10-42	Blaziken	번치코	SV10-020	バシャーモ	Rare	Rare	https://images.pokemontcg.io/sv10/42.png	https://assets.tcgdex.net/ja/SV/SV10/020/low.webp	0.8	dex+hp+damage+rarity
sv10-43	Heat Rotom	히트로토무	SV10-021	ヒートロトム	Common	Common	https://images.pokemontcg.io/sv10/43.png	https://assets.tcgdex.net/ja/SV/SV10/021/low.webp	0.8	dex+hp+damage+rarity
sv10-44	Hearthflame Mask Ogerpon	오거폰 화덕의 가면	SV9a-021	オーガポン かまどのめん	Uncommon	Uncommon	https://images.pokemontcg.io/sv10/44.png	https://assets.tcgdex.net/ja/SV/SV9a/021/low.webp	0.8	dex+hp+damage+rarity
sv10-45	Misty's Psyduck	이슬의 고라파덕	SV9a-022	カスミのコダック	Uncommon	Uncommon	https://images.pokemontcg.io/sv10/45.png	https://assets.tcgdex.net/ja/SV/SV9a/022/low.webp	0.8	dex+hp+damage+rarity
sv10-47	Misty's Starmie	이슬의 아쿠스타	SV9a-024	カスミのスターミー	Uncommon	Uncommon	https://images.pokemontcg.io/sv10/47.png	https://assets.tcgdex.net/ja/SV/SV9a/024/low.webp	0.8	dex+hp+damage+rarity
sv10-48	Misty's Magikarp	이슬의 잉어킹	SV9a-025	カスミのコイキング	Common	Common	https://images.pokemontcg.io/sv10/48.png	https://assets.tcgdex.net/ja/SV/SV9a/025/low.webp	0.8	dex+hp+damage+rarity
sv10-49	Misty's Gyarados	이슬의 갸라도스	SV9a-026	カスミのギャラドス	Rare	Rare	https://images.pokemontcg.io/sv10/49.png	https://assets.tcgdex.net/ja/SV/SV9a/026/low.webp	0.8	dex+hp+damage+rarity
sv10-50	Misty's Lapras	이슬의 라프라스	SV9a-027	カスミのラプラス	Common	Common	https://images.pokemontcg.io/sv10/50.png	https://assets.tcgdex.net/ja/SV/SV9a/027/low.webp	0.8	dex+hp+damage+rarity
sv10-51	Team Rocket's Articuno	로켓단의 프리져	SV10-022	ロケット団のフリーザー	Rare	Rare	https://images.pokemontcg.io/sv10/51.png	https://assets.tcgdex.net/ja/SV/SV10/022/low.webp	0.8	dex+hp+damage+rarity
sv10-52	Cynthia's Feebas	난천의 빈티나	SV9a-028	シロナのヒンバス	Common	Common	https://images.pokemontcg.io/sv10/52.png	https://assets.tcgdex.net/ja/SV/SV9a/028/low.webp	0.8	dex+hp+damage+rarity
sv10-53	Cynthia's Milotic	난천의 밀로틱	SV9a-029	シロナのミロカロス	Uncommon	Uncommon	https://images.pokemontcg.io/sv10/53.png	https://assets.tcgdex.net/ja/SV/SV9a/029/low.webp	0.8	dex+hp+damage+rarity
sv10-54	Clamperl	진주몽	SV10-023	パールル	Common	Common	https://images.pokemontcg.io/sv10/54.png	https://assets.tcgdex.net/ja/SV/SV10/023/low.webp	0.8	dex+hp+damage+rarity
sv10-55	Huntail	헌테일	SV10-024	ハンテール	Uncommon	Uncommon	https://images.pokemontcg.io/sv10/55.png	https://assets.tcgdex.net/ja/SV/SV10/024/low.webp	0.8	dex+hp+damage+rarity
sv10-56	Gorebyss	분홍장이	SV10-025	サクラビス	Rare	Rare	https://images.pokemontcg.io/sv10/56.png	https://assets.tcgdex.net/ja/SV/SV10/025/low.webp	0.8	dex+hp+damage+rarity
sv10-57	Buizel	브이젤	SV9a-030	ブイゼル	Common	Common	https://images.pokemontcg.io/sv10/57.png	https://assets.tcgdex.net/ja/SV/SV9a/030/low.webp	0.8	dex+hp+damage+rarity
sv10-58	Floatzel	플로젤	SV9a-031	フローゼル	Uncommon	Uncommon	https://images.pokemontcg.io/sv10/58.png	https://assets.tcgdex.net/ja/SV/SV9a/031/low.webp	0.8	dex+hp+damage+rarity
sv10-59	Snover	눈쓰개	SV10-026	ユキカブリ	Common	Common	https://images.pokemontcg.io/sv10/59.png	https://assets.tcgdex.net/ja/SV/SV10/026/low.webp	0.8	dex+hp+damage+rarity
sv10-60	Abomasnow	눈설왕	SV10-027	ユキノオー	Uncommon	Uncommon	https://images.pokemontcg.io/sv10/60.png	https://assets.tcgdex.net/ja/SV/SV10/027/low.webp	0.8	dex+hp+damage+rarity
sv10-61	Wash Rotom	워시로토무	SV10-028	ウォッシュロトム	Common	Common	https://images.pokemontcg.io/sv10/61.png	https://assets.tcgdex.net/ja/SV/SV10/028/low.webp	0.8	dex+hp+damage+rarity
sv10-62	Arrokuda	찌로꼬치	SV10-029	サシカマス	Common	Common	https://images.pokemontcg.io/sv10/62.png	https://assets.tcgdex.net/ja/SV/SV10/029/low.webp	0.8	dex+hp+damage+rarity
sv10-63	Barraskewda	꼬치조	SV10-030	カマスジョー	Uncommon	Uncommon	https://images.pokemontcg.io/sv10/63.png	https://assets.tcgdex.net/ja/SV/SV10/030/low.webp	0.8	dex+hp+damage+rarity
sv10-64	Cetoddle	터벅고래	SV10-031	アルクジラ	Common	Common	https://images.pokemontcg.io/sv10/64.png	https://assets.tcgdex.net/ja/SV/SV10/031/low.webp	0.8	dex+hp+damage+rarity
sv10-65	Cetitan ex	우락고래 ex	SV10-032	ハルクジラex	Double rare	Double Rare	https://images.pokemontcg.io/sv10/65.png	https://assets.tcgdex.net/ja/SV/SV10/032/low.webp	0.8	dex+hp+damage+rarity
sv10-68	Electabuzz	에레브	SV9a-034	エレブー	Common	Common	https://images.pokemontcg.io/sv10/68.png	https://assets.tcgdex.net/ja/SV/SV9a/034/low.webp	0.8	dex+hp+damage+rarity
sv10-70	Team Rocket's Zapdos	로켓단의 썬더	SV10-033	ロケット団のサンダー	Rare	Rare	https://images.pokemontcg.io/sv10/70.png	https://assets.tcgdex.net/ja/SV/SV10/033/low.webp	0.8	dex+hp+damage+rarity
sv10-71	Ethan's Pichu	심향의 피츄	SV9a-036	ヒビキのピチュー	Common	Common	https://images.pokemontcg.io/sv10/71.png	https://assets.tcgdex.net/ja/SV/SV9a/036/low.webp	0.8	dex+hp+damage+rarity
sv10-72	Team Rocket's Mareep	로켓단의 메리프	SV10-034	ロケット団のメリープ	Common	Common	https://images.pokemontcg.io/sv10/72.png	https://assets.tcgdex.net/ja/SV/SV10/034/low.webp	0.8	dex+hp+damage+rarity
sv10-73	Team Rocket's Flaaffy	로켓단의 보송송	SV10-035	ロケット団のモココ	Common	Common	https://images.pokemontcg.io/sv10/73.png	https://assets.tcgdex.net/ja/SV/SV10/035/low.webp	0.8	dex+hp+damage+rarity
sv10-74	Team Rocket's Ampharos	로켓단의 전룡	SV10-036	ロケット団のデンリュウ	Uncommon	Uncommon	https://images.pokemontcg.io/sv10/74.png	https://assets.tcgdex.net/ja/SV/SV10/036/low.webp	0.8	dex+hp+damage+rarity
sv10-75	Electrike	썬더라이	SV9a-037	ラクライ	Common	Common	https://images.pokemontcg.io/sv10/75.png	https://assets.tcgdex.net/ja/SV/SV9a/037/low.webp	0.8	dex+hp+damage+rarity
sv10-77	Rotom	로토무	SV9a-039	ロトム	Common	Common	https://images.pokemontcg.io/sv10/77.png	https://assets.tcgdex.net/ja/SV/SV9a/039/low.webp	0.8	dex+hp+damage+rarity
sv10-78	Zeraora	제라오라	SV9a-040	ゼラオラ	Rare	Rare	https://images.pokemontcg.io/sv10/78.png	https://assets.tcgdex.net/ja/SV/SV9a/040/low.webp	0.8	dex+hp+damage+rarity
sv10-79	Team Rocket's Drowzee	로켓단의 슬리프	SV10-037	ロケット団のスリープ	Common	Common	https://images.pokemontcg.io/sv10/79.png	https://assets.tcgdex.net/ja/SV/SV10/037/low.webp	0.8	dex+hp+damage+rarity
sv10-80	Team Rocket's Hypno	로켓단의 슬리퍼	SV10-038	ロケット団のスリーパー	Uncommon	Uncommon	https://images.pokemontcg.io/sv10/80.png	https://assets.tcgdex.net/ja/SV/SV10/038/low.webp	0.8	dex+hp+damage+rarity
sv10-82	Team Rocket's Wobbuffet	로켓단의 마자용	SV10-040	ロケット団のソーナンス	Rare	Rare	https://images.pokemontcg.io/sv10/82.png	https://assets.tcgdex.net/ja/SV/SV10/040/low.webp	0.8	dex+hp+damage+rarity
sv10-85	Team Rocket's Chingling	로켓단의 랑딸랑	SV10-041	ロケット団のリーシャン	Common	Common	https://images.pokemontcg.io/sv10/85.png	https://assets.tcgdex.net/ja/SV/SV10/041/low.webp	0.8	dex+hp+damage+rarity
sv10-87	Team Rocket's Mimikyu	로켓단의 따라큐	SV10-042	ロケット団のミミッキュ	Uncommon	Uncommon	https://images.pokemontcg.io/sv10/87.png	https://assets.tcgdex.net/ja/SV/SV10/042/low.webp	0.8	dex+hp+damage+rarity
sv10-88	Team Rocket's Dottler	로켓단의 레돔벌레	SV10-043	ロケット団のレドームシ	Common	Common	https://images.pokemontcg.io/sv10/88.png	https://assets.tcgdex.net/ja/SV/SV10/043/low.webp	0.8	dex+hp+damage+rarity
sv10-89	Team Rocket's Orbeetle	로켓단의 이올브	SV10-044	ロケット団のイオルブ	Uncommon	Uncommon	https://images.pokemontcg.io/sv10/89.png	https://assets.tcgdex.net/ja/SV/SV10/044/low.webp	0.8	dex+hp+damage+rarity
sv10-90	Mankey	망키	SV10-045	マンキー	Common	Common	https://images.pokemontcg.io/sv10/90.png	https://assets.tcgdex.net/ja/SV/SV10/045/low.webp	0.8	dex+hp+damage+rarity
sv10-91	Primeape	성원숭	SV10-046	オコリザル	Common	Common	https://images.pokemontcg.io/sv10/91.png	https://assets.tcgdex.net/ja/SV/SV10/046/low.webp	0.8	dex+hp+damage+rarity
sv10-92	Annihilape	저승갓숭	SV10-047	コノヨザル	Rare	Rare	https://images.pokemontcg.io/sv10/92.png	https://assets.tcgdex.net/ja/SV/SV10/047/low.webp	0.8	dex+hp+damage+rarity
sv10-93	Ethan's Sudowoodo	심향의 꼬지모	SV9a-041	ヒビキのウソッキー	Common	Common	https://images.pokemontcg.io/sv10/93.png	https://assets.tcgdex.net/ja/SV/SV9a/041/low.webp	0.8	dex+hp+damage+rarity
sv10-94	Team Rocket's Larvitar	로켓단의 애버라스	SV10-048	ロケット団のヨーギラス	Common	Common	https://images.pokemontcg.io/sv10/94.png	https://assets.tcgdex.net/ja/SV/SV10/048/low.webp	0.8	dex+hp+damage+rarity
sv10-96	Team Rocket's Tyranitar	로켓단의 마기라스	SV10-050	ロケット団のバンギラス	Rare	Rare	https://images.pokemontcg.io/sv10/96.png	https://assets.tcgdex.net/ja/SV/SV10/050/low.webp	0.8	dex+hp+damage+rarity
sv10-97	Nosepass	코코파스	SV10-051	ノズパス	Common	Common	https://images.pokemontcg.io/sv10/97.png	https://assets.tcgdex.net/ja/SV/SV10/051/low.webp	0.8	dex+hp+damage+rarity
sv10-98	Probopass	대코파스	SV10-052	ダイノーズ	Uncommon	Uncommon	https://images.pokemontcg.io/sv10/98.png	https://assets.tcgdex.net/ja/SV/SV10/052/low.webp	0.8	dex+hp+damage+rarity
sv10-99	Meditite	요가랑	SV10-053	アサナン	Common	Common	https://images.pokemontcg.io/sv10/99.png	https://assets.tcgdex.net/ja/SV/SV10/053/low.webp	0.8	dex+hp+damage+rarity
sv10-100	Medicham	요가램	SV10-054	チャーレム	Uncommon	Uncommon	https://images.pokemontcg.io/sv10/100.png	https://assets.tcgdex.net/ja/SV/SV10/054/low.webp	0.8	dex+hp+damage+rarity
sv10-101	Regirock ex	레지락 ex	SV10-055	レジロックex	Double rare	Double Rare	https://images.pokemontcg.io/sv10/101.png	https://assets.tcgdex.net/ja/SV/SV10/055/low.webp	0.8	dex+hp+damage+rarity
sv10-103	Cynthia's Gabite	난천의 한바이트	SV9a-043	シロナのガバイト	Common	Common	https://images.pokemontcg.io/sv10/103.png	https://assets.tcgdex.net/ja/SV/SV9a/043/low.webp	0.8	dex+hp+damage+rarity
sv10-104	Cynthia's Garchomp ex	난천의 한카리아스 ex	M2a-090	シロナのガブリアスex	Double rare	Double Rare	https://images.pokemontcg.io/sv10/104.png		0.8	dex+hp+damage+rarity
sv10-107	Mudbray	머드나기	SV9a-045	ドロバンコ	Common	Common	https://images.pokemontcg.io/sv10/107.png	https://assets.tcgdex.net/ja/SV/SV9a/045/low.webp	0.8	dex+hp+damage+rarity
sv10-108	Mudsdale	만마드	SV9a-046	バンバドロ	Uncommon	Uncommon	https://images.pokemontcg.io/sv10/108.png	https://assets.tcgdex.net/ja/SV/SV9a/046/low.webp	0.8	dex+hp+damage+rarity
sv10-109	Arven's Toedscool	페퍼의 들눈해	SV9a-047	ペパーのノノクラゲ	Common	Common	https://images.pokemontcg.io/sv10/109.png	https://assets.tcgdex.net/ja/SV/SV9a/047/low.webp	0.8	dex+hp+damage+rarity
sv10-110	Arven's Toedscruel	페퍼의 육파리	SV9a-048	ペパーのリククラゲ	Uncommon	Uncommon	https://images.pokemontcg.io/sv10/110.png	https://assets.tcgdex.net/ja/SV/SV9a/048/low.webp	0.8	dex+hp+damage+rarity
sv10-112	Team Rocket's Ekans	로켓단의 아보	SV10-056	ロケット団のアーボ	Common	Common	https://images.pokemontcg.io/sv10/112.png	https://assets.tcgdex.net/ja/SV/SV10/056/low.webp	0.8	dex+hp+damage+rarity
sv10-113	Team Rocket's Arbok	로켓단의 아보크	SV10-057	ロケット団のアーボック	Uncommon	Uncommon	https://images.pokemontcg.io/sv10/113.png	https://assets.tcgdex.net/ja/SV/SV10/057/low.webp	0.8	dex+hp+damage+rarity
sv10-114	Team Rocket's Nidoran♀	로켓단의 니드런♀	SV10-058	ロケット団のニドラン♀	Common	Common	https://images.pokemontcg.io/sv10/114.png	https://assets.tcgdex.net/ja/SV/SV10/058/low.webp	0.8	dex+hp+damage+rarity
sv10-115	Team Rocket's Nidorina	로켓단의 니드리나	SV10-059	ロケット団のニドリーナ	Common	Common	https://images.pokemontcg.io/sv10/115.png	https://assets.tcgdex.net/ja/SV/SV10/059/low.webp	0.8	dex+hp+damage+rarity
sv10-116	Team Rocket's Nidoqueen	로켓단의 니드퀸	SV10-060	ロケット団のニドクイン	Uncommon	Uncommon	https://images.pokemontcg.io/sv10/116.png	https://assets.tcgdex.net/ja/SV/SV10/060/low.webp	0.8	dex+hp+damage+rarity
sv10-117	Team Rocket's Nidoran♂	로켓단의 니드런♂	SV10-061	ロケット団のニドラン♂	Common	Common	https://images.pokemontcg.io/sv10/117.png	https://assets.tcgdex.net/ja/SV/SV10/061/low.webp	0.8	dex+hp+damage+rarity
sv10-118	Team Rocket's Nidorino	로켓단의 니드리노	SV10-062	ロケット団のニドリーノ	Common	Common	https://images.pokemontcg.io/sv10/118.png	https://assets.tcgdex.net/ja/SV/SV10/062/low.webp	0.8	dex+hp+damage+rarity
sv10-119	Team Rocket's Nidoking ex	로켓단의 니드킹 ex	SV10-063	ロケット団のニドキングex	Double rare	Double Rare	https://images.pokemontcg.io/sv10/119.png	https://assets.tcgdex.net/ja/SV/SV10/063/low.webp	0.8	dex+hp+damage+rarity
sv10-120	Team Rocket's Zubat	로켓단의 주뱃	SV10-064	ロケット団のズバット	Common	Common	https://images.pokemontcg.io/sv10/120.png	https://assets.tcgdex.net/ja/SV/SV10/064/low.webp	0.8	dex+hp+damage+rarity
sv10-121	Team Rocket's Golbat	로켓단의 골뱃	SV10-065	ロケット団のゴルバット	Uncommon	Uncommon	https://images.pokemontcg.io/sv10/121.png	https://assets.tcgdex.net/ja/SV/SV10/065/low.webp	0.8	dex+hp+damage+rarity
sv10-123	Team Rocket's Grimer	로켓단의 질퍽이	SV10-067	ロケット団のベトベター	Common	Common	https://images.pokemontcg.io/sv10/123.png	https://assets.tcgdex.net/ja/SV/SV10/067/low.webp	0.8	dex+hp+damage+rarity
sv10-124	Team Rocket's Muk	로켓단의 질뻐기	SV10-068	ロケット団のベトベトン	Uncommon	Uncommon	https://images.pokemontcg.io/sv10/124.png	https://assets.tcgdex.net/ja/SV/SV10/068/low.webp	0.8	dex+hp+damage+rarity
sv10-125	Team Rocket's Koffing	로켓단의 또가스	SV10-069	ロケット団のドガース	Common	Common	https://images.pokemontcg.io/sv10/125.png	https://assets.tcgdex.net/ja/SV/SV10/069/low.webp	0.8	dex+hp+damage+rarity
sv10-126	Team Rocket's Weezing	로켓단의 또도가스	SV10-070	ロケット団のマタドガス	Uncommon	Uncommon	https://images.pokemontcg.io/sv10/126.png	https://assets.tcgdex.net/ja/SV/SV10/070/low.webp	0.8	dex+hp+damage+rarity
sv10-127	Team Rocket's Murkrow	로켓단의 니로우	SV10-071	ロケット団のヤミカラス	Uncommon	Uncommon	https://images.pokemontcg.io/sv10/127.png	https://assets.tcgdex.net/ja/SV/SV10/071/low.webp	0.8	dex+hp+damage+rarity
sv10-128	Team Rocket's Sneasel	로켓단의 포푸니	SV10-072	ロケット団のニューラ	Rare	Rare	https://images.pokemontcg.io/sv10/128.png	https://assets.tcgdex.net/ja/SV/SV10/072/low.webp	0.8	dex+hp+damage+rarity
sv10-129	Cynthia's Spiritomb	난천의 화강돌	SV9a-050	シロナのミカルゲ	Uncommon	Uncommon	https://images.pokemontcg.io/sv10/129.png	https://assets.tcgdex.net/ja/SV/SV9a/050/low.webp	0.8	dex+hp+damage+rarity
sv10-138	Arven's Maschiff	페퍼의 오라티프	SV9a-051	ペパーのオラチフ	Common	Common	https://images.pokemontcg.io/sv10/138.png	https://assets.tcgdex.net/ja/SV/SV9a/051/low.webp	0.8	dex+hp+damage+rarity
sv10-140	Forretress	쏘콘	SV10-073	フォレトス	Uncommon	Uncommon	https://images.pokemontcg.io/sv10/140.png	https://assets.tcgdex.net/ja/SV/SV10/073/low.webp	0.8	dex+hp+damage+rarity
sv10-141	Skarmory	무장조	SV10-074	エアームド	Common	Common	https://images.pokemontcg.io/sv10/141.png	https://assets.tcgdex.net/ja/SV/SV10/074/low.webp	0.8	dex+hp+damage+rarity
sv10-146	Zamazenta	자마젠타	SV10-075	ザマゼンタ	Rare	Rare	https://images.pokemontcg.io/sv10/146.png	https://assets.tcgdex.net/ja/SV/SV10/075/low.webp	0.8	dex+hp+damage+rarity
sv10-147	Team Rocket's Rattata	로켓단의 꼬렛	SV10-076	ロケット団のコラッタ	Common	Common	https://images.pokemontcg.io/sv10/147.png	https://assets.tcgdex.net/ja/SV/SV10/076/low.webp	0.8	dex+hp+damage+rarity
sv10-148	Team Rocket's Raticate	로켓단의 레트라	SV10-077	ロケット団のラッタ	Common	Common	https://images.pokemontcg.io/sv10/148.png	https://assets.tcgdex.net/ja/SV/SV10/077/low.webp	0.8	dex+hp+damage+rarity
sv10-149	Team Rocket's Meowth	로켓단의 나옹	SV10-078	ロケット団のニャース	Common	Common	https://images.pokemontcg.io/sv10/149.png	https://assets.tcgdex.net/ja/SV/SV10/078/low.webp	0.8	dex+hp+damage+rarity
sv10-150	Team Rocket's Persian ex	로켓단의 페르시온 ex	SV10-079	ロケット団のペルシアンex	Double rare	Double Rare	https://images.pokemontcg.io/sv10/150.png	https://assets.tcgdex.net/ja/SV/SV10/079/low.webp	0.8	dex+hp+damage+rarity
sv10-151	Kangaskhan	캥카	SV10-080	ガルーラ	Common	Common	https://images.pokemontcg.io/sv10/151.png	https://assets.tcgdex.net/ja/SV/SV10/080/low.webp	0.8	dex+hp+damage+rarity
sv10-152	Tauros	켄타로스	SV9a-053	ケンタロス	Common	Common	https://images.pokemontcg.io/sv10/152.png	https://assets.tcgdex.net/ja/SV/SV9a/053/low.webp	0.8	dex+hp+damage+rarity
sv10-154	Team Rocket's Porygon2	로켓단의 폴리곤2	SV10-082	ロケット団のポリゴン2	Common	Common	https://images.pokemontcg.io/sv10/154.png	https://assets.tcgdex.net/ja/SV/SV10/082/low.webp	0.8	dex+hp+damage+rarity
sv10-155	Team Rocket's Porygon-Z	로켓단의 폴리곤Z	SV10-083	ロケット団のポリゴンZ	Uncommon	Uncommon	https://images.pokemontcg.io/sv10/155.png	https://assets.tcgdex.net/ja/SV/SV10/083/low.webp	0.8	dex+hp+damage+rarity
sv10-156	Taillow	테일로	SV10-084	スバメ	Common	Common	https://images.pokemontcg.io/sv10/156.png	https://assets.tcgdex.net/ja/SV/SV10/084/low.webp	0.8	dex+hp+damage+rarity
sv10-157	Swellow	스왈로	SV10-085	オオスバメ	Common	Common	https://images.pokemontcg.io/sv10/157.png	https://assets.tcgdex.net/ja/SV/SV10/085/low.webp	0.8	dex+hp+damage+rarity
sv10-158	Arven's Skwovet	페퍼의 탐리스	SV9a-054	ペパーのホシガリス	Common	Common	https://images.pokemontcg.io/sv10/158.png	https://assets.tcgdex.net/ja/SV/SV9a/054/low.webp	0.8	dex+hp+damage+rarity
sv10-159	Arven's Greedent	페퍼의 요씽리스	SV9a-055	ペパーのヨクバリス	Rare	Rare	https://images.pokemontcg.io/sv10/159.png	https://assets.tcgdex.net/ja/SV/SV9a/055/low.webp	0.8	dex+hp+damage+rarity
sv10-160	Squawkabilly	시비꼬	SV10-086	イキリンコ	Common	Common	https://images.pokemontcg.io/sv10/160.png	https://assets.tcgdex.net/ja/SV/SV10/086/low.webp	0.8	dex+hp+damage+rarity
sv10-187	Team Rocket's Spidops	로켓단의 트래피더	SV10-099	ロケット団のワナイダー	Illustration rare	Illustration Rare	https://images.pokemontcg.io/sv10/187.png		0.8	dex+hp+damage+rarity
sv10-191	Team Rocket's Houndoom	로켓단의 헬가	SV10-100	ロケット団のヘルガー	Illustration rare	Illustration Rare	https://images.pokemontcg.io/sv10/191.png		0.8	dex+hp+damage+rarity
sv10-192	Blaziken	번치코	SV10-101	バシャーモ	Illustration rare	Illustration Rare	https://images.pokemontcg.io/sv10/192.png		0.8	dex+hp+damage+rarity
sv10-195	Clamperl	진주몽	SV10-102	パールル	Illustration rare	Illustration Rare	https://images.pokemontcg.io/sv10/195.png		0.8	dex+hp+damage+rarity
sv10-198	Team Rocket's Orbeetle	로켓단의 이올브	SV10-104	ロケット団のイオルブ	Illustration rare	Illustration Rare	https://images.pokemontcg.io/sv10/198.png		0.8	dex+hp+damage+rarity
sv10-199	Team Rocket's Weezing	로켓단의 또도가스	SV10-105	ロケット団のマタドガス	Illustration rare	Illustration Rare	https://images.pokemontcg.io/sv10/199.png		0.8	dex+hp+damage+rarity
sv10-200	Team Rocket's Murkrow	로켓단의 니로우	SV10-106	ロケット団のヤミカラス	Illustration rare	Illustration Rare	https://images.pokemontcg.io/sv10/200.png		0.8	dex+hp+damage+rarity
sv10-201	Zamazenta	자마젠타	SV10-107	ザマゼンタ	Illustration rare	Illustration Rare	https://images.pokemontcg.io/sv10/201.png		0.8	dex+hp+damage+rarity
sv10-202	Team Rocket's Raticate	로켓단의 레트라	SV10-108	ロケット団のラッタ	Illustration rare	Illustration Rare	https://images.pokemontcg.io/sv10/202.png		0.8	dex+hp+damage+rarity
sv10-203	Team Rocket's Meowth	로켓단의 나옹	SV10-109	ロケット団のニャース	Illustration rare	Illustration Rare	https://images.pokemontcg.io/sv10/203.png		0.8	dex+hp+damage+rarity
sv10-204	Kangaskhan	캥카	SV10-110	ガルーラ	Illustration rare	Illustration Rare	https://images.pokemontcg.io/sv10/204.png		0.8	dex+hp+damage+rarity
sv10-207	Arboliva ex	올리르바 ex	SV10-111	オリーヴァex	Ultra Rare	Ultra Rare	https://images.pokemontcg.io/sv10/207.png		0.8	dex+hp+damage+rarity
sv10-208	Team Rocket's Moltres ex	로켓단의 파이어 ex	SV10-112	ロケット団のファイヤーex	Ultra Rare	Ultra Rare	https://images.pokemontcg.io/sv10/208.png		0.8	dex+hp+damage+rarity
sv10-210	Cetitan ex	우락고래 ex	SV10-113	ハルクジラex	Ultra Rare	Ultra Rare	https://images.pokemontcg.io/sv10/210.png		0.8	dex+hp+damage+rarity
sv10-213	Team Rocket's Mewtwo ex	로켓단의 뮤츠 ex	SV10-114	ロケット団のミュウツーex	Ultra Rare	Ultra Rare	https://images.pokemontcg.io/sv10/213.png		0.8	dex+hp+damage+rarity
sv10-214	Regirock ex	레지락 ex	SV10-115	レジロックex	Ultra Rare	Ultra Rare	https://images.pokemontcg.io/sv10/214.png		0.8	dex+hp+damage+rarity
sv10-216	Team Rocket's Nidoking ex	로켓단의 니드킹 ex	SV10-116	ロケット団のニドキングex	Ultra Rare	Ultra Rare	https://images.pokemontcg.io/sv10/216.png		0.8	dex+hp+damage+rarity
sv10-217	Team Rocket's Crobat ex	로켓단의 크로뱃 ex	SV10-117	ロケット団のクロバットex	Ultra Rare	Ultra Rare	https://images.pokemontcg.io/sv10/217.png		0.8	dex+hp+damage+rarity
sv10-219	Team Rocket's Persian ex	로켓단의 페르시온 ex	SV10-118	ロケット団のペルシアンex	Ultra Rare	Ultra Rare	https://images.pokemontcg.io/sv10/219.png		0.8	dex+hp+damage+rarity
sv10-229	Team Rocket's Moltres ex	로켓단의 파이어 ex	SV10-124	ロケット団のファイヤーex	Special illustration rare	Special Illustration Rare	https://images.pokemontcg.io/sv10/229.png		0.8	dex+hp+damage+rarity
sv10-233	Team Rocket's Nidoking ex	로켓단의 니드킹 ex	SV10-126	ロケット団のニドキングex	Special illustration rare	Special Illustration Rare	https://images.pokemontcg.io/sv10/233.png		0.8	dex+hp+damage+rarity
sv10-234	Team Rocket's Crobat ex	로켓단의 크로뱃 ex	SV10-127	ロケット団のクロバットex	Special illustration rare	Special Illustration Rare	https://images.pokemontcg.io/sv10/234.png		0.8	dex+hp+damage+rarity
sv9-1	Caterpie	캐터피	SV9-001	キャタピー	Common	Common	https://images.pokemontcg.io/sv9/1.png	https://assets.tcgdex.net/ja/SV/SV9/001/low.webp	0.8	dex+hp+damage+rarity
sv9-2	Metapod	단데기	SV9-002	トランセル	Common	Common	https://images.pokemontcg.io/sv9/2.png	https://assets.tcgdex.net/ja/SV/SV9/002/low.webp	0.8	dex+hp+damage+rarity
sv9-4	Paras	파라스	SV9-004	パラス	Common	Common	https://images.pokemontcg.io/sv9/4.png	https://assets.tcgdex.net/ja/SV/SV9/004/low.webp	0.8	dex+hp+damage+rarity
sv9-5	Parasect	파라섹트	SV9-005	パラセクト	Common	Common	https://images.pokemontcg.io/sv9/5.png	https://assets.tcgdex.net/ja/SV/SV9/005/low.webp	0.8	dex+hp+damage+rarity
sv9-8	Maractus	마라카치	SV9-006	マラカッチ	Uncommon	Uncommon	https://images.pokemontcg.io/sv9/8.png	https://assets.tcgdex.net/ja/SV/SV9/006/low.webp	0.8	dex+hp+damage+rarity
sv9-12	Shelmet	쪼마리	SV9-008	チョボマキ	Common	Common	https://images.pokemontcg.io/sv9/12.png	https://assets.tcgdex.net/ja/SV/SV9/008/low.webp	0.8	dex+hp+damage+rarity
sv9-13	Accelgor	어지리더	SV9-009	アギルダー	Uncommon	Uncommon	https://images.pokemontcg.io/sv9/13.png	https://assets.tcgdex.net/ja/SV/SV9/009/low.webp	0.8	dex+hp+damage+rarity
sv9-16	Sprigatito	나오하	SV9-010	ニャオハ	Common	Common	https://images.pokemontcg.io/sv9/16.png	https://assets.tcgdex.net/ja/SV/SV9/010/low.webp	0.8	dex+hp+damage+rarity
sv9-17	Floragato	나로테	SV9-011	ニャローテ	Common	Common	https://images.pokemontcg.io/sv9/17.png	https://assets.tcgdex.net/ja/SV/SV9/011/low.webp	0.8	dex+hp+damage+rarity
sv9-18	Meowscarada	마스카나	SV9-012	マスカーニャ	Rare	Rare	https://images.pokemontcg.io/sv9/18.png	https://assets.tcgdex.net/ja/SV/SV9/012/low.webp	0.8	dex+hp+damage+rarity
sv9-20	Magmar	마그마	SV9-013	ブーバー	Common	Common	https://images.pokemontcg.io/sv9/20.png	https://assets.tcgdex.net/ja/SV/SV9/013/low.webp	0.8	dex+hp+damage+rarity
sv9-21	Magmortar	마그마번	SV9-014	ブーバーン	Rare	Rare	https://images.pokemontcg.io/sv9/21.png	https://assets.tcgdex.net/ja/SV/SV9/014/low.webp	0.8	dex+hp+damage+rarity
sv9-26	N's Darumaka	N의 달막화	SV9-015	Nのダルマッカ	Common	Common	https://images.pokemontcg.io/sv9/26.png	https://assets.tcgdex.net/ja/SV/SV9/015/low.webp	0.8	dex+hp+damage+rarity
sv9-27	N's Darmanitan	N의 불비달마	SV9-016	Nのヒヒダルマ	Uncommon	Uncommon	https://images.pokemontcg.io/sv9/27.png	https://assets.tcgdex.net/ja/SV/SV9/016/low.webp	0.8	dex+hp+damage+rarity
sv9-32	Articuno	프리져	SV9-018	フリーザー	Uncommon	Uncommon	https://images.pokemontcg.io/sv9/32.png	https://assets.tcgdex.net/ja/SV/SV9/018/low.webp	0.8	dex+hp+damage+rarity
sv9-33	Remoraid	총어	SV9-019	テッポウオ	Common	Common	https://images.pokemontcg.io/sv9/33.png	https://assets.tcgdex.net/ja/SV/SV9/019/low.webp	0.8	dex+hp+damage+rarity
sv9-34	Octillery	대포무노	SV9-020	オクタン	Uncommon	Uncommon	https://images.pokemontcg.io/sv9/34.png	https://assets.tcgdex.net/ja/SV/SV9/020/low.webp	0.8	dex+hp+damage+rarity
sv9-35	Lotad	연꽃몬	SV9-021	ハスボー	Common	Common	https://images.pokemontcg.io/sv9/35.png	https://assets.tcgdex.net/ja/SV/SV9/021/low.webp	0.8	dex+hp+damage+rarity
sv9-36	Lombre	로토스	SV9-022	ハスブレロ	Common	Common	https://images.pokemontcg.io/sv9/36.png	https://assets.tcgdex.net/ja/SV/SV9/022/low.webp	0.8	dex+hp+damage+rarity
sv9-40	Wailmer	고래왕자	SV9-024	ホエルコ	Common	Common	https://images.pokemontcg.io/sv9/40.png	https://assets.tcgdex.net/ja/SV/SV9/024/low.webp	0.8	dex+hp+damage+rarity
sv9-41	Wailord	고래왕	SV9-025	ホエルオー	Rare	Rare	https://images.pokemontcg.io/sv9/41.png	https://assets.tcgdex.net/ja/SV/SV9/025/low.webp	0.8	dex+hp+damage+rarity
sv9-47	Iono's Voltorb	모야모의 찌리리공	SV9-026	ナンジャモのビリリダマ	Common	Common	https://images.pokemontcg.io/sv9/47.png	https://assets.tcgdex.net/ja/SV/SV9/026/low.webp	0.8	dex+hp+damage+rarity
sv9-48	Iono's Electrode	모야모의 붐볼	SV9-027	ナンジャモのマルマイン	Uncommon	Uncommon	https://images.pokemontcg.io/sv9/48.png	https://assets.tcgdex.net/ja/SV/SV9/027/low.webp	0.8	dex+hp+damage+rarity
sv9-52	Iono's Tadbulb	모야모의 빈나두	SV9-029	ナンジャモのズピカ	Common	Common	https://images.pokemontcg.io/sv9/52.png	https://assets.tcgdex.net/ja/SV/SV9/029/low.webp	0.8	dex+hp+damage+rarity
sv9-53	Iono's Bellibolt ex	모야모의 찌리배리 ex	M2a-057	ナンジャモのハラバリーex	Double rare	Double Rare	https://images.pokemontcg.io/sv9/53.png		0.8	dex+hp+damage+rarity
sv9-55	Iono's Kilowattrel	모야모의 찌리비크	SV9-032	ナンジャモのタイカイデン	Rare	Rare	https://images.pokemontcg.io/sv9/55.png	https://assets.tcgdex.net/ja/SV/SV9/032/low.webp	0.8	dex+hp+damage+rarity
sv9-56	Lillie's Clefairy ex	릴리에의 삐삐 ex	M2a-060	リーリエのピッピex	Double rare	Double Rare	https://images.pokemontcg.io/sv9/56.png		0.8	dex+hp+damage+rarity
sv9-58	Mr. Mime	마임맨	SV9-034	バリヤード	Common	Common	https://images.pokemontcg.io/sv9/58.png	https://assets.tcgdex.net/ja/SV/SV9/034/low.webp	0.8	dex+hp+damage+rarity
sv9-59	Shuppet	어둠대신	SV9-035	カゲボウズ	Common	Common	https://images.pokemontcg.io/sv9/59.png	https://assets.tcgdex.net/ja/SV/SV9/035/low.webp	0.8	dex+hp+damage+rarity
sv9-60	Banette	다크펫	SV9-036	ジュペッタ	Uncommon	Uncommon	https://images.pokemontcg.io/sv9/60.png	https://assets.tcgdex.net/ja/SV/SV9/036/low.webp	0.8	dex+hp+damage+rarity
sv9-61	Beldum	메탕	SV9-037	ダンバル	Common	Common	https://images.pokemontcg.io/sv9/61.png	https://assets.tcgdex.net/ja/SV/SV9/037/low.webp	0.8	dex+hp+damage+rarity
sv9-62	Metang	메탕구	SV9-038	メタング	Common	Common	https://images.pokemontcg.io/sv9/62.png	https://assets.tcgdex.net/ja/SV/SV9/038/low.webp	0.8	dex+hp+damage+rarity
sv9-64	N's Sigilyph	N의 심보러	SV9-040	Nのシンボラー	Common	Common	https://images.pokemontcg.io/sv9/64.png	https://assets.tcgdex.net/ja/SV/SV9/040/low.webp	0.8	dex+hp+damage+rarity
sv9-66	Lillie's Cutiefly	릴리에의 에블리	SV9-041	リーリエのアブリー	Common	Common	https://images.pokemontcg.io/sv9/66.png	https://assets.tcgdex.net/ja/SV/SV9/041/low.webp	0.8	dex+hp+damage+rarity
sv9-68	Lillie's Comfey	릴리에의 큐아링	SV9-043	リーリエのキュワワー	Common	Common	https://images.pokemontcg.io/sv9/68.png	https://assets.tcgdex.net/ja/SV/SV9/043/low.webp	0.8	dex+hp+damage+rarity
sv9-77	Swinub	꾸꾸리	SV9-044	ウリムー	Common	Common	https://images.pokemontcg.io/sv9/77.png	https://assets.tcgdex.net/ja/SV/SV9/044/low.webp	0.8	dex+hp+damage+rarity
sv9-78	Piloswine	메꾸리	SV9-045	イノムー	Common	Common	https://images.pokemontcg.io/sv9/78.png	https://assets.tcgdex.net/ja/SV/SV9/045/low.webp	0.8	dex+hp+damage+rarity
sv9-80	Larvitar	애버라스	SV9-047	ヨーギラス	Common	Common	https://images.pokemontcg.io/sv9/80.png	https://assets.tcgdex.net/ja/SV/SV9/047/low.webp	0.8	dex+hp+damage+rarity
sv9-81	Pupitar	데기라스	SV9-048	サナギラス	Common	Common	https://images.pokemontcg.io/sv9/81.png	https://assets.tcgdex.net/ja/SV/SV9/048/low.webp	0.8	dex+hp+damage+rarity
sv9-83	Pancham	판짱	SV9-050	ヤンチャム	Common	Common	https://images.pokemontcg.io/sv9/83.png	https://assets.tcgdex.net/ja/SV/SV9/050/low.webp	0.8	dex+hp+damage+rarity
sv9-84	Rockruff	암멍이	SV9-051	イワンコ	Common	Common	https://images.pokemontcg.io/sv9/84.png	https://assets.tcgdex.net/ja/SV/SV9/051/low.webp	0.8	dex+hp+damage+rarity
sv9-85	Lycanroc	루가루암	SV9-052	ルガルガン	Rare	Rare	https://images.pokemontcg.io/sv9/85.png	https://assets.tcgdex.net/ja/SV/SV9/052/low.webp	0.8	dex+hp+damage+rarity
sv9-86	Hop's Silicobra	호브의 모래뱀	SV9-053	ホップのスナヘビ	Common	Common	https://images.pokemontcg.io/sv9/86.png	https://assets.tcgdex.net/ja/SV/SV9/053/low.webp	0.8	dex+hp+damage+rarity
sv9-87	Hop's Sandaconda	호브의 사다이사	SV9-054	ホップのサダイジャ	Uncommon	Uncommon	https://images.pokemontcg.io/sv9/87.png	https://assets.tcgdex.net/ja/SV/SV9/054/low.webp	0.8	dex+hp+damage+rarity
sv9-90	Klawf	절벼게	SV9-055	ガケガニ	Uncommon	Uncommon	https://images.pokemontcg.io/sv9/90.png	https://assets.tcgdex.net/ja/SV/SV9/055/low.webp	0.8	dex+hp+damage+rarity
sv9-91	Koffing	또가스	SV9-056	ドガース	Common	Common	https://images.pokemontcg.io/sv9/91.png	https://assets.tcgdex.net/ja/SV/SV9/056/low.webp	0.8	dex+hp+damage+rarity
sv9-92	Weezing	또도가스	SV9-057	マタドガス	Uncommon	Uncommon	https://images.pokemontcg.io/sv9/92.png	https://assets.tcgdex.net/ja/SV/SV9/057/low.webp	0.8	dex+hp+damage+rarity
sv9-95	Tyranitar	마기라스	SV9-058	バンギラス	Rare	Rare	https://images.pokemontcg.io/sv9/95.png	https://assets.tcgdex.net/ja/SV/SV9/058/low.webp	0.8	dex+hp+damage+rarity
sv9-96	N's Purrloin	N의 쌔비냥	SV9-059	Nのチョロネコ	Common	Common	https://images.pokemontcg.io/sv9/96.png	https://assets.tcgdex.net/ja/SV/SV9/059/low.webp	0.8	dex+hp+damage+rarity
sv9-97	N's Zorua	N의 조로아	SV9-060	Nのゾロア	Common	Common	https://images.pokemontcg.io/sv9/97.png	https://assets.tcgdex.net/ja/SV/SV9/060/low.webp	0.8	dex+hp+damage+rarity
sv9-98	N's Zoroark ex	N의 조로아크 ex	M2a-112	Nのゾロアークex	Double rare	Double Rare	https://images.pokemontcg.io/sv9/98.png		0.8	dex+hp+damage+rarity
sv9-99	Pangoro	부란다	SV9-062	ゴロンダ	Uncommon	Uncommon	https://images.pokemontcg.io/sv9/99.png	https://assets.tcgdex.net/ja/SV/SV9/062/low.webp	0.8	dex+hp+damage+rarity
sv9-102	Escavalier	슈바르고	SV9-063	シュバルゴ	Uncommon	Uncommon	https://images.pokemontcg.io/sv9/102.png	https://assets.tcgdex.net/ja/SV/SV9/063/low.webp	0.8	dex+hp+damage+rarity
sv9-103	N's Klink	N의 기어르	SV9-064	Nのギアル	Common	Common	https://images.pokemontcg.io/sv9/103.png	https://assets.tcgdex.net/ja/SV/SV9/064/low.webp	0.8	dex+hp+damage+rarity
sv9-104	N's Klang	N의 기기어르	SV9-065	Nのギギアル	Common	Common	https://images.pokemontcg.io/sv9/104.png	https://assets.tcgdex.net/ja/SV/SV9/065/low.webp	0.8	dex+hp+damage+rarity
sv9-105	N's Klinklang	N의 기기기어르	SV9-066	Nのギギギアル	Uncommon	Uncommon	https://images.pokemontcg.io/sv9/105.png	https://assets.tcgdex.net/ja/SV/SV9/066/low.webp	0.8	dex+hp+damage+rarity
sv9-107	Magearna	마기아나	SV9-067	マギアナ	Rare	Rare	https://images.pokemontcg.io/sv9/107.png	https://assets.tcgdex.net/ja/SV/SV9/067/low.webp	0.8	dex+hp+damage+rarity
sv9-108	Hop's Corviknight	호브의 아머까오	SV9-068	ホップのアーマーガア	Uncommon	Uncommon	https://images.pokemontcg.io/sv9/108.png	https://assets.tcgdex.net/ja/SV/SV9/068/low.webp	0.8	dex+hp+damage+rarity
sv9-111	Hop's Zacian ex	호브의 자시안 ex	M2a-123	ホップのザシアンex	Double rare	Double Rare	https://images.pokemontcg.io/sv9/111.png		0.8	dex+hp+damage+rarity
sv9-112	Bagon	아공이	SV9-070	タツベイ	Common	Common	https://images.pokemontcg.io/sv9/112.png	https://assets.tcgdex.net/ja/SV/SV9/070/low.webp	0.8	dex+hp+damage+rarity
sv9-113	Shelgon	쉘곤	SV9-071	コモルー	Common	Common	https://images.pokemontcg.io/sv9/113.png	https://assets.tcgdex.net/ja/SV/SV9/071/low.webp	0.8	dex+hp+damage+rarity
sv9-115	Druddigon	크리만	SV9-073	クリムガン	Common	Common	https://images.pokemontcg.io/sv9/115.png	https://assets.tcgdex.net/ja/SV/SV9/073/low.webp	0.8	dex+hp+damage+rarity
sv9-116	N's Reshiram	N의 레시라무	SV9-074	Nのレシラム	Rare	Rare	https://images.pokemontcg.io/sv9/116.png	https://assets.tcgdex.net/ja/SV/SV9/074/low.webp	0.8	dex+hp+damage+rarity
sv9-117	Hop's Snorlax	호브의 잠만보	SV9-075	ホップのカビゴン	Rare	Rare	https://images.pokemontcg.io/sv9/117.png	https://assets.tcgdex.net/ja/SV/SV9/075/low.webp	0.8	dex+hp+damage+rarity
sv9-118	Sentret	꼬리선	SV9-076	オタチ	Common	Common	https://images.pokemontcg.io/sv9/118.png	https://assets.tcgdex.net/ja/SV/SV9/076/low.webp	0.8	dex+hp+damage+rarity
sv9-119	Furret	다꼬리	SV9-077	オオタチ	Common	Common	https://images.pokemontcg.io/sv9/119.png	https://assets.tcgdex.net/ja/SV/SV9/077/low.webp	0.8	dex+hp+damage+rarity
sv9-120	Dunsparce	노고치	SV9-078	ノコッチ	Common	Common	https://images.pokemontcg.io/sv9/120.png	https://assets.tcgdex.net/ja/SV/SV9/078/low.webp	0.8	dex+hp+damage+rarity
sv9-127	Noibat	음뱃	SV9-080	オンバット	Common	Common	https://images.pokemontcg.io/sv9/127.png	https://assets.tcgdex.net/ja/SV/SV9/080/low.webp	0.8	dex+hp+damage+rarity
sv9-129	Komala	자말라	SV9-082	ネッコアラ	Common	Common	https://images.pokemontcg.io/sv9/129.png	https://assets.tcgdex.net/ja/SV/SV9/082/low.webp	0.8	dex+hp+damage+rarity
sv9-133	Hop's Rookidee	호브의 파라꼬	SV9-083	ホップのココガラ	Common	Common	https://images.pokemontcg.io/sv9/133.png	https://assets.tcgdex.net/ja/SV/SV9/083/low.webp	0.8	dex+hp+damage+rarity
sv9-134	Hop's Corvisquire	호브의 파크로우	SV9-084	ホップのアオガラス	Common	Common	https://images.pokemontcg.io/sv9/134.png	https://assets.tcgdex.net/ja/SV/SV9/084/low.webp	0.8	dex+hp+damage+rarity
sv9-135	Hop's Wooloo	호브의 우르	SV9-085	ホップのウールー	Common	Common	https://images.pokemontcg.io/sv9/135.png	https://assets.tcgdex.net/ja/SV/SV9/085/low.webp	0.8	dex+hp+damage+rarity
sv9-136	Hop's Dubwool	호브의 배우르	SV9-086	ホップのバイウールー	Rare	Rare	https://images.pokemontcg.io/sv9/136.png	https://assets.tcgdex.net/ja/SV/SV9/086/low.webp	0.8	dex+hp+damage+rarity
sv9-138	Hop's Cramorant	호브의 윽우지	SV9-087	ホップのウッウ	Uncommon	Uncommon	https://images.pokemontcg.io/sv9/138.png	https://assets.tcgdex.net/ja/SV/SV9/087/low.webp	0.8	dex+hp+damage+rarity
sv9-183	Iono's Bellibolt ex	모야모의 찌리배리 ex	M2a-236	ナンジャモのハラバリーex	Special illustration rare	Special Illustration Rare	https://images.pokemontcg.io/sv9/183.png		0.8	dex+hp+damage+rarity
sv9-185	N's Zoroark ex	N의 조로아크 ex	M2a-242	Nのゾロアークex	Special illustration rare	Special Illustration Rare	https://images.pokemontcg.io/sv9/185.png		0.8	dex+hp+damage+rarity
sv8pt5-7	Cottonee	소미안	SV5K-007	モンメン	Common	Common	https://images.pokemontcg.io/sv8pt5/7.png	https://assets.tcgdex.net/ja/SV/SV5K/007/low.webp	0.8	dex+hp+damage+rarity
sv8pt5-8	Whimsicott	엘풍	SV5K-008	エルフーン	Rare	Rare	https://images.pokemontcg.io/sv8pt5/8.png	https://assets.tcgdex.net/ja/SV/SV5K/008/low.webp	0.8	dex+hp+damage+rarity
sv8pt5-9	Applin	과사삭벌레	SV7-010	カジッチュ	Common	Common	https://images.pokemontcg.io/sv8pt5/9.png	https://assets.tcgdex.net/ja/SV/SV7/010/low.webp	0.8	dex+hp+damage+rarity
sv8pt5-10	Dipplin	과미르	SV6-012	カミッチュ	Uncommon	Uncommon	https://images.pokemontcg.io/sv8pt5/10.png	https://assets.tcgdex.net/ja/SV/SV6/012/low.webp	0.8	dex+hp+damage+rarity
sv8pt5-13	Flareon	부스터	SV2a-136	ブースター	Rare	Rare	https://images.pokemontcg.io/sv8pt5/13.png	https://assets.tcgdex.net/ja/SV/SV2a/136/low.webp	0.8	dex+hp+damage+rarity
sv8pt5-17	Hearthflame Mask Ogerpon ex	오거폰 화덕의 가면 ex	SV6-022	オーガポン かまどのめんex	Double rare	Double Rare	https://images.pokemontcg.io/sv8pt5/17.png	https://assets.tcgdex.net/ja/SV/SV6/022/low.webp	0.8	dex+hp+damage+rarity
sv8pt5-20	Goldeen	콘치	SV6-026	トサキント	Common	Common	https://images.pokemontcg.io/sv8pt5/20.png	https://assets.tcgdex.net/ja/SV/SV6/026/low.webp	0.8	dex+hp+damage+rarity
sv8pt5-22	Vaporeon	샤미드	SV2a-134	シャワーズ	Rare	Rare	https://images.pokemontcg.io/sv8pt5/22.png	https://assets.tcgdex.net/ja/SV/SV2a/134/low.webp	0.8	dex+hp+damage+rarity
sv8pt5-27	Wellspring Mask Ogerpon ex	오거폰 우물의 가면 ex	SV6-038	オーガポン いどのめんex	Double rare	Double Rare	https://images.pokemontcg.io/sv8pt5/27.png	https://assets.tcgdex.net/ja/SV/SV6/038/low.webp	0.8	dex+hp+damage+rarity
sv8pt5-29	Jolteon	쥬피썬더	SV2a-135	サンダース	Rare	Rare	https://images.pokemontcg.io/sv8pt5/29.png	https://assets.tcgdex.net/ja/SV/SV2a/135/low.webp	0.8	dex+hp+damage+rarity
sv8pt5-35	Duskull	해골몽	SV6a-018	ヨマワル	Common	Common	https://images.pokemontcg.io/sv8pt5/35.png	https://assets.tcgdex.net/ja/SV/SV6a/018/low.webp	0.8	dex+hp+damage+rarity
sv8pt5-36	Dusclops	미라몽	SV6a-019	サマヨール	Common	Common	https://images.pokemontcg.io/sv8pt5/36.png	https://assets.tcgdex.net/ja/SV/SV6a/019/low.webp	0.8	dex+hp+damage+rarity
sv8pt5-37	Dusknoir	야느와르몽	SV6a-020	ヨノワール	Rare	Rare	https://images.pokemontcg.io/sv8pt5/37.png	https://assets.tcgdex.net/ja/SV/SV6a/020/low.webp	0.8	dex+hp+damage+rarity
sv8pt5-44	Munkidori	이야후	SV6-055	マシマシラ	Rare	Rare	https://images.pokemontcg.io/sv8pt5/44.png	https://assets.tcgdex.net/ja/SV/SV6/055/low.webp	0.8	dex+hp+damage+rarity
sv8pt5-45	Fezandipiti	기로치	SV6-056	キチキギス	Rare	Rare	https://images.pokemontcg.io/sv8pt5/45.png	https://assets.tcgdex.net/ja/SV/SV6/056/low.webp	0.8	dex+hp+damage+rarity
sv8pt5-47	Larvitar	애버라스	SV10-048	ロケット団のヨーギラス	Common	Common	https://images.pokemontcg.io/sv8pt5/47.png	https://assets.tcgdex.net/ja/SV/SV10/048/low.webp	0.8	dex+hp+damage+rarity
sv8pt5-49	Groudon	그란돈	SV3a-026	グラードン	Rare	Rare	https://images.pokemontcg.io/sv8pt5/49.png	https://assets.tcgdex.net/ja/SV/SV3a/026/low.webp	0.8	dex+hp+damage+rarity
sv8pt5-54	Bloodmoon Ursaluna	붉은달 다투곰	SV6a-025	ガチグマ アカツキ	Rare	Rare	https://images.pokemontcg.io/sv8pt5/54.png	https://assets.tcgdex.net/ja/SV/SV6a/025/low.webp	0.8	dex+hp+damage+rarity
sv8pt5-58	Cornerstone Mask Ogerpon ex	오거폰 주춧돌의 가면 ex	SV6-065	オーガポン いしずえのめんex	Double rare	Double Rare	https://images.pokemontcg.io/sv8pt5/58.png	https://assets.tcgdex.net/ja/SV/SV6/065/low.webp	0.8	dex+hp+damage+rarity
sv8pt5-62	Houndour	델빌	SV10-016	ロケット団のデルビル	Common	Common	https://images.pokemontcg.io/sv8pt5/62.png	https://assets.tcgdex.net/ja/SV/SV10/016/low.webp	0.8	dex+hp+damage+rarity
sv8pt5-70	Archaludon	브리두라스	SV7-073	ブリジュラス	Rare	Rare	https://images.pokemontcg.io/sv8pt5/70.png	https://assets.tcgdex.net/ja/SV/SV7/073/low.webp	0.8	dex+hp+damage+rarity
sv8pt5-71	Dreepy	드라꼰	SV6-079	ドラメシヤ	Common	Common	https://images.pokemontcg.io/sv8pt5/71.png	https://assets.tcgdex.net/ja/SV/SV6/079/low.webp	0.8	dex+hp+damage+rarity
sv8pt5-72	Drakloak	드래런치	SV6-080	ドロンチ	Common	Common	https://images.pokemontcg.io/sv8pt5/72.png	https://assets.tcgdex.net/ja/SV/SV6/080/low.webp	0.8	dex+hp+damage+rarity
sv8pt5-78	Noctowl	야부엉	SV7-077	ヨルノズク	Rare	Rare	https://images.pokemontcg.io/sv8pt5/78.png	https://assets.tcgdex.net/ja/SV/SV7/077/low.webp	0.8	dex+hp+damage+rarity
sv8pt5-79	Dunsparce	노고치	SV5K-056	ノコッチ	Common	Common	https://images.pokemontcg.io/sv8pt5/79.png	https://assets.tcgdex.net/ja/SV/SV5K/056/low.webp	0.8	dex+hp+damage+rarity
sv8pt5-80	Dudunsparce	노고고치	SV5K-057	ノココッチ	Rare	Rare	https://images.pokemontcg.io/sv8pt5/80.png	https://assets.tcgdex.net/ja/SV/SV5K/057/low.webp	0.8	dex+hp+damage+rarity
sv8pt5-85	Fan Rotom	스핀로토무	SV7-080	スピンロトム	Common	Common	https://images.pokemontcg.io/sv8pt5/85.png	https://assets.tcgdex.net/ja/SV/SV7/080/low.webp	0.8	dex+hp+damage+rarity
sv8pt5-92	Terapagos ex	테라파고스 ex	M2a-145	テラパゴスex	Double rare	Double Rare	https://images.pokemontcg.io/sv8pt5/92.png		0.8	dex+hp+damage+rarity
sv8pt5-145	Teal Mask Ogerpon ex	오거폰 벽록의 가면 ex	SV6-125	オーガポン みどりのめんex	Special illustration rare	Special Illustration Rare	https://images.pokemontcg.io/sv8pt5/145.png	https://assets.tcgdex.net/ja/SV/SV6/125/low.webp	0.8	dex+hp+damage+rarity
sv8pt5-148	Hearthflame Mask Ogerpon ex	오거폰 화덕의 가면 ex	SV6-126	オーガポン かまどのめんex	Special illustration rare	Special Illustration Rare	https://images.pokemontcg.io/sv8pt5/148.png	https://assets.tcgdex.net/ja/SV/SV6/126/low.webp	0.8	dex+hp+damage+rarity
sv8pt5-152	Wellspring Mask Ogerpon ex	오거폰 우물의 가면 ex	SV6-127	オーガポン いどのめんex	Special illustration rare	Special Illustration Rare	https://images.pokemontcg.io/sv8pt5/152.png	https://assets.tcgdex.net/ja/SV/SV6/127/low.webp	0.8	dex+hp+damage+rarity
sv8pt5-160	Cornerstone Mask Ogerpon ex	오거폰 주춧돌의 가면 ex	SV6-128	オーガポン いしずえのめんex	Special illustration rare	Special Illustration Rare	https://images.pokemontcg.io/sv8pt5/160.png	https://assets.tcgdex.net/ja/SV/SV6/128/low.webp	0.8	dex+hp+damage+rarity
sv8pt5-163	Pecharunt ex	복숭악동 ex	SV6a-090	モモワロウex	Special illustration rare	Special Illustration Rare	https://images.pokemontcg.io/sv8pt5/163.png	https://assets.tcgdex.net/ja/SV/SV6a/090/low.webp	0.8	dex+hp+damage+rarity
sv8-1	Exeggcute	아라리	SV7a-001	タマタマ	Common	Common	https://images.pokemontcg.io/sv8/1.png	https://assets.tcgdex.net/ja/SV/SV7a/001/low.webp	0.8	dex+hp+damage+rarity
sv8-2	Exeggcute	아라리	SV8-001	タマタマ	Common	Common	https://images.pokemontcg.io/sv8/2.png	https://assets.tcgdex.net/ja/SV/SV8/001/low.webp	0.8	dex+hp+damage+rarity
sv8-3	Exeggutor	나시	SV8-002	ナッシー	Uncommon	Uncommon	https://images.pokemontcg.io/sv8/3.png	https://assets.tcgdex.net/ja/SV/SV8/002/low.webp	0.8	dex+hp+damage+rarity
sv8-4	Durant ex	아이앤트 ex	SV8-003	アイアントex	Double rare	Double Rare	https://images.pokemontcg.io/sv8/4.png	https://assets.tcgdex.net/ja/SV/SV8/003/low.webp	0.8	dex+hp+damage+rarity
sv8-5	Scatterbug	분이벌레	SV8-004	コフキムシ	Common	Common	https://images.pokemontcg.io/sv8/5.png	https://assets.tcgdex.net/ja/SV/SV8/004/low.webp	0.8	dex+hp+damage+rarity
sv8-6	Spewpa	분떠도리	SV8-005	コフーライ	Common	Common	https://images.pokemontcg.io/sv8/6.png	https://assets.tcgdex.net/ja/SV/SV8/005/low.webp	0.8	dex+hp+damage+rarity
sv8-7	Vivillon	비비용	SV8-006	ビビヨン	Uncommon	Uncommon	https://images.pokemontcg.io/sv8/7.png	https://assets.tcgdex.net/ja/SV/SV8/006/low.webp	0.8	dex+hp+damage+rarity
sv8-8	Morelull	자마슈	SV7a-002	ネマシュ	Common	Common	https://images.pokemontcg.io/sv8/8.png	https://assets.tcgdex.net/ja/SV/SV7a/002/low.webp	0.8	dex+hp+damage+rarity
sv8-10	Dhelmise	타타륜	SV7a-004	ダダリン	Common	Common	https://images.pokemontcg.io/sv8/10.png	https://assets.tcgdex.net/ja/SV/SV7a/004/low.webp	0.8	dex+hp+damage+rarity
sv8-12	Capsakid	캡싸이	SV8-007	カプサイジ	Common	Common	https://images.pokemontcg.io/sv8/12.png	https://assets.tcgdex.net/ja/SV/SV8/007/low.webp	0.8	dex+hp+damage+rarity
sv8-13	Rellor	구르데	SV8-008	シガロコ	Common	Common	https://images.pokemontcg.io/sv8/13.png	https://assets.tcgdex.net/ja/SV/SV8/008/low.webp	0.8	dex+hp+damage+rarity
sv8-14	Rabsca	베라카스	SV8-009	ベラカス	Rare	Rare	https://images.pokemontcg.io/sv8/14.png	https://assets.tcgdex.net/ja/SV/SV8/009/low.webp	0.8	dex+hp+damage+rarity
sv8-15	Wo-Chien	총지엔	SV8-010	チオンジェン	Uncommon	Uncommon	https://images.pokemontcg.io/sv8/15.png	https://assets.tcgdex.net/ja/SV/SV8/010/low.webp	0.8	dex+hp+damage+rarity
sv8-18	Paldean Tauros	팔데아 켄타로스	SV8-011	パルデア ケンタロス	Uncommon	Uncommon	https://images.pokemontcg.io/sv8/18.png	https://assets.tcgdex.net/ja/SV/SV8/011/low.webp	0.8	dex+hp+damage+rarity
sv8-20	Castform Sunny Form	캐스퐁 태양의 모습	SV7a-006	ポワルン たいようのすがた	Common	Common	https://images.pokemontcg.io/sv8/20.png	https://assets.tcgdex.net/ja/SV/SV7a/006/low.webp	0.8	dex+hp+damage+rarity
sv8-21	Victini	비크티니	SV8-012	ビクティニ	Uncommon	Uncommon	https://images.pokemontcg.io/sv8/21.png	https://assets.tcgdex.net/ja/SV/SV8/012/low.webp	0.8	dex+hp+damage+rarity
sv8-22	Pansear	바오프	SV7a-007	バオップ	Common	Common	https://images.pokemontcg.io/sv8/22.png	https://assets.tcgdex.net/ja/SV/SV7a/007/low.webp	0.8	dex+hp+damage+rarity
sv8-23	Simisear	바오키	SV7a-008	バオッキー	Common	Common	https://images.pokemontcg.io/sv8/23.png	https://assets.tcgdex.net/ja/SV/SV7a/008/low.webp	0.8	dex+hp+damage+rarity
sv8-24	Larvesta	활화르바	SV8-013	メラルバ	Common	Common	https://images.pokemontcg.io/sv8/24.png	https://assets.tcgdex.net/ja/SV/SV8/013/low.webp	0.8	dex+hp+damage+rarity
sv8-25	Volcarona	불카모스	SV8-014	ウルガモス	Common	Common	https://images.pokemontcg.io/sv8/25.png	https://assets.tcgdex.net/ja/SV/SV8/014/low.webp	0.8	dex+hp+damage+rarity
sv8-27	Sizzlipede	태우지네	SV8-015	ヤクデ	Common	Common	https://images.pokemontcg.io/sv8/27.png	https://assets.tcgdex.net/ja/SV/SV8/015/low.webp	0.8	dex+hp+damage+rarity
sv8-28	Centiskorch	다태우지네	SV8-016	マルヤクデ	Common	Common	https://images.pokemontcg.io/sv8/28.png	https://assets.tcgdex.net/ja/SV/SV8/016/low.webp	0.8	dex+hp+damage+rarity
sv8-30	Crocalor	악뜨거	SV8-018	アチゲータ	Common	Common	https://images.pokemontcg.io/sv8/30.png	https://assets.tcgdex.net/ja/SV/SV8/018/low.webp	0.8	dex+hp+damage+rarity
sv8-31	Skeledirge	라우드본	SV8-019	ラウドボーン	Rare	Rare	https://images.pokemontcg.io/sv8/31.png	https://assets.tcgdex.net/ja/SV/SV8/019/low.webp	0.8	dex+hp+damage+rarity
sv8-33	Charcadet	카르본	SV8-020	カルボウ	Common	Common	https://images.pokemontcg.io/sv8/33.png	https://assets.tcgdex.net/ja/SV/SV8/020/low.webp	0.8	dex+hp+damage+rarity
sv8-34	Armarouge	카디나르마	SV8-021	グレンアルマ	Uncommon	Uncommon	https://images.pokemontcg.io/sv8/34.png	https://assets.tcgdex.net/ja/SV/SV8/021/low.webp	0.8	dex+hp+damage+rarity
sv8-35	Ceruledge	파라블레이즈	SV8-022	ソウブレイズ	Uncommon	Uncommon	https://images.pokemontcg.io/sv8/35.png	https://assets.tcgdex.net/ja/SV/SV8/022/low.webp	0.8	dex+hp+damage+rarity
sv8-36	Ceruledge ex	파라블레이즈 ex	M2a-031	ソウブレイズex	Double rare	Double Rare	https://images.pokemontcg.io/sv8/36.png		0.8	dex+hp+damage+rarity
sv8-37	Scovillain ex	스코빌런 ex	SV8-023	スコヴィランex	Double rare	Double Rare	https://images.pokemontcg.io/sv8/37.png	https://assets.tcgdex.net/ja/SV/SV8/023/low.webp	0.8	dex+hp+damage+rarity
sv8-39	Paldean Tauros	팔데아 켄타로스	SV8-024	パルデア ケンタロス	Uncommon	Uncommon	https://images.pokemontcg.io/sv8/39.png	https://assets.tcgdex.net/ja/SV/SV8/024/low.webp	0.8	dex+hp+damage+rarity
sv8-42	Milotic ex	밀로틱 ex	SV8-026	ミロカロスex	Double rare	Double Rare	https://images.pokemontcg.io/sv8/42.png	https://assets.tcgdex.net/ja/SV/SV8/026/low.webp	0.8	dex+hp+damage+rarity
sv8-43	Spheal	대굴레오	SV8-027	タマザラシ	Common	Common	https://images.pokemontcg.io/sv8/43.png	https://assets.tcgdex.net/ja/SV/SV8/027/low.webp	0.8	dex+hp+damage+rarity
sv8-44	Sealeo	씨레오	SV8-028	トドグラー	Common	Common	https://images.pokemontcg.io/sv8/44.png	https://assets.tcgdex.net/ja/SV/SV8/028/low.webp	0.8	dex+hp+damage+rarity
sv8-45	Walrein	씨카이저	SV8-029	トドゼルガ	Uncommon	Uncommon	https://images.pokemontcg.io/sv8/45.png	https://assets.tcgdex.net/ja/SV/SV8/029/low.webp	0.8	dex+hp+damage+rarity
sv8-46	Shellos	깝질무	SV8-030	カラナクシ	Common	Common	https://images.pokemontcg.io/sv8/46.png	https://assets.tcgdex.net/ja/SV/SV8/030/low.webp	0.8	dex+hp+damage+rarity
sv8-47	Cryogonal	프리지오	SV7a-010	フリージオ	Common	Common	https://images.pokemontcg.io/sv8/47.png	https://assets.tcgdex.net/ja/SV/SV7a/010/low.webp	0.8	dex+hp+damage+rarity
sv8-49	Bruxish	치갈기	SV7a-012	ハギギシリ	Uncommon	Uncommon	https://images.pokemontcg.io/sv8/49.png	https://assets.tcgdex.net/ja/SV/SV7a/012/low.webp	0.8	dex+hp+damage+rarity
sv8-51	Quaxwell	아꾸왁	SV7a-014	ウェルカモ	Common	Common	https://images.pokemontcg.io/sv8/51.png	https://assets.tcgdex.net/ja/SV/SV7a/014/low.webp	0.8	dex+hp+damage+rarity
sv8-52	Quaquaval	웨이니발	SV7a-015	ウェーニバル	Uncommon	Uncommon	https://images.pokemontcg.io/sv8/52.png	https://assets.tcgdex.net/ja/SV/SV7a/015/low.webp	0.8	dex+hp+damage+rarity
sv8-53	Cetoddle	터벅고래	SV7a-016	アルクジラ	Common	Common	https://images.pokemontcg.io/sv8/53.png	https://assets.tcgdex.net/ja/SV/SV7a/016/low.webp	0.8	dex+hp+damage+rarity
sv8-54	Cetitan	우락고래	SV7a-017	ハルクジラ	Common	Common	https://images.pokemontcg.io/sv8/54.png	https://assets.tcgdex.net/ja/SV/SV7a/017/low.webp	0.8	dex+hp+damage+rarity
sv8-56	Chien-Pao	파오젠	SV8-032	パオジアン	Rare	Rare	https://images.pokemontcg.io/sv8/56.png	https://assets.tcgdex.net/ja/SV/SV8/032/low.webp	0.8	dex+hp+damage+rarity
sv8-58	Magnemite	코일	SV8-034	コイル	Common	Common	https://images.pokemontcg.io/sv8/58.png	https://assets.tcgdex.net/ja/SV/SV8/034/low.webp	0.8	dex+hp+damage+rarity
sv8-59	Magneton	레어코일	SV8-035	レアコイル	Uncommon	Uncommon	https://images.pokemontcg.io/sv8/59.png	https://assets.tcgdex.net/ja/SV/SV8/035/low.webp	0.8	dex+hp+damage+rarity
sv8-60	Magnezone	자포코일	SV8-036	ジバコイル	Uncommon	Uncommon	https://images.pokemontcg.io/sv8/60.png	https://assets.tcgdex.net/ja/SV/SV8/036/low.webp	0.8	dex+hp+damage+rarity
sv8-61	Rotom	로토무	SV8-037	ロトム	Common	Common	https://images.pokemontcg.io/sv8/61.png	https://assets.tcgdex.net/ja/SV/SV8/037/low.webp	0.8	dex+hp+damage+rarity
sv8-62	Blitzle	줄뮤마	SV8-038	シママ	Common	Common	https://images.pokemontcg.io/sv8/62.png	https://assets.tcgdex.net/ja/SV/SV8/038/low.webp	0.8	dex+hp+damage+rarity
sv8-63	Zebstrika	제브라이카	SV8-039	ゼブライカ	Common	Common	https://images.pokemontcg.io/sv8/63.png	https://assets.tcgdex.net/ja/SV/SV8/039/low.webp	0.8	dex+hp+damage+rarity
sv8-64	Stunfisk	메더	SV8-040	マッギョ	Common	Common	https://images.pokemontcg.io/sv8/64.png	https://assets.tcgdex.net/ja/SV/SV8/040/low.webp	0.8	dex+hp+damage+rarity
sv8-65	Tapu Koko	카푸꼬꼬꼭	SV8-041	カプ・コケコ	Rare	Rare	https://images.pokemontcg.io/sv8/65.png	https://assets.tcgdex.net/ja/SV/SV8/041/low.webp	0.8	dex+hp+damage+rarity
sv8-67	Kilowattrel	찌리비크	SV8-043	タイカイデン	Uncommon	Uncommon	https://images.pokemontcg.io/sv8/67.png	https://assets.tcgdex.net/ja/SV/SV8/043/low.webp	0.8	dex+hp+damage+rarity
sv8-69	Miraidon	미라이돈	SV8-044	ミライドン	Uncommon	Uncommon	https://images.pokemontcg.io/sv8/69.png	https://assets.tcgdex.net/ja/SV/SV8/044/low.webp	0.8	dex+hp+damage+rarity
sv8-70	Togepi	토게피	SV8-045	トゲピー	Common	Common	https://images.pokemontcg.io/sv8/70.png	https://assets.tcgdex.net/ja/SV/SV8/045/low.webp	0.8	dex+hp+damage+rarity
sv8-71	Togetic	토게틱	SV8-046	トゲチック	Common	Common	https://images.pokemontcg.io/sv8/71.png	https://assets.tcgdex.net/ja/SV/SV8/046/low.webp	0.8	dex+hp+damage+rarity
sv8-72	Togekiss	토게키스	SV8-047	トゲキッス	Rare	Rare	https://images.pokemontcg.io/sv8/72.png	https://assets.tcgdex.net/ja/SV/SV8/047/low.webp	0.8	dex+hp+damage+rarity
sv8-75	Smoochum	뽀뽀라	SV7a-018	ムチュール	Common	Common	https://images.pokemontcg.io/sv8/75.png	https://assets.tcgdex.net/ja/SV/SV7a/018/low.webp	0.8	dex+hp+damage+rarity
sv8-76	Latias ex	라티아스 ex	M2a-075	ラティアスex	Double rare	Double Rare	https://images.pokemontcg.io/sv8/76.png		0.8	dex+hp+damage+rarity
sv8-77	Latios	라티오스	SV7a-020	ラティオス	Uncommon	Uncommon	https://images.pokemontcg.io/sv8/77.png	https://assets.tcgdex.net/ja/SV/SV7a/020/low.webp	0.8	dex+hp+damage+rarity
sv8-78	Uxie	유크시	SV8-048	ユクシー	Common	Common	https://images.pokemontcg.io/sv8/78.png	https://assets.tcgdex.net/ja/SV/SV8/048/low.webp	0.8	dex+hp+damage+rarity
sv8-79	Mesprit	엠라이트	SV8-049	エムリット	Common	Common	https://images.pokemontcg.io/sv8/79.png	https://assets.tcgdex.net/ja/SV/SV8/049/low.webp	0.8	dex+hp+damage+rarity
sv8-80	Azelf	아그놈	SV8-050	アグノム	Common	Common	https://images.pokemontcg.io/sv8/80.png	https://assets.tcgdex.net/ja/SV/SV8/050/low.webp	0.8	dex+hp+damage+rarity
sv8-82	Yamask	데스마스	SV8-051	デスマス	Common	Common	https://images.pokemontcg.io/sv8/82.png	https://assets.tcgdex.net/ja/SV/SV8/051/low.webp	0.8	dex+hp+damage+rarity
sv8-83	Cofagrigus	데스니칸	SV8-052	デスカーン	Rare	Rare	https://images.pokemontcg.io/sv8/83.png	https://assets.tcgdex.net/ja/SV/SV8/052/low.webp	0.8	dex+hp+damage+rarity
sv8-84	Espurr	냐스퍼	SV8-053	ニャスパー	Common	Common	https://images.pokemontcg.io/sv8/84.png	https://assets.tcgdex.net/ja/SV/SV8/053/low.webp	0.8	dex+hp+damage+rarity
sv8-85	Meowstic	냐오닉스	SV8-054	ニャオニクス	Uncommon	Uncommon	https://images.pokemontcg.io/sv8/85.png	https://assets.tcgdex.net/ja/SV/SV8/054/low.webp	0.8	dex+hp+damage+rarity
sv8-90	Sandygast	모래꿍	SV8-056	スナバァ	Common	Common	https://images.pokemontcg.io/sv8/90.png	https://assets.tcgdex.net/ja/SV/SV8/056/low.webp	0.8	dex+hp+damage+rarity
sv8-91	Palossand ex	모래성이당 ex	SV8-057	シロデスナex	Double rare	Double Rare	https://images.pokemontcg.io/sv8/91.png	https://assets.tcgdex.net/ja/SV/SV8/057/low.webp	0.8	dex+hp+damage+rarity
sv8-93	Indeedee	에써르	SV8-058	イエッサン	Uncommon	Uncommon	https://images.pokemontcg.io/sv8/93.png	https://assets.tcgdex.net/ja/SV/SV8/058/low.webp	0.8	dex+hp+damage+rarity
sv8-95	Espathra	클레스퍼트라	SV7a-023	クエスパトラ	Uncommon	Uncommon	https://images.pokemontcg.io/sv8/95.png	https://assets.tcgdex.net/ja/SV/SV7a/023/low.webp	0.8	dex+hp+damage+rarity
sv8-96	Flutter Mane	날개치는머리	SV8-059	ハバタクカミ	Uncommon	Uncommon	https://images.pokemontcg.io/sv8/96.png	https://assets.tcgdex.net/ja/SV/SV8/059/low.webp	0.8	dex+hp+damage+rarity
sv8-97	Gimmighoul	모으령	SV7a-024	コレクレー	Common	Common	https://images.pokemontcg.io/sv8/97.png	https://assets.tcgdex.net/ja/SV/SV7a/024/low.webp	0.8	dex+hp+damage+rarity
sv8-98	Mankey	망키	SV8-060	マンキー	Common	Common	https://images.pokemontcg.io/sv8/98.png	https://assets.tcgdex.net/ja/SV/SV8/060/low.webp	0.8	dex+hp+damage+rarity
sv8-99	Primeape	성원숭	SV8-061	オコリザル	Common	Common	https://images.pokemontcg.io/sv8/99.png	https://assets.tcgdex.net/ja/SV/SV8/061/low.webp	0.8	dex+hp+damage+rarity
sv8-100	Annihilape	저승갓숭	SV8-062	コノヨザル	Uncommon	Uncommon	https://images.pokemontcg.io/sv8/100.png	https://assets.tcgdex.net/ja/SV/SV8/062/low.webp	0.8	dex+hp+damage+rarity
sv8-101	Paldean Tauros	팔데아 켄타로스	SV8-063	パルデア ケンタロス	Uncommon	Uncommon	https://images.pokemontcg.io/sv8/101.png	https://assets.tcgdex.net/ja/SV/SV8/063/low.webp	0.8	dex+hp+damage+rarity
sv8-102	Phanpy	코코리	SV8-064	ゴマゾウ	Common	Common	https://images.pokemontcg.io/sv8/102.png	https://assets.tcgdex.net/ja/SV/SV8/064/low.webp	0.8	dex+hp+damage+rarity
sv8-103	Donphan	코리갑	SV8-065	ドンファン	Common	Common	https://images.pokemontcg.io/sv8/103.png	https://assets.tcgdex.net/ja/SV/SV8/065/low.webp	0.8	dex+hp+damage+rarity
sv8-104	Trapinch	톱치	SV7a-025	ナックラー	Common	Common	https://images.pokemontcg.io/sv8/104.png	https://assets.tcgdex.net/ja/SV/SV7a/025/low.webp	0.8	dex+hp+damage+rarity
sv8-105	Vibrava	비브라바	SV7a-026	ビブラーバ	Common	Common	https://images.pokemontcg.io/sv8/105.png	https://assets.tcgdex.net/ja/SV/SV7a/026/low.webp	0.8	dex+hp+damage+rarity
sv8-107	Gastrodon	트리토돈	SV8-066	トリトドン	Rare	Rare	https://images.pokemontcg.io/sv8/107.png	https://assets.tcgdex.net/ja/SV/SV8/066/low.webp	0.8	dex+hp+damage+rarity
sv8-108	Drilbur	두더류	SV7a-028	モグリュー	Common	Common	https://images.pokemontcg.io/sv8/108.png	https://assets.tcgdex.net/ja/SV/SV7a/028/low.webp	0.8	dex+hp+damage+rarity
sv8-110	Landorus	랜드로스	SV7a-030	ランドロス	Rare	Rare	https://images.pokemontcg.io/sv8/110.png	https://assets.tcgdex.net/ja/SV/SV7a/030/low.webp	0.8	dex+hp+damage+rarity
sv8-111	Passimian	내던숭이	SV7a-031	ナゲツケサル	Uncommon	Uncommon	https://images.pokemontcg.io/sv8/111.png	https://assets.tcgdex.net/ja/SV/SV7a/031/low.webp	0.8	dex+hp+damage+rarity
sv8-112	Clobbopus	때때무노	SV7a-032	タタッコ	Common	Common	https://images.pokemontcg.io/sv8/112.png	https://assets.tcgdex.net/ja/SV/SV7a/032/low.webp	0.8	dex+hp+damage+rarity
sv8-113	Grapploct	케오퍼스	SV7a-033	オトスパス	Common	Common	https://images.pokemontcg.io/sv8/113.png	https://assets.tcgdex.net/ja/SV/SV7a/033/low.webp	0.8	dex+hp+damage+rarity
sv8-114	Glimmet	초롱순	SV8-067	キラーメ	Common	Common	https://images.pokemontcg.io/sv8/114.png	https://assets.tcgdex.net/ja/SV/SV8/067/low.webp	0.8	dex+hp+damage+rarity
sv8-115	Glimmora	킬라플로르	SV8-068	キラフロル	Common	Common	https://images.pokemontcg.io/sv8/115.png	https://assets.tcgdex.net/ja/SV/SV8/068/low.webp	0.8	dex+hp+damage+rarity
sv8-116	Koraidon	코라이돈	SV8-069	コライドン	Uncommon	Uncommon	https://images.pokemontcg.io/sv8/116.png	https://assets.tcgdex.net/ja/SV/SV8/069/low.webp	0.8	dex+hp+damage+rarity
sv8-117	Deino	모노두	SV8-070	モノズ	Common	Common	https://images.pokemontcg.io/sv8/117.png	https://assets.tcgdex.net/ja/SV/SV8/070/low.webp	0.8	dex+hp+damage+rarity
sv8-118	Zweilous	디헤드	SV8-071	ジヘッド	Common	Common	https://images.pokemontcg.io/sv8/118.png	https://assets.tcgdex.net/ja/SV/SV8/071/low.webp	0.8	dex+hp+damage+rarity
sv8-119	Hydreigon ex	삼삼드래 ex	SV8-072	サザンドラex	Double rare	Double Rare	https://images.pokemontcg.io/sv8/119.png	https://assets.tcgdex.net/ja/SV/SV8/072/low.webp	0.8	dex+hp+damage+rarity
sv8-121	Grafaiai	태깅구르	SV8-074	タギングル	Uncommon	Uncommon	https://images.pokemontcg.io/sv8/121.png	https://assets.tcgdex.net/ja/SV/SV8/074/low.webp	0.8	dex+hp+damage+rarity
sv8-123	Alolan Dugtrio	알로라 닥트리오	SV8-077	アローラ ダグトリオ	Uncommon	Uncommon	https://images.pokemontcg.io/sv8/123.png	https://assets.tcgdex.net/ja/SV/SV8/077/low.webp	0.8	dex+hp+damage+rarity
sv8-124	Skarmory	무장조	SV7a-034	エアームド	Common	Common	https://images.pokemontcg.io/sv8/124.png	https://assets.tcgdex.net/ja/SV/SV7a/034/low.webp	0.8	dex+hp+damage+rarity
sv8-126	Bronzor	동미러	SV8-078	ドーミラー	Common	Common	https://images.pokemontcg.io/sv8/126.png	https://assets.tcgdex.net/ja/SV/SV8/078/low.webp	0.8	dex+hp+damage+rarity
sv8-127	Bronzong	동탁군	SV8-079	ドータクン	Common	Common	https://images.pokemontcg.io/sv8/127.png	https://assets.tcgdex.net/ja/SV/SV8/079/low.webp	0.8	dex+hp+damage+rarity
sv8-128	Klefki	클레피	SV7a-035	クレッフィ	Common	Common	https://images.pokemontcg.io/sv8/128.png	https://assets.tcgdex.net/ja/SV/SV7a/035/low.webp	0.8	dex+hp+damage+rarity
sv8-129	Duraludon	두랄루돈	SV7a-036	ジュラルドン	Common	Common	https://images.pokemontcg.io/sv8/129.png	https://assets.tcgdex.net/ja/SV/SV7a/036/low.webp	0.8	dex+hp+damage+rarity
sv8-130	Archaludon ex	브리두라스 ex	M2a-122	ブリジュラスex	Double rare	Double Rare	https://images.pokemontcg.io/sv8/130.png		0.8	dex+hp+damage+rarity
sv8-134	Altaria	파비코리	SV7a-041	チルタリス	Uncommon	Uncommon	https://images.pokemontcg.io/sv8/134.png	https://assets.tcgdex.net/ja/SV/SV7a/041/low.webp	0.8	dex+hp+damage+rarity
sv8-135	Dialga	디아루가	SV7a-042	ディアルガ	Rare	Rare	https://images.pokemontcg.io/sv8/135.png	https://assets.tcgdex.net/ja/SV/SV7a/042/low.webp	0.8	dex+hp+damage+rarity
sv8-136	Palkia	펄기아	SV7a-043	パルキア	Rare	Rare	https://images.pokemontcg.io/sv8/136.png	https://assets.tcgdex.net/ja/SV/SV7a/043/low.webp	0.8	dex+hp+damage+rarity
sv8-137	Turtonator	폭거북스	SV7a-044	バクガメス	Uncommon	Uncommon	https://images.pokemontcg.io/sv8/137.png	https://assets.tcgdex.net/ja/SV/SV7a/044/low.webp	0.8	dex+hp+damage+rarity
sv8-139	Flapple	애프룡	SV7a-046	アップリュー	Uncommon	Uncommon	https://images.pokemontcg.io/sv8/139.png	https://assets.tcgdex.net/ja/SV/SV7a/046/low.webp	0.8	dex+hp+damage+rarity
sv8-140	Appletun	단지래플	SV7a-047	タルップル	Uncommon	Uncommon	https://images.pokemontcg.io/sv8/140.png	https://assets.tcgdex.net/ja/SV/SV7a/047/low.webp	0.8	dex+hp+damage+rarity
sv8-141	Eternatus	무한다이노	SV8-080	ムゲンダイナ	Rare	Rare	https://images.pokemontcg.io/sv8/141.png	https://assets.tcgdex.net/ja/SV/SV8/080/low.webp	0.8	dex+hp+damage+rarity
sv8-142	Tatsugiri ex	싸리용 ex	SV8-081	シャリタツex	Double rare	Double Rare	https://images.pokemontcg.io/sv8/142.png	https://assets.tcgdex.net/ja/SV/SV8/081/low.webp	0.8	dex+hp+damage+rarity
sv8-145	Slakoth	게을로	SV8-082	ナマケロ	Common	Common	https://images.pokemontcg.io/sv8/145.png	https://assets.tcgdex.net/ja/SV/SV8/082/low.webp	0.8	dex+hp+damage+rarity
sv8-146	Vigoroth	발바로	SV8-083	ヤルキモノ	Common	Common	https://images.pokemontcg.io/sv8/146.png	https://assets.tcgdex.net/ja/SV/SV8/083/low.webp	0.8	dex+hp+damage+rarity
sv8-147	Slaking ex	게을킹 ex	SV8-084	ケッキングex	Double rare	Double Rare	https://images.pokemontcg.io/sv8/147.png	https://assets.tcgdex.net/ja/SV/SV8/084/low.webp	0.8	dex+hp+damage+rarity
sv8-148	Swablu	파비코	SV7a-048	チルット	Common	Common	https://images.pokemontcg.io/sv8/148.png	https://assets.tcgdex.net/ja/SV/SV7a/048/low.webp	0.8	dex+hp+damage+rarity
sv8-149	Zangoose	쟝고	SV8-085	ザングース	Common	Common	https://images.pokemontcg.io/sv8/149.png	https://assets.tcgdex.net/ja/SV/SV8/085/low.webp	0.8	dex+hp+damage+rarity
sv8-150	Kecleon	켈리몬	SV8-086	カクレオン	Common	Common	https://images.pokemontcg.io/sv8/150.png	https://assets.tcgdex.net/ja/SV/SV8/086/low.webp	0.8	dex+hp+damage+rarity
sv8-151	Bouffalant	버프론	SV8-087	バッフロン	Common	Common	https://images.pokemontcg.io/sv8/151.png	https://assets.tcgdex.net/ja/SV/SV8/087/low.webp	0.8	dex+hp+damage+rarity
sv8-152	Rufflet	수리둥보	SV7a-049	ワシボン	Common	Common	https://images.pokemontcg.io/sv8/152.png	https://assets.tcgdex.net/ja/SV/SV7a/049/low.webp	0.8	dex+hp+damage+rarity
sv8-153	Braviary	워글	SV7a-050	ウォーグル	Uncommon	Uncommon	https://images.pokemontcg.io/sv8/153.png	https://assets.tcgdex.net/ja/SV/SV7a/050/low.webp	0.8	dex+hp+damage+rarity
sv8-154	Helioptile	목도리키텔	SV8-088	エリキテル	Common	Common	https://images.pokemontcg.io/sv8/154.png	https://assets.tcgdex.net/ja/SV/SV8/088/low.webp	0.8	dex+hp+damage+rarity
sv8-155	Heliolisk	일레도리자드	SV8-089	エレザード	Common	Common	https://images.pokemontcg.io/sv8/155.png	https://assets.tcgdex.net/ja/SV/SV8/089/low.webp	0.8	dex+hp+damage+rarity
sv8-156	Oranguru	하랑우탄	SV8-090	ヤレユータン	Common	Common	https://images.pokemontcg.io/sv8/156.png	https://assets.tcgdex.net/ja/SV/SV8/090/low.webp	0.8	dex+hp+damage+rarity
sv8-157	Tandemaus	두리쥐	SV8-091	ワッカネズミ	Common	Common	https://images.pokemontcg.io/sv8/157.png	https://assets.tcgdex.net/ja/SV/SV8/091/low.webp	0.8	dex+hp+damage+rarity
sv8-158	Maushold	파밀리쥐	SV8-092	イッカネズミ	Uncommon	Uncommon	https://images.pokemontcg.io/sv8/158.png	https://assets.tcgdex.net/ja/SV/SV8/092/low.webp	0.8	dex+hp+damage+rarity
sv8-161	Terapagos	테라파고스	SV8-093	テラパゴス	Rare	Rare	https://images.pokemontcg.io/sv8/161.png	https://assets.tcgdex.net/ja/SV/SV8/093/low.webp	0.8	dex+hp+damage+rarity
sv8-193	Vivillon	비비용	SV8-107	ビビヨン	Illustration rare	Illustration Rare	https://images.pokemontcg.io/sv8/193.png		0.8	dex+hp+damage+rarity
sv8-196	Larvesta	활화르바	SV8-108	メラルバ	Illustration rare	Illustration Rare	https://images.pokemontcg.io/sv8/196.png		0.8	dex+hp+damage+rarity
sv8-197	Ceruledge	파라블레이즈	SV8-109	ソウブレイズ	Illustration rare	Illustration Rare	https://images.pokemontcg.io/sv8/197.png		0.8	dex+hp+damage+rarity
sv8-198	Feebas	빈티나	SV8-110	ヒンバス	Illustration rare	Illustration Rare	https://images.pokemontcg.io/sv8/198.png		0.8	dex+hp+damage+rarity
sv8-199	Spheal	대굴레오	SV8-111	タマザラシ	Illustration rare	Illustration Rare	https://images.pokemontcg.io/sv8/199.png		0.8	dex+hp+damage+rarity
sv8-202	Stunfisk	메더	SV8-113	マッギョ	Illustration rare	Illustration Rare	https://images.pokemontcg.io/sv8/202.png		0.8	dex+hp+damage+rarity
sv8-204	Mesprit	엠라이트	SV8-114	エムリット	Illustration rare	Illustration Rare	https://images.pokemontcg.io/sv8/204.png		0.8	dex+hp+damage+rarity
sv8-205	Phanpy	코코리	SV8-115	ゴマゾウ	Illustration rare	Illustration Rare	https://images.pokemontcg.io/sv8/205.png		0.8	dex+hp+damage+rarity
sv8-208	Alolan Dugtrio	알로라 닥트리오	SV8-116	アローラ ダグトリオ	Illustration rare	Illustration Rare	https://images.pokemontcg.io/sv8/208.png		0.8	dex+hp+damage+rarity
sv8-212	Slakoth	게을로	SV8-117	ナマケロ	Illustration rare	Illustration Rare	https://images.pokemontcg.io/sv8/212.png		0.8	dex+hp+damage+rarity
sv8-213	Kecleon	켈리몬	SV8-118	カクレオン	Illustration rare	Illustration Rare	https://images.pokemontcg.io/sv8/213.png		0.8	dex+hp+damage+rarity
sv8-215	Durant ex	아이앤트 ex	SV8-119	アイアントex	Ultra Rare	Ultra Rare	https://images.pokemontcg.io/sv8/215.png		0.8	dex+hp+damage+rarity
sv8-216	Scovillain ex	스코빌런 ex	SV8-120	スコヴィランex	Ultra Rare	Ultra Rare	https://images.pokemontcg.io/sv8/216.png		0.8	dex+hp+damage+rarity
sv8-217	Milotic ex	밀로틱 ex	SV8-121	ミロカロスex	Ultra Rare	Ultra Rare	https://images.pokemontcg.io/sv8/217.png		0.8	dex+hp+damage+rarity
sv8-219	Pikachu ex	피카츄 ex	SV8-122	ピカチュウex	Ultra Rare	Ultra Rare	https://images.pokemontcg.io/sv8/219.png		0.8	dex+hp+damage+rarity
sv8-221	Palossand ex	모래성이당 ex	SV8-123	シロデスナex	Ultra Rare	Ultra Rare	https://images.pokemontcg.io/sv8/221.png		0.8	dex+hp+damage+rarity
sv8-223	Hydreigon ex	삼삼드래 ex	SV8-124	サザンドラex	Ultra Rare	Ultra Rare	https://images.pokemontcg.io/sv8/223.png		0.8	dex+hp+damage+rarity
sv8-226	Tatsugiri ex	싸리용 ex	SV8-125	シャリタツex	Ultra Rare	Ultra Rare	https://images.pokemontcg.io/sv8/226.png		0.8	dex+hp+damage+rarity
sv8-227	Slaking ex	게을킹 ex	SV8-126	ケッキングex	Ultra Rare	Ultra Rare	https://images.pokemontcg.io/sv8/227.png		0.8	dex+hp+damage+rarity
sv8-236	Durant ex	아이앤트 ex	SV8-130	アイアントex	Special illustration rare	Special Illustration Rare	https://images.pokemontcg.io/sv8/236.png		0.8	dex+hp+damage+rarity
sv8-237	Milotic ex	밀로틱 ex	SV8-131	ミロカロスex	Special illustration rare	Special Illustration Rare	https://images.pokemontcg.io/sv8/237.png		0.8	dex+hp+damage+rarity
sv8-240	Hydreigon ex	삼삼드래 ex	SV8-133	サザンドラex	Special illustration rare	Special Illustration Rare	https://images.pokemontcg.io/sv8/240.png		0.8	dex+hp+damage+rarity
sv7-1	Venusaur ex	이상해꽃 ex	SV2a-003	フシギバナex	Double rare	Double Rare	https://images.pokemontcg.io/sv7/1.png	https://assets.tcgdex.net/ja/SV/SV2a/003/low.webp	0.8	dex+hp+damage+rarity
sv7-2	Ledyba	레디바	SV7-001	レディバ	Common	Common	https://images.pokemontcg.io/sv7/2.png	https://assets.tcgdex.net/ja/SV/SV7/001/low.webp	0.8	dex+hp+damage+rarity
sv7-3	Ledian	레디안	SV7-002	レディアン	Rare	Rare	https://images.pokemontcg.io/sv7/3.png	https://assets.tcgdex.net/ja/SV/SV7/002/low.webp	0.8	dex+hp+damage+rarity
sv7-4	Celebi	세레비	M1L-006	セレビィ	Uncommon	Uncommon	https://images.pokemontcg.io/sv7/4.png		0.8	dex+hp+damage+rarity
sv7-5	Lileep	릴링	SV7-003	リリーラ	Common	Common	https://images.pokemontcg.io/sv7/5.png	https://assets.tcgdex.net/ja/SV/SV7/003/low.webp	0.8	dex+hp+damage+rarity
sv7-7	Carnivine	무스틈니	SV7-005	マスキッパ	Common	Common	https://images.pokemontcg.io/sv7/7.png	https://assets.tcgdex.net/ja/SV/SV7/005/low.webp	0.8	dex+hp+damage+rarity
sv7-8	Mow Rotom	커트로토무	SV7-006	カットロトム	Common	Common	https://images.pokemontcg.io/sv7/8.png	https://assets.tcgdex.net/ja/SV/SV7/006/low.webp	0.8	dex+hp+damage+rarity
sv7-10	Gossifleur	꼬모카	SV7-008	ヒメンカ	Common	Common	https://images.pokemontcg.io/sv7/10.png	https://assets.tcgdex.net/ja/SV/SV7/008/low.webp	0.8	dex+hp+damage+rarity
sv7-11	Eldegoss	백솜모카	SV7-009	ワタシラガ	Uncommon	Uncommon	https://images.pokemontcg.io/sv7/11.png	https://assets.tcgdex.net/ja/SV/SV7/009/low.webp	0.8	dex+hp+damage+rarity
sv7-12	Applin	과사삭벌레	SV7-010	カジッチュ	Common	Common	https://images.pokemontcg.io/sv7/12.png	https://assets.tcgdex.net/ja/SV/SV7/010/low.webp	0.8	dex+hp+damage+rarity
sv7-13	Dipplin	과미르	SV7-011	カミッチュ	Common	Common	https://images.pokemontcg.io/sv7/13.png	https://assets.tcgdex.net/ja/SV/SV7/011/low.webp	0.8	dex+hp+damage+rarity
sv7-21	Pansear	바오프	SV4M-010	バオップ	Common	Common	https://images.pokemontcg.io/sv7/21.png	https://assets.tcgdex.net/ja/SV/SV4M/010/low.webp	0.8	dex+hp+damage+rarity
sv7-23	Salandit	야도뇽	SV7-013	ヤトウモリ	Common	Common	https://images.pokemontcg.io/sv7/23.png	https://assets.tcgdex.net/ja/SV/SV7/013/low.webp	0.8	dex+hp+damage+rarity
sv7-24	Salazzle	염뉴트	SV7-014	エンニュート	Uncommon	Uncommon	https://images.pokemontcg.io/sv7/24.png	https://assets.tcgdex.net/ja/SV/SV7/014/low.webp	0.8	dex+hp+damage+rarity
sv7-25	Turtonator	폭거북스	SV7-015	バクガメス	Common	Common	https://images.pokemontcg.io/sv7/25.png	https://assets.tcgdex.net/ja/SV/SV7/015/low.webp	0.8	dex+hp+damage+rarity
sv7-27	Raboot	래비풋	SV7-017	ラビフット	Common	Common	https://images.pokemontcg.io/sv7/27.png	https://assets.tcgdex.net/ja/SV/SV7/017/low.webp	0.8	dex+hp+damage+rarity
sv7-30	Blastoise ex	거북왕 ex	SV2a-009	カメックスex	Double rare	Double Rare	https://images.pokemontcg.io/sv7/30.png	https://assets.tcgdex.net/ja/SV/SV2a/009/low.webp	0.8	dex+hp+damage+rarity
sv7-35	Finneon	형광어	SV7-020	ケイコウオ	Common	Common	https://images.pokemontcg.io/sv7/35.png	https://assets.tcgdex.net/ja/SV/SV7/020/low.webp	0.8	dex+hp+damage+rarity
sv7-36	Lumineon	네오라이트	SV7-021	ネオラント	Uncommon	Uncommon	https://images.pokemontcg.io/sv7/36.png	https://assets.tcgdex.net/ja/SV/SV7/021/low.webp	0.8	dex+hp+damage+rarity
sv7-37	Tirtouga	프로토가	SV7-022	プロトーガ	Common	Common	https://images.pokemontcg.io/sv7/37.png	https://assets.tcgdex.net/ja/SV/SV7/022/low.webp	0.8	dex+hp+damage+rarity
sv7-42	Crabominable	모단단게	SV7-024	ケケンカニ	Uncommon	Uncommon	https://images.pokemontcg.io/sv7/42.png	https://assets.tcgdex.net/ja/SV/SV7/024/low.webp	0.8	dex+hp+damage+rarity
sv7-43	Chewtle	깨물부기	SV7-025	カムカメ	Common	Common	https://images.pokemontcg.io/sv7/43.png	https://assets.tcgdex.net/ja/SV/SV7/025/low.webp	0.8	dex+hp+damage+rarity
sv7-45	Veluza	가비루사	SV7-027	ミガルーサ	Uncommon	Uncommon	https://images.pokemontcg.io/sv7/45.png	https://assets.tcgdex.net/ja/SV/SV7/027/low.webp	0.8	dex+hp+damage+rarity
sv7-46	Electabuzz	에레브	SV7-028	エレブー	Common	Common	https://images.pokemontcg.io/sv7/46.png	https://assets.tcgdex.net/ja/SV/SV7/028/low.webp	0.8	dex+hp+damage+rarity
sv7-47	Electivire	에레키블	SV7-029	エレキブル	Uncommon	Uncommon	https://images.pokemontcg.io/sv7/47.png	https://assets.tcgdex.net/ja/SV/SV7/029/low.webp	0.8	dex+hp+damage+rarity
sv7-48	Chinchou	초라기	SV7-030	チョンチー	Common	Common	https://images.pokemontcg.io/sv7/48.png	https://assets.tcgdex.net/ja/SV/SV7/030/low.webp	0.8	dex+hp+damage+rarity
sv7-49	Lanturn	랜턴	SV7-031	ランターン	Uncommon	Uncommon	https://images.pokemontcg.io/sv7/49.png	https://assets.tcgdex.net/ja/SV/SV7/031/low.webp	0.8	dex+hp+damage+rarity
sv7-50	Joltik	파쪼옥	SV7-032	バチュル	Common	Common	https://images.pokemontcg.io/sv7/50.png	https://assets.tcgdex.net/ja/SV/SV7/032/low.webp	0.8	dex+hp+damage+rarity
sv7-52	Charjabug	전지충이	SV7-034	デンヂムシ	Common	Common	https://images.pokemontcg.io/sv7/52.png	https://assets.tcgdex.net/ja/SV/SV7/034/low.webp	0.8	dex+hp+damage+rarity
sv7-53	Vikavolt	투구뿌논	SV7-035	クワガノン	Uncommon	Uncommon	https://images.pokemontcg.io/sv7/53.png	https://assets.tcgdex.net/ja/SV/SV7/035/low.webp	0.8	dex+hp+damage+rarity
sv7-54	Togedemaru	토게데마루	SV7-036	トゲデマル	Uncommon	Uncommon	https://images.pokemontcg.io/sv7/54.png	https://assets.tcgdex.net/ja/SV/SV7/036/low.webp	0.8	dex+hp+damage+rarity
sv7-58	Slowking	야도킹	SV7-039	ヤドキング	Uncommon	Uncommon	https://images.pokemontcg.io/sv7/58.png	https://assets.tcgdex.net/ja/SV/SV7/039/low.webp	0.8	dex+hp+damage+rarity
sv7-60	Drifloon	흔들풍손	SV7-040	フワンテ	Common	Common	https://images.pokemontcg.io/sv7/60.png	https://assets.tcgdex.net/ja/SV/SV7/040/low.webp	0.8	dex+hp+damage+rarity
sv7-61	Drifblim	둥실라이드	SV7-041	フワライド	Uncommon	Uncommon	https://images.pokemontcg.io/sv7/61.png	https://assets.tcgdex.net/ja/SV/SV7/041/low.webp	0.8	dex+hp+damage+rarity
sv7-62	Yamask	데스마스	SV4K-030	デスマス	Common	Common	https://images.pokemontcg.io/sv7/62.png	https://assets.tcgdex.net/ja/SV/SV4K/030/low.webp	0.8	dex+hp+damage+rarity
sv7-64	Milcery	마빌크	SV7-043	マホミル	Common	Common	https://images.pokemontcg.io/sv7/64.png	https://assets.tcgdex.net/ja/SV/SV7/043/low.webp	0.8	dex+hp+damage+rarity
sv7-66	Fidough	쫀도기	SV7-045	パピモッチ	Common	Common	https://images.pokemontcg.io/sv7/66.png	https://assets.tcgdex.net/ja/SV/SV7/045/low.webp	0.8	dex+hp+damage+rarity
sv7-71	Iron Boulder	무쇠암석	SV7-047	テツノイワオ	Rare	Rare	https://images.pokemontcg.io/sv7/71.png	https://assets.tcgdex.net/ja/SV/SV7/047/low.webp	0.8	dex+hp+damage+rarity
sv7-72	Cubone	탕구리	SV7-048	カラカラ	Common	Common	https://images.pokemontcg.io/sv7/72.png	https://assets.tcgdex.net/ja/SV/SV7/048/low.webp	0.8	dex+hp+damage+rarity
sv7-74	Rhyhorn	뿔카노	SV7-050	サイホーン	Common	Common	https://images.pokemontcg.io/sv7/74.png	https://assets.tcgdex.net/ja/SV/SV7/050/low.webp	0.8	dex+hp+damage+rarity
sv7-75	Rhydon	코뿌리	SV7-051	サイドン	Common	Common	https://images.pokemontcg.io/sv7/75.png	https://assets.tcgdex.net/ja/SV/SV7/051/low.webp	0.8	dex+hp+damage+rarity
sv7-76	Rhyperior	거대코뿌리	SV7-052	ドサイドン	Rare	Rare	https://images.pokemontcg.io/sv7/76.png	https://assets.tcgdex.net/ja/SV/SV7/052/low.webp	0.8	dex+hp+damage+rarity
sv7-78	Meditite	요가랑	SV7-053	アサナン	Common	Common	https://images.pokemontcg.io/sv7/78.png	https://assets.tcgdex.net/ja/SV/SV7/053/low.webp	0.8	dex+hp+damage+rarity
sv7-83	Mienfoo	비조푸	SV7-055	コジョフー	Common	Common	https://images.pokemontcg.io/sv7/83.png	https://assets.tcgdex.net/ja/SV/SV7/055/low.webp	0.8	dex+hp+damage+rarity
sv7-85	Pancham	판짱	SV7-057	ヤンチャム	Common	Common	https://images.pokemontcg.io/sv7/85.png	https://assets.tcgdex.net/ja/SV/SV7/057/low.webp	0.8	dex+hp+damage+rarity
sv7-86	Diancie	디안시	SV7-058	ディアンシー	Uncommon	Uncommon	https://images.pokemontcg.io/sv7/86.png	https://assets.tcgdex.net/ja/SV/SV7/058/low.webp	0.8	dex+hp+damage+rarity
sv7-87	Crabrawler	오기지게	SV7-059	マケンカニ	Common	Common	https://images.pokemontcg.io/sv7/87.png	https://assets.tcgdex.net/ja/SV/SV7/059/low.webp	0.8	dex+hp+damage+rarity
sv7-91	Gulpin	꼴깍몬	SV7-061	ゴクリン	Common	Common	https://images.pokemontcg.io/sv7/91.png	https://assets.tcgdex.net/ja/SV/SV7/061/low.webp	0.8	dex+hp+damage+rarity
sv7-93	Pangoro	부란다	SV7-063	ゴロンダ	Uncommon	Uncommon	https://images.pokemontcg.io/sv7/93.png	https://assets.tcgdex.net/ja/SV/SV7/063/low.webp	0.8	dex+hp+damage+rarity
sv7-94	Impidimp	메롱꿍	SV7-064	ベロバー	Common	Common	https://images.pokemontcg.io/sv7/94.png	https://assets.tcgdex.net/ja/SV/SV7/064/low.webp	0.8	dex+hp+damage+rarity
sv7-95	Morgrem	쏘겨모	SV7-065	ギモー	Common	Common	https://images.pokemontcg.io/sv7/95.png	https://assets.tcgdex.net/ja/SV/SV7/065/low.webp	0.8	dex+hp+damage+rarity
sv7-99	Klink	기어르	SV7-067	ギアル	Common	Common	https://images.pokemontcg.io/sv7/99.png	https://assets.tcgdex.net/ja/SV/SV7/067/low.webp	0.8	dex+hp+damage+rarity
sv7-100	Klang	기기어르	SV7-068	ギギアル	Common	Common	https://images.pokemontcg.io/sv7/100.png	https://assets.tcgdex.net/ja/SV/SV7/068/low.webp	0.8	dex+hp+damage+rarity
sv7-101	Klinklang	기기기어르	SV7-069	ギギギアル	Rare	Rare	https://images.pokemontcg.io/sv7/101.png	https://assets.tcgdex.net/ja/SV/SV7/069/low.webp	0.8	dex+hp+damage+rarity
sv7-103	Meltan	멜탄	SV7-070	メルタン	Common	Common	https://images.pokemontcg.io/sv7/103.png	https://assets.tcgdex.net/ja/SV/SV7/070/low.webp	0.8	dex+hp+damage+rarity
sv7-107	Archaludon	브리두라스	SV7-073	ブリジュラス	Rare	Rare	https://images.pokemontcg.io/sv7/107.png	https://assets.tcgdex.net/ja/SV/SV7/073/low.webp	0.8	dex+hp+damage+rarity
sv7-111	Raging Bolt	날뛰는우레	SV7-075	タケルライコ	Rare	Rare	https://images.pokemontcg.io/sv7/111.png	https://assets.tcgdex.net/ja/SV/SV7/075/low.webp	0.8	dex+hp+damage+rarity
sv7-114	Hoothoot	부우부	SV7-076	ホーホー	Common	Common	https://images.pokemontcg.io/sv7/114.png	https://assets.tcgdex.net/ja/SV/SV7/076/low.webp	0.8	dex+hp+damage+rarity
sv7-115	Noctowl	야부엉	SV7-077	ヨルノズク	Rare	Rare	https://images.pokemontcg.io/sv7/115.png	https://assets.tcgdex.net/ja/SV/SV7/077/low.webp	0.8	dex+hp+damage+rarity
sv7-116	Glameow	나옹마	SV7-078	ニャルマー	Common	Common	https://images.pokemontcg.io/sv7/116.png	https://assets.tcgdex.net/ja/SV/SV7/078/low.webp	0.8	dex+hp+damage+rarity
sv7-117	Purugly	몬냥이	SV7-079	ブニャット	Common	Common	https://images.pokemontcg.io/sv7/117.png	https://assets.tcgdex.net/ja/SV/SV7/079/low.webp	0.8	dex+hp+damage+rarity
sv7-118	Fan Rotom	스핀로토무	SV7-080	スピンロトム	Common	Common	https://images.pokemontcg.io/sv7/118.png	https://assets.tcgdex.net/ja/SV/SV7/080/low.webp	0.8	dex+hp+damage+rarity
sv7-120	Tornadus	토네로스	SV7-082	トルネロス	Uncommon	Uncommon	https://images.pokemontcg.io/sv7/120.png	https://assets.tcgdex.net/ja/SV/SV7/082/low.webp	0.8	dex+hp+damage+rarity
sv7-121	Fletchling	화살꼬빈	SV7-083	ヤヤコマ	Common	Common	https://images.pokemontcg.io/sv7/121.png	https://assets.tcgdex.net/ja/SV/SV7/083/low.webp	0.8	dex+hp+damage+rarity
sv7-122	Fletchinder	불화살빈	SV7-084	ヒノヤコマ	Common	Common	https://images.pokemontcg.io/sv7/122.png	https://assets.tcgdex.net/ja/SV/SV7/084/low.webp	0.8	dex+hp+damage+rarity
sv7-124	Wooloo	우르	SV7-086	ウールー	Common	Common	https://images.pokemontcg.io/sv7/124.png	https://assets.tcgdex.net/ja/SV/SV7/086/low.webp	0.8	dex+hp+damage+rarity
sv7-125	Dubwool	배우르	SV7-087	バイウールー	Uncommon	Uncommon	https://images.pokemontcg.io/sv7/125.png	https://assets.tcgdex.net/ja/SV/SV7/087/low.webp	0.8	dex+hp+damage+rarity
sv7-128	Terapagos ex	테라파고스 ex	M2a-145	テラパゴスex	Double rare	Double Rare	https://images.pokemontcg.io/sv7/128.png		0.8	dex+hp+damage+rarity
sv7-143	Bulbasaur	이상해씨	SV2a-166	フシギダネ	Illustration rare	Illustration Rare	https://images.pokemontcg.io/sv7/143.png	https://assets.tcgdex.net/ja/SV/SV2a/166/low.webp	0.8	dex+hp+damage+rarity
sv7-148	Squirtle	꼬부기	SV2a-170	ゼニガメ	Illustration rare	Illustration Rare	https://images.pokemontcg.io/sv7/148.png	https://assets.tcgdex.net/ja/SV/SV2a/170/low.webp	0.8	dex+hp+damage+rarity
sv6pt5-38	Fezandipiti ex	기로치 ex	SV6a-038	キチキギスex	Double rare	Double Rare	https://images.pokemontcg.io/sv6pt5/38.png	https://assets.tcgdex.net/ja/SV/SV6a/038/low.webp	0.8	dex+hp+damage+illustrator+rarity (2 candidates)
sv6-25	Teal Mask Ogerpon ex	오거폰 벽록의 가면 ex	SV6-016	オーガポン みどりのめんex	Double rare	Double Rare	https://images.pokemontcg.io/sv6/25.png	https://assets.tcgdex.net/ja/SV/SV6/016/low.webp	0.8	dex+hp+damage+illustrator+rarity (2 candidates)
sv6-130	Dragapult ex	드래펄트 ex	SV6-081	ドラパルトex	Double rare	Double Rare	https://images.pokemontcg.io/sv6/130.png	https://assets.tcgdex.net/ja/SV/SV6/081/low.webp	0.8	dex+hp+damage+illustrator+rarity (2 candidates)
sv4pt5-50	Barboach	미꾸리	SV2D-038	ドジョッチ	Common	Common	https://images.pokemontcg.io/sv4pt5/50.png	https://assets.tcgdex.net/ja/SV/SV2D/038/low.webp	0.8	dex+hp+damage+rarity
sv4pt5-232	Mew ex	뮤 ex	SV2a-205	ミュウex	Special illustration rare	Special Illustration Rare	https://images.pokemontcg.io/sv4pt5/232.png	https://assets.tcgdex.net/ja/SV/SV2a/205/low.webp	0.8	dex+hp+damage+rarity
me55-37	Pikachu	피카츄	SV4a-236	ピカチュウ		Pikachu Rare	https://images.scrydex.com/pokemon/me55-37/small	https://assets.tcgdex.net/ja/SV/SV4a/236/low.webp	0.95	dex+hp+damage+illustrator
me5-28	Miraidon	미라이돈	M5-027	ミライドン	Uncommon	Rare	https://images.scrydex.com/pokemon/me5-28/small		0.95	dex+hp+damage+illustrator
me5-37	Lampent	램프라	M5-035	ランプラー	Common	Uncommon	https://images.scrydex.com/pokemon/me5-37/small		0.95	dex+hp+damage+illustrator
me5-56	Zarude	자루도	M5-054	ザルード	Uncommon	Rare	https://images.scrydex.com/pokemon/me5-56/small		0.95	dex+hp+damage+illustrator
me4-10	Ho-Oh	칠색조	M4-010	ホウオウ	Uncommon	Rare	https://images.scrydex.com/pokemon/me4-10/small		0.95	dex+hp+damage+illustrator
me4-19	Keldeo	케르디오	M4-019	ケルディオ	Uncommon	Rare	https://images.scrydex.com/pokemon/me4-19/small		0.95	dex+hp+damage+illustrator
me4-51	Crobat	크로뱃	M4-050	クロバット	Uncommon	Rare	https://images.scrydex.com/pokemon/me4-51/small		0.95	dex+hp+damage+illustrator
me4-68	Goodra	미끄래곤	M4-066	ヌメルゴン	Uncommon	Rare	https://images.scrydex.com/pokemon/me4-68/small		0.95	dex+hp+damage+illustrator
me2pt5-11	Wurmple	개무소	M2a-004	ケムッソ	None	Common	https://images.scrydex.com/pokemon/me2pt5-11/small		0.95	dex+hp+damage+illustrator
me2pt5-12	Silcoon	실쿤	M2a-005	カラサリス	None	Common	https://images.scrydex.com/pokemon/me2pt5-12/small		0.95	dex+hp+damage+illustrator
me2pt5-13	Beautifly	뷰티플라이	M2a-006	アゲハント	None	Uncommon	https://images.scrydex.com/pokemon/me2pt5-13/small		0.95	dex+hp+damage+illustrator
me2pt5-15	Dustox	독케일	M2a-008	ドクケイル	None	Uncommon	https://images.scrydex.com/pokemon/me2pt5-15/small		0.95	dex+hp+damage+illustrator
me2pt5-25	Entei	앤테이	M2a-020	エンテイ	None	Rare	https://images.scrydex.com/pokemon/me2pt5-25/small		0.95	dex+hp+damage+illustrator
me2pt5-27	Numel	둔타	M2a-022	ドンメル	None	Common	https://images.scrydex.com/pokemon/me2pt5-27/small		0.95	dex+hp+damage+illustrator
me2pt5-28	Camerupt	폭타	M2a-023	バクーダ	None	Uncommon	https://images.scrydex.com/pokemon/me2pt5-28/small		0.95	dex+hp+damage+illustrator
me2pt5-39	Psyduck	고라파덕	M2a-032	コダック	None	Common	https://images.scrydex.com/pokemon/me2pt5-39/small		0.95	dex+hp+damage+illustrator
me2pt5-40	Golduck	골덕	M2a-033	ゴルダック	None	Uncommon	https://images.scrydex.com/pokemon/me2pt5-40/small		0.95	dex+hp+damage+illustrator
me2pt5-46	Snorunt	눈꼬마	M2a-035	ユキワラシ	None	Common	https://images.scrydex.com/pokemon/me2pt5-46/small		0.95	dex+hp+damage+illustrator
me2pt5-49	N's Vanillite	N의 바닐프티	M2a-037	Nのバニプッチ	None	Common	https://images.scrydex.com/pokemon/me2pt5-49/small		0.95	dex+hp+damage+illustrator
me2pt5-50	N's Vanillish	N의 바닐리치	M2a-038	Nのバニリッチ	None	Common	https://images.scrydex.com/pokemon/me2pt5-50/small		0.95	dex+hp+damage+illustrator
me2pt5-51	N's Vanilluxe	N의 배바닐라	M2a-039	Nのバイバニラ	None	Uncommon	https://images.scrydex.com/pokemon/me2pt5-51/small		0.95	dex+hp+damage+illustrator
me2pt5-52	Snom	누니머기	M2a-040	ユキハミ	None	Common	https://images.scrydex.com/pokemon/me2pt5-52/small		0.95	dex+hp+damage+illustrator
me2pt5-53	Frosmoth	모스노우	M2a-041	モスノウ	None	Uncommon	https://images.scrydex.com/pokemon/me2pt5-53/small		0.95	dex+hp+damage+illustrator
me2pt5-54	Glastrier	블리자포스	M2a-042	ブリザポス	None	Uncommon	https://images.scrydex.com/pokemon/me2pt5-54/small		0.95	dex+hp+damage+illustrator
me2pt5-62	Stunfisk	메더	M2a-050	マッギョ	None	Common	https://images.scrydex.com/pokemon/me2pt5-62/small		0.95	dex+hp+damage+illustrator
me2pt5-63	Helioptile	목도리키텔	M2a-052	エリキテル	None	Common	https://images.scrydex.com/pokemon/me2pt5-63/small		0.95	dex+hp+damage+illustrator
me2pt5-64	Heliolisk	일레도리자드	M2a-053	エレザード	None	Uncommon	https://images.scrydex.com/pokemon/me2pt5-64/small		0.95	dex+hp+damage+illustrator
me2pt5-67	Tapu Koko	카푸꼬꼬꼭	M2a-054	カプ・コケコ	None	Rare	https://images.scrydex.com/pokemon/me2pt5-67/small		0.95	dex+hp+damage+illustrator
me2pt5-77	Team Rocket's Exeggcute	로켓단의 아라리	M2a-061	ロケット団のタマタマ	None	Common	https://images.scrydex.com/pokemon/me2pt5-77/small		0.95	dex+hp+damage+illustrator
me2pt5-78	Team Rocket's Exeggutor	로켓단의 나시	M2a-062	ロケット団のナッシー	None	Rare	https://images.scrydex.com/pokemon/me2pt5-78/small		0.95	dex+hp+damage+illustrator
me2pt5-85	Misdreavus	무우마	M2a-067	ムウマ	None	Common	https://images.scrydex.com/pokemon/me2pt5-85/small		0.95	dex+hp+damage+illustrator
me2pt5-86	Mismagius	무우마직	M2a-068	ムウマージ	None	Rare	https://images.scrydex.com/pokemon/me2pt5-86/small		0.95	dex+hp+damage+illustrator
me2pt5-92	Rotom	로토무	M2a-076	ロトム	None	Common	https://images.scrydex.com/pokemon/me2pt5-92/small		0.95	dex+hp+damage+illustrator
me2pt5-95	Hop's Phantump	호브의 나목령	M2a-077	ホップのボクレー	None	Common	https://images.scrydex.com/pokemon/me2pt5-95/small		0.95	dex+hp+damage+illustrator
me2pt5-96	Hop's Trevenant	호브의 대로트	M2a-078	ホップのオーロット	None	Rare	https://images.scrydex.com/pokemon/me2pt5-96/small		0.95	dex+hp+damage+illustrator
me2pt5-98	Spectrier	레이스포스	M2a-080	レイスポス	None	Rare	https://images.scrydex.com/pokemon/me2pt5-98/small		0.95	dex+hp+damage+illustrator
me2pt5-100	Team Rocket's Diglett	로켓단의 디그다	M2a-082	ロケット団のディグダ	None	Common	https://images.scrydex.com/pokemon/me2pt5-100/small		0.95	dex+hp+damage+illustrator
me2pt5-101	Team Rocket's Dugtrio	로켓단의 닥트리오	M2a-083	ロケット団のダグトリオ	None	Uncommon	https://images.scrydex.com/pokemon/me2pt5-101/small		0.95	dex+hp+damage+illustrator
me2pt5-103	Meditite	요가랑	M2a-084	アサナン	None	Common	https://images.scrydex.com/pokemon/me2pt5-103/small		0.95	dex+hp+damage+illustrator
me2pt5-104	Medicham	요가램	M2a-085	チャーレム	None	Common	https://images.scrydex.com/pokemon/me2pt5-104/small		0.95	dex+hp+damage+illustrator
me2pt5-115	Pancham	판짱	M2a-093	ヤンチャム	None	Common	https://images.scrydex.com/pokemon/me2pt5-115/small		0.95	dex+hp+damage+illustrator
me2pt5-118	Rolycoly	탄동	M2a-095	タンドン	None	Common	https://images.scrydex.com/pokemon/me2pt5-118/small		0.95	dex+hp+damage+illustrator
me2pt5-119	Carkol	탄차곤	M2a-096	トロッゴン	None	Common	https://images.scrydex.com/pokemon/me2pt5-119/small		0.95	dex+hp+damage+illustrator
me2pt5-120	Coalossal	석탄산	M2a-097	セキタンザン	None	Rare	https://images.scrydex.com/pokemon/me2pt5-120/small		0.95	dex+hp+damage+illustrator
me2pt5-127	Team Rocket's Honchkrow	로켓단의 돈크로우	M2a-103	ロケット団のドンカラス	None	Rare	https://images.scrydex.com/pokemon/me2pt5-127/small		0.95	dex+hp+damage+illustrator
me2pt5-129	Mightyena	그라에나	SV5K-049	グラエナ	Common	Uncommon	https://images.scrydex.com/pokemon/me2pt5-129/small	https://assets.tcgdex.net/ja/SV/SV5K/049/low.webp	0.95	dex+hp+damage+illustrator
me2pt5-130	Galarian Zigzagoon	가라르 지그제구리	M2a-105	ガラル ジグザグマ	None	Common	https://images.scrydex.com/pokemon/me2pt5-130/small		0.95	dex+hp+damage+illustrator
me2pt5-131	Galarian Linoone	가라르 직구리	M2a-106	ガラル マッスグマ	None	Common	https://images.scrydex.com/pokemon/me2pt5-131/small		0.95	dex+hp+damage+illustrator
me2pt5-132	Galarian Obstagoon	가라르 가로막구리	M2a-107	ガラル タチフサグマ	None	Uncommon	https://images.scrydex.com/pokemon/me2pt5-132/small		0.95	dex+hp+damage+illustrator
me2pt5-134	Scraggy	곤율랭	M2a-109	ズルッグ	None	Common	https://images.scrydex.com/pokemon/me2pt5-134/small		0.95	dex+hp+damage+illustrator
me2pt5-140	Pangoro	부란다	M2a-113	ゴロンダ	None	Uncommon	https://images.scrydex.com/pokemon/me2pt5-140/small		0.95	dex+hp+damage+illustrator
me2pt5-143	Pecharunt	복숭악동	M2a-115	モモワロウ	None	Rare	https://images.scrydex.com/pokemon/me2pt5-143/small		0.95	dex+hp+damage+illustrator
me2pt5-146	Pawniard	자망칼	M2a-116	コマタナ	None	Common	https://images.scrydex.com/pokemon/me2pt5-146/small		0.95	dex+hp+damage+illustrator
me2pt5-147	Bisharp	절각참	M2a-117	キリキザン	None	Common	https://images.scrydex.com/pokemon/me2pt5-147/small		0.95	dex+hp+damage+illustrator
me2pt5-148	Kingambit	대도각참	M2a-118	ドドゲザン	None	Rare	https://images.scrydex.com/pokemon/me2pt5-148/small		0.95	dex+hp+damage+illustrator
me2pt5-150	Dratini	미뇽	M2a-124	ミニリュウ	None	Common	https://images.scrydex.com/pokemon/me2pt5-150/small		0.95	dex+hp+damage+illustrator
me2pt5-151	Dragonair	신뇽	M2a-125	ハクリュー	None	Uncommon	https://images.scrydex.com/pokemon/me2pt5-151/small		0.95	dex+hp+damage+illustrator
me2pt5-153	Rayquaza	레쿠쟈	M2a-127	レックウザ	None	Rare	https://images.scrydex.com/pokemon/me2pt5-153/small		0.95	dex+hp+damage+illustrator
me2pt5-155	N's Zekrom	N의 제크로무	M2a-129	Nのゼクロム	None	Rare	https://images.scrydex.com/pokemon/me2pt5-155/small		0.95	dex+hp+damage+illustrator
me2pt5-156	Noibat	음뱃	M2a-130	オンバット	None	Common	https://images.scrydex.com/pokemon/me2pt5-156/small		0.95	dex+hp+damage+illustrator
me2pt5-157	Noivern	음번	M2a-131	オンバーン	None	Uncommon	https://images.scrydex.com/pokemon/me2pt5-157/small		0.95	dex+hp+damage+illustrator
me2pt5-265	Mega Froslass ex	메가눈여아 ex	M2a-224	メガユキメノコex	Ultra Rare	MEGA_ATTACK_RARE	https://images.scrydex.com/pokemon/me2pt5-265/small		0.95	dex+hp+damage+illustrator
me2pt5-266	Mega Eelektross ex	메가저리더프 ex	M2a-225	メガシビルドンex	Ultra Rare	MEGA_ATTACK_RARE	https://images.scrydex.com/pokemon/me2pt5-266/small		0.95	dex+hp+damage+illustrator
me2pt5-267	Mega Diancie ex	메가디안시 ex	M2a-227	メガディアンシーex	Ultra Rare	MEGA_ATTACK_RARE	https://images.scrydex.com/pokemon/me2pt5-267/small		0.95	dex+hp+damage+illustrator
me2pt5-268	Mega Hawlucha ex	메가루차불 ex	M2a-229	メガルチャブルex	Ultra Rare	MEGA_ATTACK_RARE	https://images.scrydex.com/pokemon/me2pt5-268/small		0.95	dex+hp+damage+illustrator
me2pt5-269	Mega Gengar ex	메가팬텀 ex	M2a-230	メガゲンガーex	Ultra Rare	MEGA_ATTACK_RARE	https://images.scrydex.com/pokemon/me2pt5-269/small		0.95	dex+hp+damage+illustrator
me2pt5-270	Mega Scrafty ex	메가곤율거니 ex	M2a-231	メガズルズキンex	Ultra Rare	MEGA_ATTACK_RARE	https://images.scrydex.com/pokemon/me2pt5-270/small		0.95	dex+hp+damage+illustrator
me2-3	Vileplume	라플레시아	M2-003	ラフレシア	Uncommon	Rare	https://images.pokemontcg.io/me2/3.png		0.95	dex+hp+damage+illustrator
me2-14	Moltres	파이어	M2-014	ファイヤー	Uncommon	Rare	https://images.pokemontcg.io/me2/14.png		0.95	dex+hp+damage+illustrator
rsv10pt5-131	Archen	아켄	SV11W-129	アーケン	Illustration rare	Uncommon	https://images.pokemontcg.io/rsv10pt5/131.png		0.95	dex+hp+damage+illustrator
rsv10pt5-157	Whimsicott ex	엘풍 ex	SV11W-005	エルフーンex	Double rare	Ultra Rare	https://images.pokemontcg.io/rsv10pt5/157.png		0.95	dex+hp+damage+illustrator
sv6-168	Pinsir	쁘사이저	SV5a-067	カイロス		Illustration Rare	https://images.pokemontcg.io/sv6/168.png	https://assets.tcgdex.net/ja/SV/SV5a/067/low.webp	0.95	dex+hp+damage+illustrator
sv6-171	Poltchageist	차데스	SV5a-068	チャデス		Illustration Rare	https://images.pokemontcg.io/sv6/171.png	https://assets.tcgdex.net/ja/SV/SV5a/068/low.webp	0.95	dex+hp+damage+illustrator
sv6-172	Torkoal	코터스	SV5a-069	コータス		Illustration Rare	https://images.pokemontcg.io/sv6/172.png	https://assets.tcgdex.net/ja/SV/SV5a/069/low.webp	0.95	dex+hp+damage+illustrator
sv6-173	Infernape	초염몽	SV5a-070	ゴウカザル		Illustration Rare	https://images.pokemontcg.io/sv6/173.png	https://assets.tcgdex.net/ja/SV/SV5a/070/low.webp	0.95	dex+hp+damage+illustrator
sv6-175	Phione	피오네	SV5a-071	フィオネ		Illustration Rare	https://images.pokemontcg.io/sv6/175.png	https://assets.tcgdex.net/ja/SV/SV5a/071/low.webp	0.95	dex+hp+damage+illustrator
sv6-176	Cramorant	윽우지	SV5a-072	ウッウ		Illustration Rare	https://images.pokemontcg.io/sv6/176.png	https://assets.tcgdex.net/ja/SV/SV5a/072/low.webp	0.95	dex+hp+damage+illustrator
sv6-177	Heliolisk	일레도리자드	SV5a-073	エレザード		Illustration Rare	https://images.pokemontcg.io/sv6/177.png	https://assets.tcgdex.net/ja/SV/SV5a/073/low.webp	0.95	dex+hp+damage+illustrator
sv6-181	Hisuian Growlithe	히스이 가디	SV5a-075	ヒスイ ガーディ		Illustration Rare	https://images.pokemontcg.io/sv6/181.png	https://assets.tcgdex.net/ja/SV/SV5a/075/low.webp	0.95	dex+hp+damage+illustrator
sv6-185	Applin	과사삭벌레	SV5a-077	カジッチュ		Illustration Rare	https://images.pokemontcg.io/sv6/185.png	https://assets.tcgdex.net/ja/SV/SV5a/077/low.webp	0.95	dex+hp+damage+illustrator
sv4pt5-8	Charmeleon	리자드	SV4a-026	リザード		Uncommon	https://images.pokemontcg.io/sv4pt5/8.png	https://assets.tcgdex.net/ja/SV/SV4a/026/low.webp	0.95	dex+hp+damage+illustrator
sv4pt5-17	Frigibax	드니차	SV4a-051	セビエ		Common	https://images.pokemontcg.io/sv4pt5/17.png	https://assets.tcgdex.net/ja/SV/SV4a/051/low.webp	0.95	dex+hp+damage+illustrator
sv4pt5-22	Kilowattrel	찌리비크	SV4a-070	タイカイデン		Uncommon	https://images.pokemontcg.io/sv4pt5/22.png	https://assets.tcgdex.net/ja/SV/SV4a/070/low.webp	0.95	dex+hp+damage+illustrator
sv4pt5-25	Natu	네이티	SV4a-078	ネイティ		Common	https://images.pokemontcg.io/sv4pt5/25.png	https://assets.tcgdex.net/ja/SV/SV4a/078/low.webp	0.95	dex+hp+damage+illustrator
sv4pt5-26	Xatu	네이티오	SV4a-079	ネイティオ		Rare	https://images.pokemontcg.io/sv4pt5/26.png	https://assets.tcgdex.net/ja/SV/SV4a/079/low.webp	0.95	dex+hp+damage+illustrator
sv4pt5-31	Mime Jr.	흉내내	SV4a-085	マネネ		Common	https://images.pokemontcg.io/sv4pt5/31.png	https://assets.tcgdex.net/ja/SV/SV4a/085/low.webp	0.95	dex+hp+damage+illustrator
sv4pt5-41	Flittle	하느라기	SV4a-093	ヒラヒナ		Common	https://images.pokemontcg.io/sv4pt5/41.png	https://assets.tcgdex.net/ja/SV/SV4a/093/low.webp	0.95	dex+hp+damage+illustrator
sv4pt5-44	Gimmighoul	모으령	SV4a-099	コレクレー		Common	https://images.pokemontcg.io/sv4pt5/44.png	https://assets.tcgdex.net/ja/SV/SV4a/099/low.webp	0.95	dex+hp+damage+illustrator
sv4pt5-92	Oddish	뚜벅쵸	SV4a-191	ナゾノクサ		Shiny Rare	https://images.pokemontcg.io/sv4pt5/92.png	https://assets.tcgdex.net/ja/SV/SV4a/191/low.webp	0.95	dex+hp+damage+illustrator
sv4pt5-93	Gloom	냄새꼬	SV4a-192	クサイハナ		Shiny Rare	https://images.pokemontcg.io/sv4pt5/93.png	https://assets.tcgdex.net/ja/SV/SV4a/192/low.webp	0.95	dex+hp+damage+illustrator
sv4pt5-94	Vileplume	라플레시아	SV4a-193	ラフレシア		Shiny Rare	https://images.pokemontcg.io/sv4pt5/94.png	https://assets.tcgdex.net/ja/SV/SV4a/193/low.webp	0.95	dex+hp+damage+illustrator
sv4pt5-95	Scyther	스라크	SV4a-194	ストライク		Shiny Rare	https://images.pokemontcg.io/sv4pt5/95.png	https://assets.tcgdex.net/ja/SV/SV4a/194/low.webp	0.95	dex+hp+damage+illustrator
sv4pt5-96	Hoppip	통통코	SV4a-195	ハネッコ		Shiny Rare	https://images.pokemontcg.io/sv4pt5/96.png	https://assets.tcgdex.net/ja/SV/SV4a/195/low.webp	0.95	dex+hp+damage+illustrator
sv4pt5-97	Skiploom	두코	SV4a-196	ポポッコ		Shiny Rare	https://images.pokemontcg.io/sv4pt5/97.png	https://assets.tcgdex.net/ja/SV/SV4a/196/low.webp	0.95	dex+hp+damage+illustrator
sv4pt5-98	Jumpluff	솜솜코	SV4a-197	ワタッコ		Shiny Rare	https://images.pokemontcg.io/sv4pt5/98.png	https://assets.tcgdex.net/ja/SV/SV4a/197/low.webp	0.95	dex+hp+damage+illustrator
sv4pt5-99	Pineco	피콘	SV4a-198	クヌギダマ		Shiny Rare	https://images.pokemontcg.io/sv4pt5/99.png	https://assets.tcgdex.net/ja/SV/SV4a/198/low.webp	0.95	dex+hp+damage+illustrator
sv4pt5-100	Snover	눈쓰개	SV4a-199	ユキカブリ		Shiny Rare	https://images.pokemontcg.io/sv4pt5/100.png	https://assets.tcgdex.net/ja/SV/SV4a/199/low.webp	0.95	dex+hp+damage+illustrator
sv4pt5-101	Abomasnow	눈설왕	SV4a-200	ユキノオー		Shiny Rare	https://images.pokemontcg.io/sv4pt5/101.png	https://assets.tcgdex.net/ja/SV/SV4a/200/low.webp	0.95	dex+hp+damage+illustrator
sv4pt5-102	Smoliv	미니브	SV4a-203	ミニーブ		Shiny Rare	https://images.pokemontcg.io/sv4pt5/102.png	https://assets.tcgdex.net/ja/SV/SV4a/203/low.webp	0.95	dex+hp+damage+illustrator
sv4pt5-103	Dolliv	올리뇨	SV4a-204	オリーニョ		Shiny Rare	https://images.pokemontcg.io/sv4pt5/103.png	https://assets.tcgdex.net/ja/SV/SV4a/204/low.webp	0.95	dex+hp+damage+illustrator
sv4pt5-104	Arboliva	올리르바	SV4a-205	オリーヴァ		Shiny Rare	https://images.pokemontcg.io/sv4pt5/104.png	https://assets.tcgdex.net/ja/SV/SV4a/205/low.webp	0.95	dex+hp+damage+illustrator
sv4pt5-105	Toedscool	들눈해	SV4a-206	ノノクラゲ		Shiny Rare	https://images.pokemontcg.io/sv4pt5/105.png	https://assets.tcgdex.net/ja/SV/SV4a/206/low.webp	0.95	dex+hp+damage+illustrator
sv4pt5-106	Capsakid	캡싸이	SV4a-207	カプサイジ		Shiny Rare	https://images.pokemontcg.io/sv4pt5/106.png	https://assets.tcgdex.net/ja/SV/SV4a/207/low.webp	0.95	dex+hp+damage+illustrator
sv4pt5-107	Scovillain	스코빌런	SV4a-208	スコヴィラン		Shiny Rare	https://images.pokemontcg.io/sv4pt5/107.png	https://assets.tcgdex.net/ja/SV/SV4a/208/low.webp	0.95	dex+hp+damage+illustrator
sv4pt5-108	Rellor	구르데	SV4a-209	シガロコ		Shiny Rare	https://images.pokemontcg.io/sv4pt5/108.png	https://assets.tcgdex.net/ja/SV/SV4a/209/low.webp	0.95	dex+hp+damage+illustrator
sv4pt5-109	Charmander	파이리	SV4a-210	ヒトカゲ		Shiny Rare	https://images.pokemontcg.io/sv4pt5/109.png	https://assets.tcgdex.net/ja/SV/SV4a/210/low.webp	0.95	dex+hp+damage+illustrator
sv4pt5-110	Charmeleon	리자드	SV4a-211	リザード		Shiny Rare	https://images.pokemontcg.io/sv4pt5/110.png	https://assets.tcgdex.net/ja/SV/SV4a/211/low.webp	0.95	dex+hp+damage+illustrator
sv4pt5-111	Paldean Tauros	팔데아 켄타로스	SV4a-212	パルデア ケンタロス		Shiny Rare	https://images.pokemontcg.io/sv4pt5/111.png	https://assets.tcgdex.net/ja/SV/SV4a/212/low.webp	0.95	dex+hp+damage+illustrator
sv4pt5-112	Entei	앤테이	SV4a-213	エンテイ		Shiny Rare	https://images.pokemontcg.io/sv4pt5/112.png	https://assets.tcgdex.net/ja/SV/SV4a/213/low.webp	0.95	dex+hp+damage+illustrator
sv4pt5-113	Oricorio	춤추새	SV4a-214	オドリドリ		Shiny Rare	https://images.pokemontcg.io/sv4pt5/113.png	https://assets.tcgdex.net/ja/SV/SV4a/214/low.webp	0.95	dex+hp+damage+illustrator
sv4pt5-114	Charcadet	카르본	SV4a-217	カルボウ		Shiny Rare	https://images.pokemontcg.io/sv4pt5/114.png	https://assets.tcgdex.net/ja/SV/SV4a/217/low.webp	0.95	dex+hp+damage+illustrator
sv4pt5-115	Armarouge	카디나르마	SV4a-218	グレンアルマ		Shiny Rare	https://images.pokemontcg.io/sv4pt5/115.png	https://assets.tcgdex.net/ja/SV/SV4a/218/low.webp	0.95	dex+hp+damage+illustrator
sv4pt5-116	Slowpoke	야돈	SV4a-219	ヤドン		Shiny Rare	https://images.pokemontcg.io/sv4pt5/116.png	https://assets.tcgdex.net/ja/SV/SV4a/219/low.webp	0.95	dex+hp+damage+illustrator
sv4pt5-117	Slowbro	야도란	SV4a-220	ヤドラン		Shiny Rare	https://images.pokemontcg.io/sv4pt5/117.png	https://assets.tcgdex.net/ja/SV/SV4a/220/low.webp	0.95	dex+hp+damage+illustrator
sv4pt5-118	Staryu	별가사리	SV4a-221	ヒトデマン		Shiny Rare	https://images.pokemontcg.io/sv4pt5/118.png	https://assets.tcgdex.net/ja/SV/SV4a/221/low.webp	0.95	dex+hp+damage+illustrator
sv4pt5-119	Starmie	아쿠스타	SV4a-222	スターミー		Shiny Rare	https://images.pokemontcg.io/sv4pt5/119.png	https://assets.tcgdex.net/ja/SV/SV4a/222/low.webp	0.95	dex+hp+damage+illustrator
sv4pt5-120	Paldean Tauros	팔데아 켄타로스	SV4a-223	パルデア ケンタロス		Shiny Rare	https://images.pokemontcg.io/sv4pt5/120.png	https://assets.tcgdex.net/ja/SV/SV4a/223/low.webp	0.95	dex+hp+damage+illustrator
sv4pt5-121	Wiglett	바다그다	SV4a-226	ウミディグダ		Shiny Rare	https://images.pokemontcg.io/sv4pt5/121.png	https://assets.tcgdex.net/ja/SV/SV4a/226/low.webp	0.95	dex+hp+damage+illustrator
sv4pt5-122	Wugtrio	바닥트리오	SV4a-227	ウミトリオ		Shiny Rare	https://images.pokemontcg.io/sv4pt5/122.png	https://assets.tcgdex.net/ja/SV/SV4a/227/low.webp	0.95	dex+hp+damage+illustrator
sv4pt5-123	Finizen	맨돌핀	SV4a-228	ナミイルカ		Shiny Rare	https://images.pokemontcg.io/sv4pt5/123.png	https://assets.tcgdex.net/ja/SV/SV4a/228/low.webp	0.95	dex+hp+damage+illustrator
sv4pt5-124	Palafin	돌핀맨	SV4a-229	イルカマン		Shiny Rare	https://images.pokemontcg.io/sv4pt5/124.png	https://assets.tcgdex.net/ja/SV/SV4a/229/low.webp	0.95	dex+hp+damage+illustrator
sv4pt5-125	Veluza	가비루사	SV4a-230	ミガルーサ		Shiny Rare	https://images.pokemontcg.io/sv4pt5/125.png	https://assets.tcgdex.net/ja/SV/SV4a/230/low.webp	0.95	dex+hp+damage+illustrator
sv4pt5-126	Dondozo	어써러셔	SV4a-231	ヘイラッシャ		Shiny Rare	https://images.pokemontcg.io/sv4pt5/126.png	https://assets.tcgdex.net/ja/SV/SV4a/231/low.webp	0.95	dex+hp+damage+illustrator
sv4pt5-127	Tatsugiri	싸리용	SV4a-232	シャリタツ		Shiny Rare	https://images.pokemontcg.io/sv4pt5/127.png	https://assets.tcgdex.net/ja/SV/SV4a/232/low.webp	0.95	dex+hp+damage+illustrator
sv4pt5-128	Frigibax	드니차	SV4a-233	セビエ		Shiny Rare	https://images.pokemontcg.io/sv4pt5/128.png	https://assets.tcgdex.net/ja/SV/SV4a/233/low.webp	0.95	dex+hp+damage+illustrator
sv4pt5-130	Baxcalibur	드닐레이브	SV4a-235	セグレイブ		Shiny Rare	https://images.pokemontcg.io/sv4pt5/130.png	https://assets.tcgdex.net/ja/SV/SV4a/235/low.webp	0.95	dex+hp+damage+illustrator
sv4pt5-131	Pikachu	피카츄	SV4a-236	ピカチュウ		Shiny Rare	https://images.pokemontcg.io/sv4pt5/131.png	https://assets.tcgdex.net/ja/SV/SV4a/236/low.webp	0.95	dex+hp+damage+illustrator
sv4pt5-132	Raichu	라이츄	SV4a-237	ライチュウ		Shiny Rare	https://images.pokemontcg.io/sv4pt5/132.png	https://assets.tcgdex.net/ja/SV/SV4a/237/low.webp	0.95	dex+hp+damage+illustrator
sv4pt5-133	Voltorb	찌리리공	SV4a-238	ビリリダマ		Shiny Rare	https://images.pokemontcg.io/sv4pt5/133.png	https://assets.tcgdex.net/ja/SV/SV4a/238/low.webp	0.95	dex+hp+damage+illustrator
sv4pt5-134	Electrode	붐볼	SV4a-239	マルマイン		Shiny Rare	https://images.pokemontcg.io/sv4pt5/134.png	https://assets.tcgdex.net/ja/SV/SV4a/239/low.webp	0.95	dex+hp+damage+illustrator
sv4pt5-135	Shinx	꼬링크	SV4a-240	コリンク		Shiny Rare	https://images.pokemontcg.io/sv4pt5/135.png	https://assets.tcgdex.net/ja/SV/SV4a/240/low.webp	0.95	dex+hp+damage+illustrator
sv4pt5-136	Luxio	럭시오	SV4a-241	ルクシオ		Shiny Rare	https://images.pokemontcg.io/sv4pt5/136.png	https://assets.tcgdex.net/ja/SV/SV4a/241/low.webp	0.95	dex+hp+damage+illustrator
sv4pt5-137	Luxray	렌트라	SV4a-242	レントラー		Shiny Rare	https://images.pokemontcg.io/sv4pt5/137.png	https://assets.tcgdex.net/ja/SV/SV4a/242/low.webp	0.95	dex+hp+damage+illustrator
sv4pt5-138	Pachirisu	파치리스	SV4a-243	パチリス		Shiny Rare	https://images.pokemontcg.io/sv4pt5/138.png	https://assets.tcgdex.net/ja/SV/SV4a/243/low.webp	0.95	dex+hp+damage+illustrator
sv4pt5-139	Thundurus	볼트로스	SV4a-244	ボルトロス		Shiny Rare	https://images.pokemontcg.io/sv4pt5/139.png	https://assets.tcgdex.net/ja/SV/SV4a/244/low.webp	0.95	dex+hp+damage+illustrator
sv4pt5-140	Toxel	일레즌	SV4a-245	エレズン		Shiny Rare	https://images.pokemontcg.io/sv4pt5/140.png	https://assets.tcgdex.net/ja/SV/SV4a/245/low.webp	0.95	dex+hp+damage+illustrator
sv4pt5-141	Toxtricity	스트린더	SV4a-246	ストリンダー		Shiny Rare	https://images.pokemontcg.io/sv4pt5/141.png	https://assets.tcgdex.net/ja/SV/SV4a/246/low.webp	0.95	dex+hp+damage+illustrator
sv4pt5-142	Pawmi	빠모	SV4a-247	パモ		Shiny Rare	https://images.pokemontcg.io/sv4pt5/142.png	https://assets.tcgdex.net/ja/SV/SV4a/247/low.webp	0.95	dex+hp+damage+illustrator
sv4pt5-143	Pawmo	빠모트	SV4a-248	パモット		Shiny Rare	https://images.pokemontcg.io/sv4pt5/143.png	https://assets.tcgdex.net/ja/SV/SV4a/248/low.webp	0.95	dex+hp+damage+illustrator
sv4pt5-144	Pawmot	빠르모트	SV4a-249	パーモット		Shiny Rare	https://images.pokemontcg.io/sv4pt5/144.png	https://assets.tcgdex.net/ja/SV/SV4a/249/low.webp	0.95	dex+hp+damage+illustrator
sv4pt5-145	Wattrel	찌리비	SV4a-250	カイデン		Shiny Rare	https://images.pokemontcg.io/sv4pt5/145.png	https://assets.tcgdex.net/ja/SV/SV4a/250/low.webp	0.95	dex+hp+damage+illustrator
sv4pt5-146	Kilowattrel	찌리비크	SV4a-251	タイカイデン		Shiny Rare	https://images.pokemontcg.io/sv4pt5/146.png	https://assets.tcgdex.net/ja/SV/SV4a/251/low.webp	0.95	dex+hp+damage+illustrator
sv4pt5-147	Wigglytuff	푸크린	SV4a-252	プクリン		Shiny Rare	https://images.pokemontcg.io/sv4pt5/147.png	https://assets.tcgdex.net/ja/SV/SV4a/252/low.webp	0.95	dex+hp+damage+illustrator
sv4pt5-148	Abra	캐이시	SV4a-253	ケーシィ		Shiny Rare	https://images.pokemontcg.io/sv4pt5/148.png	https://assets.tcgdex.net/ja/SV/SV4a/253/low.webp	0.95	dex+hp+damage+illustrator
sv4pt5-149	Kadabra	윤겔라	SV4a-254	ユンゲラー		Shiny Rare	https://images.pokemontcg.io/sv4pt5/149.png	https://assets.tcgdex.net/ja/SV/SV4a/254/low.webp	0.95	dex+hp+damage+illustrator
sv4pt5-150	Cleffa	삐	SV4a-255	ピィ		Shiny Rare	https://images.pokemontcg.io/sv4pt5/150.png	https://assets.tcgdex.net/ja/SV/SV4a/255/low.webp	0.95	dex+hp+damage+illustrator
sv4pt5-151	Natu	네이티	SV4a-256	ネイティ		Shiny Rare	https://images.pokemontcg.io/sv4pt5/151.png	https://assets.tcgdex.net/ja/SV/SV4a/256/low.webp	0.95	dex+hp+damage+illustrator
sv4pt5-152	Xatu	네이티오	SV4a-257	ネイティオ		Shiny Rare	https://images.pokemontcg.io/sv4pt5/152.png	https://assets.tcgdex.net/ja/SV/SV4a/257/low.webp	0.95	dex+hp+damage+illustrator
sv4pt5-153	Ralts	랄토스	SV4a-258	ラルトス		Shiny Rare	https://images.pokemontcg.io/sv4pt5/153.png	https://assets.tcgdex.net/ja/SV/SV4a/258/low.webp	0.95	dex+hp+damage+illustrator
sv4pt5-154	Kirlia	킬리아	SV4a-259	キルリア		Shiny Rare	https://images.pokemontcg.io/sv4pt5/154.png	https://assets.tcgdex.net/ja/SV/SV4a/259/low.webp	0.95	dex+hp+damage+illustrator
sv4pt5-155	Drifloon	흔들풍손	SV4a-260	フワンテ		Shiny Rare	https://images.pokemontcg.io/sv4pt5/155.png	https://assets.tcgdex.net/ja/SV/SV4a/260/low.webp	0.95	dex+hp+damage+illustrator
sv4pt5-156	Drifblim	둥실라이드	SV4a-261	フワライド		Shiny Rare	https://images.pokemontcg.io/sv4pt5/156.png	https://assets.tcgdex.net/ja/SV/SV4a/261/low.webp	0.95	dex+hp+damage+illustrator
sv4pt5-157	Mime Jr.	흉내내	SV4a-262	マネネ		Shiny Rare	https://images.pokemontcg.io/sv4pt5/157.png	https://assets.tcgdex.net/ja/SV/SV4a/262/low.webp	0.95	dex+hp+damage+illustrator
sv4pt5-158	Spiritomb	화강돌	SV4a-263	ミカルゲ		Shiny Rare	https://images.pokemontcg.io/sv4pt5/158.png	https://assets.tcgdex.net/ja/SV/SV4a/263/low.webp	0.95	dex+hp+damage+illustrator
sv4pt5-159	Klefki	클레피	SV4a-264	クレッフィ		Shiny Rare	https://images.pokemontcg.io/sv4pt5/159.png	https://assets.tcgdex.net/ja/SV/SV4a/264/low.webp	0.95	dex+hp+damage+illustrator
sv4pt5-160	Mimikyu	따라큐	SV4a-265	ミミッキュ		Shiny Rare	https://images.pokemontcg.io/sv4pt5/160.png	https://assets.tcgdex.net/ja/SV/SV4a/265/low.webp	0.95	dex+hp+damage+illustrator
sv4pt5-161	Dachsbun	바우첼	SV4a-267	バウッツェル		Shiny Rare	https://images.pokemontcg.io/sv4pt5/161.png	https://assets.tcgdex.net/ja/SV/SV4a/267/low.webp	0.95	dex+hp+damage+illustrator
sv4pt5-162	Ceruledge	파라블레이즈	SV4a-268	ソウブレイズ		Shiny Rare	https://images.pokemontcg.io/sv4pt5/162.png	https://assets.tcgdex.net/ja/SV/SV4a/268/low.webp	0.95	dex+hp+damage+illustrator
sv4pt5-163	Rabsca	베라카스	SV4a-269	ベラカス		Shiny Rare	https://images.pokemontcg.io/sv4pt5/163.png	https://assets.tcgdex.net/ja/SV/SV4a/269/low.webp	0.95	dex+hp+damage+illustrator
sv4pt5-164	Flittle	하느라기	SV4a-270	ヒラヒナ		Shiny Rare	https://images.pokemontcg.io/sv4pt5/164.png	https://assets.tcgdex.net/ja/SV/SV4a/270/low.webp	0.95	dex+hp+damage+illustrator
sv4pt5-165	Tinkatink	어리짱	SV4a-271	カヌチャン		Shiny Rare	https://images.pokemontcg.io/sv4pt5/165.png	https://assets.tcgdex.net/ja/SV/SV4a/271/low.webp	0.95	dex+hp+damage+illustrator
sv4pt5-166	Tinkatuff	벼리짱	SV4a-272	ナカヌチャン		Shiny Rare	https://images.pokemontcg.io/sv4pt5/166.png	https://assets.tcgdex.net/ja/SV/SV4a/272/low.webp	0.95	dex+hp+damage+illustrator
sv4pt5-167	Tinkaton	두드리짱	SV4a-273	デカヌチャン		Shiny Rare	https://images.pokemontcg.io/sv4pt5/167.png	https://assets.tcgdex.net/ja/SV/SV4a/273/low.webp	0.95	dex+hp+damage+illustrator
sv4pt5-168	Houndstone	묘두기	SV4a-275	ハカドッグ		Shiny Rare	https://images.pokemontcg.io/sv4pt5/168.png	https://assets.tcgdex.net/ja/SV/SV4a/275/low.webp	0.95	dex+hp+damage+illustrator
sv4pt5-170	Primeape	성원숭	SV4a-277	オコリザル		Shiny Rare	https://images.pokemontcg.io/sv4pt5/170.png	https://assets.tcgdex.net/ja/SV/SV4a/277/low.webp	0.95	dex+hp+damage+illustrator
sv4pt5-171	Annihilape	저승갓숭	SV4a-278	コノヨザル		Shiny Rare	https://images.pokemontcg.io/sv4pt5/171.png	https://assets.tcgdex.net/ja/SV/SV4a/278/low.webp	0.95	dex+hp+damage+illustrator
sv4pt5-172	Paldean Tauros	팔데아 켄타로스	SV4a-279	パルデア ケンタロス		Shiny Rare	https://images.pokemontcg.io/sv4pt5/172.png	https://assets.tcgdex.net/ja/SV/SV4a/279/low.webp	0.95	dex+hp+damage+illustrator
sv4pt5-173	Riolu	리오르	SV4a-280	リオル		Shiny Rare	https://images.pokemontcg.io/sv4pt5/173.png	https://assets.tcgdex.net/ja/SV/SV4a/280/low.webp	0.95	dex+hp+damage+illustrator
sv4pt5-174	Lucario	루카리오	SV4a-281	ルカリオ		Shiny Rare	https://images.pokemontcg.io/sv4pt5/174.png	https://assets.tcgdex.net/ja/SV/SV4a/281/low.webp	0.95	dex+hp+damage+illustrator
sv4pt5-175	Hawlucha	루차불	SV4a-282	ルチャブル		Shiny Rare	https://images.pokemontcg.io/sv4pt5/175.png	https://assets.tcgdex.net/ja/SV/SV4a/282/low.webp	0.95	dex+hp+damage+illustrator
sv4pt5-176	Nacli	베베솔트	SV4a-283	コジオ		Shiny Rare	https://images.pokemontcg.io/sv4pt5/176.png	https://assets.tcgdex.net/ja/SV/SV4a/283/low.webp	0.95	dex+hp+damage+illustrator
sv4pt5-177	Naclstack	스태솔트	SV4a-284	ジオヅム		Shiny Rare	https://images.pokemontcg.io/sv4pt5/177.png	https://assets.tcgdex.net/ja/SV/SV4a/284/low.webp	0.95	dex+hp+damage+illustrator
sv4pt5-178	Garganacl	콜로솔트	SV4a-285	キョジオーン		Shiny Rare	https://images.pokemontcg.io/sv4pt5/178.png	https://assets.tcgdex.net/ja/SV/SV4a/285/low.webp	0.95	dex+hp+damage+illustrator
sv4pt5-179	Glimmet	초롱순	SV4a-286	キラーメ		Shiny Rare	https://images.pokemontcg.io/sv4pt5/179.png	https://assets.tcgdex.net/ja/SV/SV4a/286/low.webp	0.95	dex+hp+damage+illustrator
sv4pt5-180	Paldean Wooper	팔데아 우파	SV4a-287	パルデア ウパー		Shiny Rare	https://images.pokemontcg.io/sv4pt5/180.png	https://assets.tcgdex.net/ja/SV/SV4a/287/low.webp	0.95	dex+hp+damage+illustrator
sv4pt5-181	Murkrow	니로우	SV4a-288	ヤミカラス		Shiny Rare	https://images.pokemontcg.io/sv4pt5/181.png	https://assets.tcgdex.net/ja/SV/SV4a/288/low.webp	0.95	dex+hp+damage+illustrator
sv4pt5-183	Weavile	포푸니라	SV4a-290	マニューラ		Shiny Rare	https://images.pokemontcg.io/sv4pt5/183.png	https://assets.tcgdex.net/ja/SV/SV4a/290/low.webp	0.95	dex+hp+damage+illustrator
sv4pt5-184	Sableye	깜까미	SV4a-291	ヤミラミ		Shiny Rare	https://images.pokemontcg.io/sv4pt5/184.png	https://assets.tcgdex.net/ja/SV/SV4a/291/low.webp	0.95	dex+hp+damage+illustrator
sv4pt5-185	Pawniard	자망칼	SV4a-292	コマタナ		Shiny Rare	https://images.pokemontcg.io/sv4pt5/185.png	https://assets.tcgdex.net/ja/SV/SV4a/292/low.webp	0.95	dex+hp+damage+illustrator
sv4pt5-186	Bisharp	절각참	SV4a-293	キリキザン		Shiny Rare	https://images.pokemontcg.io/sv4pt5/186.png	https://assets.tcgdex.net/ja/SV/SV4a/293/low.webp	0.95	dex+hp+damage+illustrator
sv4pt5-188	Mabosstiff	마피티프	SV4a-296	マフィティフ		Shiny Rare	https://images.pokemontcg.io/sv4pt5/188.png	https://assets.tcgdex.net/ja/SV/SV4a/296/low.webp	0.95	dex+hp+damage+illustrator
sv4pt5-189	Shroodle	땃쭈르	SV4a-297	シルシュルー		Shiny Rare	https://images.pokemontcg.io/sv4pt5/189.png	https://assets.tcgdex.net/ja/SV/SV4a/297/low.webp	0.95	dex+hp+damage+illustrator
sv4pt5-190	Grafaiai	태깅구르	SV4a-298	タギングル		Shiny Rare	https://images.pokemontcg.io/sv4pt5/190.png	https://assets.tcgdex.net/ja/SV/SV4a/298/low.webp	0.95	dex+hp+damage+illustrator
sv4pt5-191	Scizor	핫삼	SV4a-299	ハッサム		Shiny Rare	https://images.pokemontcg.io/sv4pt5/191.png	https://assets.tcgdex.net/ja/SV/SV4a/299/low.webp	0.95	dex+hp+damage+illustrator
sv4pt5-192	Varoom	부르롱	SV4a-300	ブロロン		Shiny Rare	https://images.pokemontcg.io/sv4pt5/192.png	https://assets.tcgdex.net/ja/SV/SV4a/300/low.webp	0.95	dex+hp+damage+illustrator
sv4pt5-193	Revavroom	부르르룸	SV4a-301	ブロロローム		Shiny Rare	https://images.pokemontcg.io/sv4pt5/193.png	https://assets.tcgdex.net/ja/SV/SV4a/301/low.webp	0.95	dex+hp+damage+illustrator
sv4pt5-194	Noibat	음뱃	SV4a-302	オンバット		Shiny Rare	https://images.pokemontcg.io/sv4pt5/194.png	https://assets.tcgdex.net/ja/SV/SV4a/302/low.webp	0.95	dex+hp+damage+illustrator
sv4pt5-195	Cyclizar	모토마	SV4a-303	モトトカゲ		Shiny Rare	https://images.pokemontcg.io/sv4pt5/195.png	https://assets.tcgdex.net/ja/SV/SV4a/303/low.webp	0.95	dex+hp+damage+illustrator
sv4pt5-196	Pidgey	구구	SV4a-304	ポッポ		Shiny Rare	https://images.pokemontcg.io/sv4pt5/196.png	https://assets.tcgdex.net/ja/SV/SV4a/304/low.webp	0.95	dex+hp+damage+illustrator
sv4pt5-197	Pidgeotto	피죤	SV4a-305	ピジョン		Shiny Rare	https://images.pokemontcg.io/sv4pt5/197.png	https://assets.tcgdex.net/ja/SV/SV4a/305/low.webp	0.95	dex+hp+damage+illustrator
sv4pt5-198	Jigglypuff	푸린	SV4a-306	プリン		Shiny Rare	https://images.pokemontcg.io/sv4pt5/198.png	https://assets.tcgdex.net/ja/SV/SV4a/306/low.webp	0.95	dex+hp+damage+illustrator
sv4pt5-199	Doduo	두두	SV4a-307	ドードー		Shiny Rare	https://images.pokemontcg.io/sv4pt5/199.png	https://assets.tcgdex.net/ja/SV/SV4a/307/low.webp	0.95	dex+hp+damage+illustrator
sv4pt5-200	Dodrio	두트리오	SV4a-308	ドードリオ		Shiny Rare	https://images.pokemontcg.io/sv4pt5/200.png	https://assets.tcgdex.net/ja/SV/SV4a/308/low.webp	0.95	dex+hp+damage+illustrator
sv4pt5-201	Ditto	메타몽	SV4a-309	メタモン		Shiny Rare	https://images.pokemontcg.io/sv4pt5/201.png	https://assets.tcgdex.net/ja/SV/SV4a/309/low.webp	0.95	dex+hp+damage+illustrator
sv4pt5-202	Snorlax	잠만보	SV4a-310	カビゴン		Shiny Rare	https://images.pokemontcg.io/sv4pt5/202.png	https://assets.tcgdex.net/ja/SV/SV4a/310/low.webp	0.95	dex+hp+damage+illustrator
sv4pt5-203	Wingull	갈모매	SV4a-311	キャモメ		Shiny Rare	https://images.pokemontcg.io/sv4pt5/203.png	https://assets.tcgdex.net/ja/SV/SV4a/311/low.webp	0.95	dex+hp+damage+illustrator
sv4pt5-204	Pelipper	패리퍼	SV4a-312	ペリッパー		Shiny Rare	https://images.pokemontcg.io/sv4pt5/204.png	https://assets.tcgdex.net/ja/SV/SV4a/312/low.webp	0.95	dex+hp+damage+illustrator
sv4pt5-205	Skwovet	탐리스	SV4a-313	ホシガリス		Shiny Rare	https://images.pokemontcg.io/sv4pt5/205.png	https://assets.tcgdex.net/ja/SV/SV4a/313/low.webp	0.95	dex+hp+damage+illustrator
sv4pt5-206	Greedent	요씽리스	SV4a-314	ヨクバリス		Shiny Rare	https://images.pokemontcg.io/sv4pt5/206.png	https://assets.tcgdex.net/ja/SV/SV4a/314/low.webp	0.95	dex+hp+damage+illustrator
sv4pt5-207	Lechonk	맛보돈	SV4a-315	グルトン		Shiny Rare	https://images.pokemontcg.io/sv4pt5/207.png	https://assets.tcgdex.net/ja/SV/SV4a/315/low.webp	0.95	dex+hp+damage+illustrator
sv4pt5-208	Oinkologne	퍼퓨돈	SV4a-316	パフュートン		Shiny Rare	https://images.pokemontcg.io/sv4pt5/208.png	https://assets.tcgdex.net/ja/SV/SV4a/316/low.webp	0.95	dex+hp+damage+illustrator
sv4pt5-209	Tandemaus	두리쥐	SV4a-317	ワッカネズミ		Shiny Rare	https://images.pokemontcg.io/sv4pt5/209.png	https://assets.tcgdex.net/ja/SV/SV4a/317/low.webp	0.95	dex+hp+damage+illustrator
sv4pt5-210	Maushold	파밀리쥐	SV4a-318	イッカネズミ		Shiny Rare	https://images.pokemontcg.io/sv4pt5/210.png	https://assets.tcgdex.net/ja/SV/SV4a/318/low.webp	0.95	dex+hp+damage+illustrator
sv4pt5-211	Flamigo	꼬이밍고	SV4a-319	カラミンゴ		Shiny Rare	https://images.pokemontcg.io/sv4pt5/211.png	https://assets.tcgdex.net/ja/SV/SV4a/319/low.webp	0.95	dex+hp+damage+illustrator
sv4pt5-215	Alakazam ex	후딘 ex	SV2a-190	フーディンex	Ultra Rare	Shiny Ultra Rare	https://images.pokemontcg.io/sv4pt5/215.png	https://assets.tcgdex.net/ja/SV/SV2a/190/low.webp	0.95	dex+hp+damage+illustrator
sv4pt5-224	Wugtrio	바닥트리오	SV4a-338	ウミトリオ		Illustration Rare	https://images.pokemontcg.io/sv4pt5/224.png	https://assets.tcgdex.net/ja/SV/SV4a/338/low.webp	0.95	dex+hp+damage+illustrator
sv4pt5-225	Palafin	돌핀맨	SV4a-339	イルカマン		Illustration Rare	https://images.pokemontcg.io/sv4pt5/225.png	https://assets.tcgdex.net/ja/SV/SV4a/339/low.webp	0.95	dex+hp+damage+illustrator
sv4pt5-226	Pawmi	빠모	SV4a-340	パモ		Illustration Rare	https://images.pokemontcg.io/sv4pt5/226.png	https://assets.tcgdex.net/ja/SV/SV4a/340/low.webp	0.95	dex+hp+damage+illustrator
sv4-71	Natu	네이티	SV8a-060	ネイティ	None	Common	https://images.pokemontcg.io/sv4/71.png	https://assets.tcgdex.net/ja/SV/SV8a/060/low.webp	0.95	dex+hp+damage+illustrator
sv4-183	Crustle	암팰리스	SV4K-067	イワパレス		Illustration Rare	https://images.pokemontcg.io/sv4/183.png	https://assets.tcgdex.net/ja/SV/SV4K/067/low.webp	0.95	dex+hp+damage+illustrator
sv4-184	Dottler	레돔벌레	SV4M-067	レドームシ		Illustration Rare	https://images.pokemontcg.io/sv4/184.png	https://assets.tcgdex.net/ja/SV/SV4M/067/low.webp	0.95	dex+hp+damage+illustrator
sv4-185	Toedscruel	육파리	SV4M-068	リククラゲ		Illustration Rare	https://images.pokemontcg.io/sv4/185.png	https://assets.tcgdex.net/ja/SV/SV4M/068/low.webp	0.95	dex+hp+damage+illustrator
sv4-186	Magby	마그비	SV4K-068	ブビィ		Illustration Rare	https://images.pokemontcg.io/sv4/186.png	https://assets.tcgdex.net/ja/SV/SV4K/068/low.webp	0.95	dex+hp+damage+illustrator
sv4-187	Iron Moth	무쇠독나방	SV4M-069	テツノドクガ		Illustration Rare	https://images.pokemontcg.io/sv4/187.png	https://assets.tcgdex.net/ja/SV/SV4M/069/low.webp	0.95	dex+hp+damage+illustrator
sv4-188	Snorunt	눈꼬마	SV3a-063	ユキワラシ		Illustration Rare	https://images.pokemontcg.io/sv4/188.png	https://assets.tcgdex.net/ja/SV/SV3a/063/low.webp	0.95	dex+hp+damage+illustrator
sv4-189	Mantyke	타만타	SV3a-064	タマンタ		Illustration Rare	https://images.pokemontcg.io/sv4/189.png	https://assets.tcgdex.net/ja/SV/SV3a/064/low.webp	0.95	dex+hp+damage+illustrator
sv4-190	Vanillish	바닐리치	SV4M-070	バニリッチ		Illustration Rare	https://images.pokemontcg.io/sv4/190.png	https://assets.tcgdex.net/ja/SV/SV4M/070/low.webp	0.95	dex+hp+damage+illustrator
sv4-191	Wimpod	꼬시레	SV4K-069	コソクムシ		Illustration Rare	https://images.pokemontcg.io/sv4/191.png	https://assets.tcgdex.net/ja/SV/SV4K/069/low.webp	0.95	dex+hp+damage+illustrator
sv4-192	Veluza	가비루사	SV4K-070	ミガルーサ		Illustration Rare	https://images.pokemontcg.io/sv4/192.png	https://assets.tcgdex.net/ja/SV/SV4K/070/low.webp	0.95	dex+hp+damage+illustrator
sv4-193	Plusle	플러시	SV3a-065	プラスル		Illustration Rare	https://images.pokemontcg.io/sv4/193.png	https://assets.tcgdex.net/ja/SV/SV3a/065/low.webp	0.95	dex+hp+damage+illustrator
sv4-194	Minun	마이농	SV3a-066	マイナン		Illustration Rare	https://images.pokemontcg.io/sv4/194.png	https://assets.tcgdex.net/ja/SV/SV3a/066/low.webp	0.95	dex+hp+damage+illustrator
sv4-195	Blitzle	줄뮤마	SV4M-072	シママ		Illustration Rare	https://images.pokemontcg.io/sv4/195.png	https://assets.tcgdex.net/ja/SV/SV4M/072/low.webp	0.95	dex+hp+damage+illustrator
sv4-196	Joltik	파쪼옥	SV3a-067	バチュル		Illustration Rare	https://images.pokemontcg.io/sv4/196.png	https://assets.tcgdex.net/ja/SV/SV3a/067/low.webp	0.95	dex+hp+damage+illustrator
sv4-197	Espathra	클레스퍼트라	SV4M-073	クエスパトラ		Illustration Rare	https://images.pokemontcg.io/sv4/197.png	https://assets.tcgdex.net/ja/SV/SV4M/073/low.webp	0.95	dex+hp+damage+illustrator
sv4-198	Gimmighoul	모으령	SV3a-068	コレクレー		Illustration Rare	https://images.pokemontcg.io/sv4/198.png	https://assets.tcgdex.net/ja/SV/SV3a/068/low.webp	0.95	dex+hp+damage+illustrator
sv4-199	Groudon	그란돈	SV3a-069	グラードン		Illustration Rare	https://images.pokemontcg.io/sv4/199.png	https://assets.tcgdex.net/ja/SV/SV3a/069/low.webp	0.95	dex+hp+damage+illustrator
sv4-200	Mienshao	비조도	SV4K-072	コジョンド		Illustration Rare	https://images.pokemontcg.io/sv4/200.png	https://assets.tcgdex.net/ja/SV/SV4K/072/low.webp	0.95	dex+hp+damage+illustrator
sv4-201	Minior	메테노	SV3a-070	メテノ		Illustration Rare	https://images.pokemontcg.io/sv4/201.png	https://assets.tcgdex.net/ja/SV/SV3a/070/low.webp	0.95	dex+hp+damage+illustrator
sv4-202	Garganacl	콜로솔트	SV4K-073	キョジオーン		Illustration Rare	https://images.pokemontcg.io/sv4/202.png	https://assets.tcgdex.net/ja/SV/SV4K/073/low.webp	0.95	dex+hp+damage+illustrator
sv4-203	Slither Wing	땅을기는날개	SV4K-074	チヲハウハネ		Illustration Rare	https://images.pokemontcg.io/sv4/203.png	https://assets.tcgdex.net/ja/SV/SV4K/074/low.webp	0.95	dex+hp+damage+illustrator
sv4-204	Garbodor	더스트나	SV4K-075	ダストダス		Illustration Rare	https://images.pokemontcg.io/sv4/204.png	https://assets.tcgdex.net/ja/SV/SV4K/075/low.webp	0.95	dex+hp+damage+illustrator
sv4-205	Yveltal	이벨타르	SV3a-071	イベルタル		Illustration Rare	https://images.pokemontcg.io/sv4/205.png	https://assets.tcgdex.net/ja/SV/SV3a/071/low.webp	0.95	dex+hp+damage+illustrator
sv4-206	Morpeko	모르페코	SV4K-076	モルペコ		Illustration Rare	https://images.pokemontcg.io/sv4/206.png	https://assets.tcgdex.net/ja/SV/SV4K/076/low.webp	0.95	dex+hp+damage+illustrator
sv4-207	Brute Bonnet	사나운버섯	SV4K-077	アラブルタケ		Illustration Rare	https://images.pokemontcg.io/sv4/207.png	https://assets.tcgdex.net/ja/SV/SV4K/077/low.webp	0.95	dex+hp+damage+illustrator
sv4-208	Steelix	강철톤	SV4M-074	ハガネール		Illustration Rare	https://images.pokemontcg.io/sv4/208.png	https://assets.tcgdex.net/ja/SV/SV4M/074/low.webp	0.95	dex+hp+damage+illustrator
sv4-209	Ferrothorn	너트령	SV3a-072	ナットレイ		Illustration Rare	https://images.pokemontcg.io/sv4/209.png	https://assets.tcgdex.net/ja/SV/SV3a/072/low.webp	0.95	dex+hp+damage+illustrator
sv4-210	Aegislash	킬가르도	SV3a-073	ギルガルド		Illustration Rare	https://images.pokemontcg.io/sv4/210.png	https://assets.tcgdex.net/ja/SV/SV3a/073/low.webp	0.95	dex+hp+damage+illustrator
sv4-211	Aipom	에이팜	SV4M-075	エイパム		Illustration Rare	https://images.pokemontcg.io/sv4/211.png	https://assets.tcgdex.net/ja/SV/SV4M/075/low.webp	0.95	dex+hp+damage+illustrator
sv4-212	Loudred	노공룡	SV4K-078	ドゴーム		Illustration Rare	https://images.pokemontcg.io/sv4/212.png	https://assets.tcgdex.net/ja/SV/SV4K/078/low.webp	0.95	dex+hp+damage+illustrator
sv4-213	Swablu	파비코	SV4M-076	チルット		Illustration Rare	https://images.pokemontcg.io/sv4/213.png	https://assets.tcgdex.net/ja/SV/SV4M/076/low.webp	0.95	dex+hp+damage+illustrator
sv4-214	Porygon-Z	폴리곤Z	SV4M-077	ポリゴンZ		Illustration Rare	https://images.pokemontcg.io/sv4/214.png	https://assets.tcgdex.net/ja/SV/SV4M/077/low.webp	0.95	dex+hp+damage+illustrator
sv4-215	Cyclizar	모토마	SV3a-074	モトトカゲ		Illustration Rare	https://images.pokemontcg.io/sv4/215.png	https://assets.tcgdex.net/ja/SV/SV3a/074/low.webp	0.95	dex+hp+damage+illustrator
sv4-216	Iron Jugulis	무쇠머리	SV4M-078	テツノコウベ		Illustration Rare	https://images.pokemontcg.io/sv4/216.png	https://assets.tcgdex.net/ja/SV/SV4M/078/low.webp	0.95	dex+hp+damage+illustrator
sv3-41	Volcarona	불카모스	SV1a-013	ウルガモス	Common	Uncommon	https://images.pokemontcg.io/sv3/41.png	https://assets.tcgdex.net/ja/SV/SV1a/013/low.webp	0.95	dex+hp+damage+illustrator
sv3-43	Charcadet	카르본	SV8a-023	カルボウ	None	Common	https://images.pokemontcg.io/sv3/43.png	https://assets.tcgdex.net/ja/SV/SV8a/023/low.webp	0.95	dex+hp+damage+illustrator
sv3-84	Togetic	토게틱	SV3-044	トゲチック	Common	Uncommon	https://images.pokemontcg.io/sv3/84.png	https://assets.tcgdex.net/ja/SV/SV3/044/low.webp	0.95	dex+hp+damage+illustrator
sv3-106	Pupitar	데기라스	SV3-056	サナギラス	Common	Uncommon	https://images.pokemontcg.io/sv3/106.png	https://assets.tcgdex.net/ja/SV/SV3/056/low.webp	0.95	dex+hp+damage+illustrator
sv3-113	Diggersby	파르토	SV3-060	ホルード	Common	Uncommon	https://images.pokemontcg.io/sv3/113.png	https://assets.tcgdex.net/ja/SV/SV3/060/low.webp	0.95	dex+hp+damage+illustrator
sv3-146	Probopass	대코파스	SV3-079	ダイノーズ	Common	Uncommon	https://images.pokemontcg.io/sv3/146.png	https://assets.tcgdex.net/ja/SV/SV3/079/low.webp	0.95	dex+hp+damage+illustrator
sv3-163	Pidgeotto	피죤	SV3-088	ピジョン	Common	Uncommon	https://images.pokemontcg.io/sv3/163.png	https://assets.tcgdex.net/ja/SV/SV3/088/low.webp	0.95	dex+hp+damage+illustrator
sv3-168	Linoone	직구리	SV3-093	マッスグマ	Common	Uncommon	https://images.pokemontcg.io/sv3/168.png	https://assets.tcgdex.net/ja/SV/SV3/093/low.webp	0.95	dex+hp+damage+illustrator
sv3-198	Gloom	냄새꼬	SV3-109	クサイハナ		Illustration Rare	https://images.pokemontcg.io/sv3/198.png	https://assets.tcgdex.net/ja/SV/SV3/109/low.webp	0.95	dex+hp+damage+illustrator
sv3-199	Ninetales	나인테일	SV3-110	キュウコン		Illustration Rare	https://images.pokemontcg.io/sv3/199.png	https://assets.tcgdex.net/ja/SV/SV3/110/low.webp	0.95	dex+hp+damage+illustrator
sv3-200	Palafin	돌핀맨	SV3-111	イルカマン		Illustration Rare	https://images.pokemontcg.io/sv3/200.png	https://assets.tcgdex.net/ja/SV/SV3/111/low.webp	0.95	dex+hp+damage+illustrator
sv3-201	Bellibolt	찌리배리	SV3-112	ハラバリー		Illustration Rare	https://images.pokemontcg.io/sv3/201.png	https://assets.tcgdex.net/ja/SV/SV3/112/low.webp	0.95	dex+hp+damage+illustrator
sv3-202	Cleffa	삐	SV3-113	ピィ		Illustration Rare	https://images.pokemontcg.io/sv3/202.png	https://assets.tcgdex.net/ja/SV/SV3/113/low.webp	0.95	dex+hp+damage+illustrator
sv3-203	Larvitar	애버라스	SV3-114	ヨーギラス		Illustration Rare	https://images.pokemontcg.io/sv3/203.png	https://assets.tcgdex.net/ja/SV/SV3/114/low.webp	0.95	dex+hp+damage+illustrator
sv3-204	Houndour	델빌	SV3-115	デルビル		Illustration Rare	https://images.pokemontcg.io/sv3/204.png	https://assets.tcgdex.net/ja/SV/SV3/115/low.webp	0.95	dex+hp+damage+illustrator
sv3-205	Scizor	핫삼	SV3-116	ハッサム		Illustration Rare	https://images.pokemontcg.io/sv3/205.png	https://assets.tcgdex.net/ja/SV/SV3/116/low.webp	0.95	dex+hp+damage+illustrator
sv3-206	Varoom	부르롱	SV3-117	ブロロン		Illustration Rare	https://images.pokemontcg.io/sv3/206.png	https://assets.tcgdex.net/ja/SV/SV3/117/low.webp	0.95	dex+hp+damage+illustrator
sv3-207	Pidgey	구구	SV3-118	ポッポ		Illustration Rare	https://images.pokemontcg.io/sv3/207.png	https://assets.tcgdex.net/ja/SV/SV3/118/low.webp	0.95	dex+hp+damage+illustrator
sv3-208	Pidgeotto	피죤	SV3-119	ピジョン		Illustration Rare	https://images.pokemontcg.io/sv3/208.png	https://assets.tcgdex.net/ja/SV/SV3/119/low.webp	0.95	dex+hp+damage+illustrator
sv3-209	Lechonk	맛보돈	SV3-120	グルトン		Illustration Rare	https://images.pokemontcg.io/sv3/209.png	https://assets.tcgdex.net/ja/SV/SV3/120/low.webp	0.95	dex+hp+damage+illustrator
sv2-29	Fletchinder	불화살빈	SV2D-012	ヒノヤコマ	Common	Uncommon	https://images.pokemontcg.io/sv2/29.png	https://assets.tcgdex.net/ja/SV/SV2D/012/low.webp	0.95	dex+hp+damage+illustrator
sv2-91	Gothorita	고디보미	SV2P-032	ゴチミル	Common	Uncommon	https://images.pokemontcg.io/sv2/91.png	https://assets.tcgdex.net/ja/SV/SV2P/032/low.webp	0.95	dex+hp+damage+illustrator
sv2-103	Tinkatuff	벼리짱	SV1a-042	ナカヌチャン	Common	Uncommon	https://images.pokemontcg.io/sv2/103.png	https://assets.tcgdex.net/ja/SV/SV1a/042/low.webp	0.95	dex+hp+damage+illustrator
sv2-107	Primeape	성원숭	SV2P-039	オコリザル	Common	Uncommon	https://images.pokemontcg.io/sv2/107.png	https://assets.tcgdex.net/ja/SV/SV2P/039/low.webp	0.95	dex+hp+damage+illustrator
sv2-111	Pupitar	데기라스	SV2D-037	サナギラス	Common	Uncommon	https://images.pokemontcg.io/sv2/111.png	https://assets.tcgdex.net/ja/SV/SV2D/037/low.webp	0.95	dex+hp+damage+illustrator
sv2-139	Zweilous	디헤드	SV1a-058	ジヘッド	Common	Uncommon	https://images.pokemontcg.io/sv2/139.png	https://assets.tcgdex.net/ja/SV/SV1a/058/low.webp	0.95	dex+hp+damage+illustrator
sv2-161	Vigoroth	발바로	SV2P-061	ヤルキモノ	Common	Uncommon	https://images.pokemontcg.io/sv2/161.png	https://assets.tcgdex.net/ja/SV/SV2P/061/low.webp	0.95	dex+hp+damage+illustrator
sv2-165	Corvisquire	파크로우	SV2P-064	アオガラス	Common	Uncommon	https://images.pokemontcg.io/sv2/165.png	https://assets.tcgdex.net/ja/SV/SV2P/064/low.webp	0.95	dex+hp+damage+illustrator
sv2-194	Heracross	헤라크로스	SV2D-072	ヘラクロス		Illustration Rare	https://images.pokemontcg.io/sv2/194.png	https://assets.tcgdex.net/ja/SV/SV2D/072/low.webp	0.95	dex+hp+damage+illustrator
sv2-195	Tropius	트로피우스	SV1a-074	トロピウス		Illustration Rare	https://images.pokemontcg.io/sv2/195.png	https://assets.tcgdex.net/ja/SV/SV1a/074/low.webp	0.95	dex+hp+damage+illustrator
sv2-196	Sprigatito	나오하	SV1a-075	ニャオハ		Illustration Rare	https://images.pokemontcg.io/sv2/196.png	https://assets.tcgdex.net/ja/SV/SV1a/075/low.webp	0.95	dex+hp+damage+illustrator
sv2-197	Floragato	나로테	SV1a-076	ニャローテ		Illustration Rare	https://images.pokemontcg.io/sv2/197.png	https://assets.tcgdex.net/ja/SV/SV1a/076/low.webp	0.95	dex+hp+damage+illustrator
sv2-198	Bramblin	그푸리	SV2P-072	アノクサ		Illustration Rare	https://images.pokemontcg.io/sv2/198.png	https://assets.tcgdex.net/ja/SV/SV2P/072/low.webp	0.95	dex+hp+damage+illustrator
sv2-199	Fletchinder	불화살빈	SV2D-073	ヒノヤコマ		Illustration Rare	https://images.pokemontcg.io/sv2/199.png	https://assets.tcgdex.net/ja/SV/SV2D/073/low.webp	0.95	dex+hp+damage+illustrator
sv2-200	Pyroar	화염레오	SV1a-077	カエンジシ		Illustration Rare	https://images.pokemontcg.io/sv2/200.png	https://assets.tcgdex.net/ja/SV/SV1a/077/low.webp	0.95	dex+hp+damage+illustrator
sv2-201	Fuecoco	뜨아거	SV1a-078	ホゲータ		Illustration Rare	https://images.pokemontcg.io/sv2/201.png	https://assets.tcgdex.net/ja/SV/SV1a/078/low.webp	0.95	dex+hp+damage+illustrator
sv2-202	Crocalor	악뜨거	SV1a-079	アチゲータ		Illustration Rare	https://images.pokemontcg.io/sv2/202.png	https://assets.tcgdex.net/ja/SV/SV1a/079/low.webp	0.95	dex+hp+damage+illustrator
sv2-204	Marill	마릴	SV2P-073	マリル		Illustration Rare	https://images.pokemontcg.io/sv2/204.png	https://assets.tcgdex.net/ja/SV/SV2P/073/low.webp	0.95	dex+hp+damage+illustrator
sv2-205	Eiscue	빙큐보	SV2P-074	コオリッポ		Illustration Rare	https://images.pokemontcg.io/sv2/205.png	https://assets.tcgdex.net/ja/SV/SV2P/074/low.webp	0.95	dex+hp+damage+illustrator
sv2-206	Quaxly	꾸왁스	SV1a-081	クワッス		Illustration Rare	https://images.pokemontcg.io/sv2/206.png	https://assets.tcgdex.net/ja/SV/SV1a/081/low.webp	0.95	dex+hp+damage+illustrator
sv2-208	Frigibax	드니차	SV2P-075	セビエ		Illustration Rare	https://images.pokemontcg.io/sv2/208.png	https://assets.tcgdex.net/ja/SV/SV2P/075/low.webp	0.95	dex+hp+damage+illustrator
sv2-209	Arctibax	드니꽁	SV2P-076	セゴール		Illustration Rare	https://images.pokemontcg.io/sv2/209.png	https://assets.tcgdex.net/ja/SV/SV2P/076/low.webp	0.95	dex+hp+damage+illustrator
sv2-210	Baxcalibur	드닐레이브	SV2P-077	セグレイブ		Illustration Rare	https://images.pokemontcg.io/sv2/210.png	https://assets.tcgdex.net/ja/SV/SV2P/077/low.webp	0.95	dex+hp+damage+illustrator
sv2-211	Raichu	라이츄	SV2D-074	ライチュウ		Illustration Rare	https://images.pokemontcg.io/sv2/211.png	https://assets.tcgdex.net/ja/SV/SV2D/074/low.webp	0.95	dex+hp+damage+illustrator
sv2-212	Mismagius	무우마직	SV1a-083	ムウマージ		Illustration Rare	https://images.pokemontcg.io/sv2/212.png	https://assets.tcgdex.net/ja/SV/SV1a/083/low.webp	0.95	dex+hp+damage+illustrator
sv2-213	Gothorita	고디보미	SV2P-078	ゴチミル		Illustration Rare	https://images.pokemontcg.io/sv2/213.png	https://assets.tcgdex.net/ja/SV/SV2P/078/low.webp	0.95	dex+hp+damage+illustrator
sv2-214	Sandygast	모래꿍	SV2D-075	スナバァ		Illustration Rare	https://images.pokemontcg.io/sv2/214.png	https://assets.tcgdex.net/ja/SV/SV2D/075/low.webp	0.95	dex+hp+damage+illustrator
sv2-215	Rabsca	베라카스	SV2P-079	ベラカス		Illustration Rare	https://images.pokemontcg.io/sv2/215.png	https://assets.tcgdex.net/ja/SV/SV2P/079/low.webp	0.95	dex+hp+damage+illustrator
sv2-216	Tinkatink	어리짱	SV2D-076	カヌチャン		Illustration Rare	https://images.pokemontcg.io/sv2/216.png	https://assets.tcgdex.net/ja/SV/SV2D/076/low.webp	0.95	dex+hp+damage+illustrator
sv2-219	Sudowoodo	꼬지모	SV2P-080	ウソッキー		Illustration Rare	https://images.pokemontcg.io/sv2/219.png	https://assets.tcgdex.net/ja/SV/SV2P/080/low.webp	0.95	dex+hp+damage+illustrator
sv2-220	Nacli	베베솔트	SV2D-078	コジオ		Illustration Rare	https://images.pokemontcg.io/sv2/220.png	https://assets.tcgdex.net/ja/SV/SV2D/078/low.webp	0.95	dex+hp+damage+illustrator
sv2-221	Paldean Wooper	팔데아 우파	SV1a-085	パルデア ウパー		Illustration Rare	https://images.pokemontcg.io/sv2/221.png	https://assets.tcgdex.net/ja/SV/SV1a/085/low.webp	0.95	dex+hp+damage+illustrator
sv2-223	Grafaiai	태깅구르	SV2D-080	タギングル		Illustration Rare	https://images.pokemontcg.io/sv2/223.png	https://assets.tcgdex.net/ja/SV/SV2D/080/low.webp	0.95	dex+hp+damage+illustrator
sv2-224	Orthworm	꿈트렁	SV2P-081	ミミズズ		Illustration Rare	https://images.pokemontcg.io/sv2/224.png	https://assets.tcgdex.net/ja/SV/SV2P/081/low.webp	0.95	dex+hp+damage+illustrator
sv2-225	Rookidee	파라꼬	SV2P-082	ココガラ		Illustration Rare	https://images.pokemontcg.io/sv2/225.png	https://assets.tcgdex.net/ja/SV/SV2P/082/low.webp	0.95	dex+hp+damage+illustrator
sv2-226	Maushold	파밀리쥐	SV2D-081	イッカネズミ		Illustration Rare	https://images.pokemontcg.io/sv2/226.png	https://assets.tcgdex.net/ja/SV/SV2D/081/low.webp	0.95	dex+hp+damage+illustrator
sv2-227	Flamigo	꼬이밍고	SV2D-082	カラミンゴ		Illustration Rare	https://images.pokemontcg.io/sv2/227.png	https://assets.tcgdex.net/ja/SV/SV2D/082/low.webp	0.95	dex+hp+damage+illustrator
sv2-228	Farigiraf	키키링	SV2D-083	リキキリン		Illustration Rare	https://images.pokemontcg.io/sv2/228.png	https://assets.tcgdex.net/ja/SV/SV2D/083/low.webp	0.95	dex+hp+damage+illustrator
sv2-229	Dudunsparce	노고고치	SV2P-083	ノココッチ		Illustration Rare	https://images.pokemontcg.io/sv2/229.png	https://assets.tcgdex.net/ja/SV/SV2P/083/low.webp	0.95	dex+hp+damage+illustrator
sv1-200	Dolliv	올리뇨	SV1S-079	オリーニョ		Illustration Rare	https://images.pokemontcg.io/sv1/200.png	https://assets.tcgdex.net/ja/SV/SV1S/079/low.webp	0.95	dex+hp+damage+illustrator
sv1-203	Armarouge	카디나르마	SV1S-080	グレンアルマ		Illustration Rare	https://images.pokemontcg.io/sv1/203.png	https://assets.tcgdex.net/ja/SV/SV1S/080/low.webp	0.95	dex+hp+damage+illustrator
sv1-206	Wiglett	바다그다	SV1S-081	ウミディグダ		Illustration Rare	https://images.pokemontcg.io/sv1/206.png	https://assets.tcgdex.net/ja/SV/SV1S/081/low.webp	0.95	dex+hp+damage+illustrator
sv1-207	Dondozo	어써러셔	SV1S-082	ヘイラッシャ		Illustration Rare	https://images.pokemontcg.io/sv1/207.png	https://assets.tcgdex.net/ja/SV/SV1S/082/low.webp	0.95	dex+hp+damage+illustrator
sv1-211	Ralts	랄토스	SV1S-083	ラルトス		Illustration Rare	https://images.pokemontcg.io/sv1/211.png	https://assets.tcgdex.net/ja/SV/SV1S/083/low.webp	0.95	dex+hp+damage+illustrator
sv1-213	Fidough	쫀도기	SV1S-085	パピモッチ		Illustration Rare	https://images.pokemontcg.io/sv1/213.png	https://assets.tcgdex.net/ja/SV/SV1S/085/low.webp	0.95	dex+hp+damage+illustrator
sv1-215	Riolu	리오르	SV1S-086	リオル		Illustration Rare	https://images.pokemontcg.io/sv1/215.png	https://assets.tcgdex.net/ja/SV/SV1S/086/low.webp	0.95	dex+hp+damage+illustrator
sv1-216	Sandile	깜눈크	SV1S-087	メグロコ		Illustration Rare	https://images.pokemontcg.io/sv1/216.png	https://assets.tcgdex.net/ja/SV/SV1S/087/low.webp	0.95	dex+hp+damage+illustrator
sv1-217	Klawf	절벼게	SV1S-088	ガケガニ		Illustration Rare	https://images.pokemontcg.io/sv1/217.png	https://assets.tcgdex.net/ja/SV/SV1S/088/low.webp	0.95	dex+hp+damage+illustrator
sv1-221	Starly	찌르꼬	SV1S-090	ムックル		Illustration Rare	https://images.pokemontcg.io/sv1/221.png	https://assets.tcgdex.net/ja/SV/SV1S/090/low.webp	0.95	dex+hp+damage+illustrator
sv1-223	Spidops ex	트래피더 ex	SV1V-008	ワナイダーex	Double rare	Ultra Rare	https://images.pokemontcg.io/sv1/223.png	https://assets.tcgdex.net/ja/SV/SV1V/008/low.webp	0.95	dex+hp+damage+illustrator
sv1-224	Arcanine ex	윈디 ex	SV1V-016	ウインディex	Double rare	Ultra Rare	https://images.pokemontcg.io/sv1/224.png	https://assets.tcgdex.net/ja/SV/SV1V/016/low.webp	0.95	dex+hp+damage+illustrator
me5-1	Tropius	트로피우스	M5-001	トロピウス	Common	Common	https://images.scrydex.com/pokemon/me5-1/small		1	dex+hp+damage+illustrator+rarity
me5-2	Grubbin	턱지충이	M5-002	アゴジムシ	Common	Common	https://images.scrydex.com/pokemon/me5-2/small		1	dex+hp+damage+illustrator+rarity
me5-3	Fomantis	짜랑랑	M5-003	カリキリ	Common	Common	https://images.scrydex.com/pokemon/me5-3/small		1	dex+hp+damage+illustrator+rarity
me5-4	Lurantis ex	라란티스 ex	M5-004	ラランテスex	Double rare	Double Rare	https://images.scrydex.com/pokemon/me5-4/small		1	dex+hp+damage+illustrator+rarity
me5-5	Poltchageist	차데스	M5-005	チャデス	Common	Common	https://images.scrydex.com/pokemon/me5-5/small		1	dex+hp+damage+illustrator+rarity
me5-6	Sinistcha	그우린차	M5-006	ヤバソチャ	Uncommon	Uncommon	https://images.scrydex.com/pokemon/me5-6/small		1	dex+hp+damage+illustrator+rarity
me5-7	Heatran	히드런	M5-007	ヒードラン	Uncommon	Uncommon	https://images.scrydex.com/pokemon/me5-7/small		1	dex+hp+damage+illustrator+rarity
me5-9	Sizzlipede	태우지네	M5-008	ヤクデ	Common	Common	https://images.scrydex.com/pokemon/me5-9/small		1	dex+hp+damage+illustrator+rarity
me5-10	Centiskorch	다태우지네	M5-009	マルヤクデ	Common	Common	https://images.scrydex.com/pokemon/me5-10/small		1	dex+hp+damage+illustrator+rarity
me5-11	Charcadet	카르본	M5-010	カルボウ	Common	Common	https://images.scrydex.com/pokemon/me5-11/small		1	dex+hp+damage+illustrator+rarity
me5-12	Armarouge	카디나르마	M5-011	グレンアルマ	Rare	Rare	https://images.scrydex.com/pokemon/me5-12/small		1	dex+hp+damage+illustrator+rarity
me5-13	Goldeen	콘치	M5-012	トサキント	Common	Common	https://images.scrydex.com/pokemon/me5-13/small		1	dex+hp+damage+illustrator+rarity
me5-14	Seaking	왕콘치	M5-013	アズマオウ	Uncommon	Uncommon	https://images.scrydex.com/pokemon/me5-14/small		1	dex+hp+damage+illustrator+rarity
me5-15	Wailmer	고래왕자	M5-014	ホエルコ	Common	Common	https://images.scrydex.com/pokemon/me5-15/small		1	dex+hp+damage+illustrator+rarity
me5-16	Wailord ex	고래왕 ex	M5-015	ホエルオーex	Double rare	Double Rare	https://images.scrydex.com/pokemon/me5-16/small		1	dex+hp+damage+illustrator+rarity
me5-17	Relicanth	시라칸	M5-016	ジーランス	Uncommon	Uncommon	https://images.scrydex.com/pokemon/me5-17/small		1	dex+hp+damage+illustrator+rarity
me5-18	Popplio	누리공	M5-017	アシマリ	Common	Common	https://images.scrydex.com/pokemon/me5-18/small		1	dex+hp+damage+illustrator+rarity
me5-19	Brionne	키요공	M5-018	オシャマリ	Common	Common	https://images.scrydex.com/pokemon/me5-19/small		1	dex+hp+damage+illustrator+rarity
me5-20	Primarina	누리레느	M5-019	アシレーヌ	Rare	Rare	https://images.scrydex.com/pokemon/me5-20/small		1	dex+hp+damage+illustrator+rarity
me5-21	Finizen	맨돌핀	M5-020	ナミイルカ	Common	Common	https://images.scrydex.com/pokemon/me5-21/small		1	dex+hp+damage+illustrator+rarity
me5-22	Palafin	돌핀맨	M5-021	イルカマン	Uncommon	Uncommon	https://images.scrydex.com/pokemon/me5-22/small		1	dex+hp+damage+illustrator+rarity
me5-23	Electrike	썬더라이	M5-022	ラクライ	Common	Common	https://images.scrydex.com/pokemon/me5-23/small		1	dex+hp+damage+illustrator+rarity
me5-24	Manectric	썬더볼트	M5-023	ライボルト	Uncommon	Uncommon	https://images.scrydex.com/pokemon/me5-24/small		1	dex+hp+damage+illustrator+rarity
me5-25	Charjabug	전지충이	M5-024	デンヂムシ	Common	Common	https://images.scrydex.com/pokemon/me5-25/small		1	dex+hp+damage+illustrator+rarity
me5-26	Vikavolt	투구뿌논	M5-025	クワガノン	Uncommon	Uncommon	https://images.scrydex.com/pokemon/me5-26/small		1	dex+hp+damage+illustrator+rarity
me5-27	Mega Zeraora ex	메가제라오라 ex	M5-026	メガゼラオラex	Double rare	Double Rare	https://images.scrydex.com/pokemon/me5-27/small		1	dex+hp+damage+illustrator+rarity
me5-29	Slowpoke	야돈	M5-028	ヤドン	Common	Common	https://images.scrydex.com/pokemon/me5-29/small		1	dex+hp+damage+illustrator+rarity
me5-30	Slowbro	야도란	M5-029	ヤドラン	Uncommon	Uncommon	https://images.scrydex.com/pokemon/me5-30/small		1	dex+hp+damage+illustrator+rarity
me5-32	Jynx	루주라	M5-030	ルージュラ	Common	Common	https://images.scrydex.com/pokemon/me5-32/small		1	dex+hp+damage+illustrator+rarity
me5-33	Shuppet	어둠대신	M5-031	カゲボウズ	Common	Common	https://images.scrydex.com/pokemon/me5-33/small		1	dex+hp+damage+illustrator+rarity
me5-34	Banette	다크펫	M5-032	ジュペッタ	Uncommon	Uncommon	https://images.scrydex.com/pokemon/me5-34/small		1	dex+hp+damage+illustrator+rarity
me5-35	Spiritomb	화강돌	M5-033	ミカルゲ	Rare	Rare	https://images.scrydex.com/pokemon/me5-35/small		1	dex+hp+damage+illustrator+rarity
me5-36	Litwick	불켜미	M5-034	ヒトモシ	Common	Common	https://images.scrydex.com/pokemon/me5-36/small		1	dex+hp+damage+illustrator+rarity
me5-38	Mega Chandelure ex	메가샹델라 ex	M5-036	メガシャンデラex	Double rare	Double Rare	https://images.scrydex.com/pokemon/me5-38/small		1	dex+hp+damage+illustrator+rarity
me5-39	Dhelmise	타타륜	M5-037	ダダリン	Uncommon	Uncommon	https://images.scrydex.com/pokemon/me5-39/small		1	dex+hp+damage+illustrator+rarity
me5-40	Marshadow	마샤도	M5-038	マーシャドー	Uncommon	Uncommon	https://images.scrydex.com/pokemon/me5-40/small		1	dex+hp+damage+illustrator+rarity
me5-41	Annihilape	저승갓숭	M5-039	コノヨザル	Uncommon	Uncommon	https://images.scrydex.com/pokemon/me5-41/small		1	dex+hp+damage+illustrator+rarity
me5-43	Primeape	성원숭	M5-041	オコリザル	Common	Common	https://images.scrydex.com/pokemon/me5-43/small		1	dex+hp+damage+illustrator+rarity
me5-44	Cranidos	두개도스	M5-042	ズガイドス	Common	Common	https://images.scrydex.com/pokemon/me5-44/small		1	dex+hp+damage+illustrator+rarity
me5-45	Rampardos ex	램펄드 ex	M5-043	ラムパルドex	Double rare	Double Rare	https://images.scrydex.com/pokemon/me5-45/small		1	dex+hp+damage+illustrator+rarity
me5-48	Mega Darkrai ex	메가다크라이 ex	M5-046	メガダークライex	Double rare	Double Rare	https://images.scrydex.com/pokemon/me5-48/small		1	dex+hp+damage+illustrator+rarity
me5-49	Vullaby	벌차이	M5-047	バルチャイ	Common	Common	https://images.scrydex.com/pokemon/me5-49/small		1	dex+hp+damage+illustrator+rarity
me5-50	Mandibuzz	버랜지나	M5-048	バルジーナ	Common	Common	https://images.scrydex.com/pokemon/me5-50/small		1	dex+hp+damage+illustrator+rarity
me5-51	Inkay	오케이징	M5-049	マーイーカ	Common	Common	https://images.scrydex.com/pokemon/me5-51/small		1	dex+hp+damage+illustrator+rarity
me5-52	Malamar	칼라마네로	M5-050	カラマネロ	Uncommon	Uncommon	https://images.scrydex.com/pokemon/me5-52/small		1	dex+hp+damage+illustrator+rarity
me5-53	Nickit	훔처우	M5-051	クスネ	Common	Common	https://images.scrydex.com/pokemon/me5-53/small		1	dex+hp+damage+illustrator+rarity
me5-54	Thievul	폭슬라이	M5-052	フォクスライ	Uncommon	Uncommon	https://images.scrydex.com/pokemon/me5-54/small		1	dex+hp+damage+illustrator+rarity
me5-57	Maschiff	오라티프	M5-055	オラチフ	Common	Common	https://images.scrydex.com/pokemon/me5-57/small		1	dex+hp+damage+illustrator+rarity
me5-58	Mabosstiff	마피티프	M5-056	マフィティフ	Common	Common	https://images.scrydex.com/pokemon/me5-58/small		1	dex+hp+damage+illustrator+rarity
me5-59	Chi-Yu	위유이	M5-057	イーユイ	Rare	Rare	https://images.scrydex.com/pokemon/me5-59/small		1	dex+hp+damage+illustrator+rarity
me5-60	Skarmory	무장조	M5-058	エアームド	Common	Common	https://images.scrydex.com/pokemon/me5-60/small		1	dex+hp+damage+illustrator+rarity
me5-61	Shieldon	방패톱스	M5-059	タテトプス	Common	Common	https://images.scrydex.com/pokemon/me5-61/small		1	dex+hp+damage+illustrator+rarity
me5-62	Bastiodon	바리톱스	M5-060	トリデプス	Rare	Rare	https://images.scrydex.com/pokemon/me5-62/small		1	dex+hp+damage+illustrator+rarity
me5-63	Bronzor	동미러	M5-061	ドーミラー	Common	Common	https://images.scrydex.com/pokemon/me5-63/small		1	dex+hp+damage+illustrator+rarity
me5-64	Bronzong	동탁군	M5-062	ドータクン	Uncommon	Uncommon	https://images.scrydex.com/pokemon/me5-64/small		1	dex+hp+damage+illustrator+rarity
me5-65	Mega Excadrill ex	메가몰드류 ex	M5-063	メガドリュウズex	Double rare	Double Rare	https://images.scrydex.com/pokemon/me5-65/small		1	dex+hp+damage+illustrator+rarity
me5-66	Pikipek	콕코구리	M5-064	ツツケラ	Common	Common	https://images.scrydex.com/pokemon/me5-66/small		1	dex+hp+damage+illustrator+rarity
me5-68	Toucannon	왕큰부리	M5-066	ドデカバシ	Uncommon	Uncommon	https://images.scrydex.com/pokemon/me5-68/small		1	dex+hp+damage+illustrator+rarity
me5-69	Type: Null	타입:널	M5-067	タイプ：ヌル	Common	Common	https://images.scrydex.com/pokemon/me5-69/small		1	dex+hp+damage+illustrator+rarity
me5-70	Silvally	실버디	M5-068	シルヴァディ	Rare	Rare	https://images.scrydex.com/pokemon/me5-70/small		1	dex+hp+damage+illustrator+rarity
me5-71	Bombirdier	떨구새	M5-069	オトシドリ	Common	Common	https://images.scrydex.com/pokemon/me5-71/small		1	dex+hp+damage+illustrator+rarity
me5-86	Armarouge	카디나르마	M5-083	グレンアルマ	Illustration rare	Illustration Rare	https://images.scrydex.com/pokemon/me5-86/small		1	dex+hp+damage+illustrator+rarity
me5-87	Goldeen	콘치	M5-084	トサキント	Illustration rare	Illustration Rare	https://images.scrydex.com/pokemon/me5-87/small		1	dex+hp+damage+illustrator+rarity
me5-88	Primarina	누리레느	M5-085	アシレーヌ	Illustration rare	Illustration Rare	https://images.scrydex.com/pokemon/me5-88/small		1	dex+hp+damage+illustrator+rarity
me5-89	Manectric	썬더볼트	M5-086	ライボルト	Illustration rare	Illustration Rare	https://images.scrydex.com/pokemon/me5-89/small		1	dex+hp+damage+illustrator+rarity
me5-91	Dhelmise	타타륜	M5-088	ダダリン	Illustration rare	Illustration Rare	https://images.scrydex.com/pokemon/me5-91/small		1	dex+hp+damage+illustrator+rarity
me5-92	Thievul	폭슬라이	M5-089	フォクスライ	Illustration rare	Illustration Rare	https://images.scrydex.com/pokemon/me5-92/small		1	dex+hp+damage+illustrator+rarity
me5-93	Bastiodon	바리톱스	M5-091	トリデプス	Illustration rare	Illustration Rare	https://images.scrydex.com/pokemon/me5-93/small		1	dex+hp+damage+illustrator+rarity
me5-94	Toucannon	왕큰부리	M5-092	ドデカバシ	Illustration rare	Illustration Rare	https://images.scrydex.com/pokemon/me5-94/small		1	dex+hp+damage+illustrator+rarity
me5-95	Silvally	실버디	M5-093	シルヴァディ	Illustration rare	Illustration Rare	https://images.scrydex.com/pokemon/me5-95/small		1	dex+hp+damage+illustrator+rarity
me5-96	Lurantis ex	라란티스 ex	M5-094	ラランテスex	Ultra Rare	Ultra Rare	https://images.scrydex.com/pokemon/me5-96/small		1	dex+hp+damage+illustrator+rarity
me5-97	Wailord ex	고래왕 ex	M5-095	ホエルオーex	Ultra Rare	Ultra Rare	https://images.scrydex.com/pokemon/me5-97/small		1	dex+hp+damage+illustrator+rarity
me5-98	Mega Zeraora ex	메가제라오라 ex	M5-096	メガゼラオラex	Ultra Rare	Ultra Rare	https://images.scrydex.com/pokemon/me5-98/small		1	dex+hp+damage+illustrator+rarity
me5-99	Mega Chandelure ex	메가샹델라 ex	M5-097	メガシャンデラex	Ultra Rare	Ultra Rare	https://images.scrydex.com/pokemon/me5-99/small		1	dex+hp+damage+illustrator+rarity
me5-100	Rampardos ex	램펄드 ex	M5-098	ラムパルドex	Ultra Rare	Ultra Rare	https://images.scrydex.com/pokemon/me5-100/small		1	dex+hp+damage+illustrator+rarity
me5-101	Mega Darkrai ex	메가다크라이 ex	M5-099	メガダークライex	Ultra Rare	Ultra Rare	https://images.scrydex.com/pokemon/me5-101/small		1	dex+hp+damage+illustrator+rarity
me5-102	Morpeko ex	모르페코 ex	M5-100	モルペコex	Ultra Rare	Ultra Rare	https://images.scrydex.com/pokemon/me5-102/small		1	dex+hp+damage+illustrator+rarity
me5-103	Mega Excadrill ex	메가몰드류 ex	M5-101	メガドリュウズex	Ultra Rare	Ultra Rare	https://images.scrydex.com/pokemon/me5-103/small		1	dex+hp+damage+illustrator+rarity
me5-114	Mega Zeraora ex	메가제라오라 ex	M5-112	メガゼラオラex	Special illustration rare	Special Illustration Rare	https://images.scrydex.com/pokemon/me5-114/small		1	dex+hp+damage+illustrator+rarity
me5-116	Mega Darkrai ex	메가다크라이 ex	M5-114	メガダークライex	Special illustration rare	Special Illustration Rare	https://images.scrydex.com/pokemon/me5-116/small		1	dex+hp+damage+illustrator+rarity
me5-120	Mega Darkrai ex	메가다크라이 ex	M5-118	メガダークライex	Mega Hyper Rare	Mega Hyper Rare	https://images.scrydex.com/pokemon/me5-120/small		1	dex+hp+damage+illustrator+rarity
me4-1	Weedle	뿔충이	M4-001	ビードル	Common	Common	https://images.scrydex.com/pokemon/me4-1/small		1	dex+hp+damage+illustrator+rarity
me4-2	Kakuna	딱충이	M4-002	コクーン	Common	Common	https://images.scrydex.com/pokemon/me4-2/small		1	dex+hp+damage+illustrator+rarity
me4-3	Beedrill ex	독침붕 ex	M4-003	スピアーex	Double rare	Double Rare	https://images.scrydex.com/pokemon/me4-3/small		1	dex+hp+damage+illustrator+rarity
me4-4	Carnivine	무스틈니	M4-004	マスキッパ	Common	Common	https://images.scrydex.com/pokemon/me4-4/small		1	dex+hp+damage+illustrator+rarity
me4-5	Chespin	도치마론	M4-005	ハリマロン	Common	Common	https://images.scrydex.com/pokemon/me4-5/small		1	dex+hp+damage+illustrator+rarity
me4-6	Quilladin	도치보구	M4-006	ハリボーグ	Common	Common	https://images.scrydex.com/pokemon/me4-6/small		1	dex+hp+damage+illustrator+rarity
me4-7	Chesnaught	브리가론	M4-007	ブリガロン	Rare	Rare	https://images.scrydex.com/pokemon/me4-7/small		1	dex+hp+damage+illustrator+rarity
me4-8	Vulpix	식스테일	M4-008	ロコン	Common	Common	https://images.scrydex.com/pokemon/me4-8/small		1	dex+hp+damage+illustrator+rarity
me4-9	Ninetales	나인테일	M4-009	キュウコン	Uncommon	Uncommon	https://images.scrydex.com/pokemon/me4-9/small		1	dex+hp+damage+illustrator+rarity
me4-11	Fennekin	푸호꼬	M4-011	フォッコ	Common	Common	https://images.scrydex.com/pokemon/me4-11/small		1	dex+hp+damage+illustrator+rarity
me4-12	Braixen	테르나	M4-012	テールナー	Common	Common	https://images.scrydex.com/pokemon/me4-12/small		1	dex+hp+damage+illustrator+rarity
me4-13	Delphox	마폭시	M4-013	マフォクシー	Rare	Rare	https://images.scrydex.com/pokemon/me4-13/small		1	dex+hp+damage+illustrator+rarity
me4-14	Litleo	레오꼬	M4-014	シシコ	Common	Common	https://images.scrydex.com/pokemon/me4-14/small		1	dex+hp+damage+illustrator+rarity
me4-17	Octillery	대포무노	M4-017	オクタン	Common	Common	https://images.scrydex.com/pokemon/me4-17/small		1	dex+hp+damage+illustrator+rarity
me4-18	Delibird	딜리버드	M4-018	デリバード	Uncommon	Uncommon	https://images.scrydex.com/pokemon/me4-18/small		1	dex+hp+damage+illustrator+rarity
me4-20	Froakie	개구마르	M4-020	ケロマツ	Common	Common	https://images.scrydex.com/pokemon/me4-20/small		1	dex+hp+damage+illustrator+rarity
me4-21	Frogadier	개굴반장	M4-021	ゲコガシラ	Common	Common	https://images.scrydex.com/pokemon/me4-21/small		1	dex+hp+damage+illustrator+rarity
me4-22	Mega Greninja ex	메가개굴닌자 ex	M4-022	メガゲッコウガex	Double rare	Double Rare	https://images.scrydex.com/pokemon/me4-22/small		1	dex+hp+damage+illustrator+rarity
me4-23	Bergmite	꽁어름	M4-023	カチコール	Common	Common	https://images.scrydex.com/pokemon/me4-23/small		1	dex+hp+damage+illustrator+rarity
me4-24	Avalugg	크레베이스	M4-024	クレベース	Uncommon	Uncommon	https://images.scrydex.com/pokemon/me4-24/small		1	dex+hp+damage+illustrator+rarity
me4-25	Wimpod	꼬시레	M4-025	コソクムシ	Common	Common	https://images.scrydex.com/pokemon/me4-25/small		1	dex+hp+damage+illustrator+rarity
me4-26	Golisopod	갑주무사	M4-026	グソクムシャ	Uncommon	Uncommon	https://images.scrydex.com/pokemon/me4-26/small		1	dex+hp+damage+illustrator+rarity
me4-28	Flaaffy	보송송	M4-028	モココ	Common	Common	https://images.scrydex.com/pokemon/me4-28/small		1	dex+hp+damage+illustrator+rarity
me4-29	Ampharos	전룡	M4-029	デンリュウ	Rare	Rare	https://images.scrydex.com/pokemon/me4-29/small		1	dex+hp+damage+illustrator+rarity
me4-30	Emolga	에몽가	M4-030	エモンガ	Common	Common	https://images.scrydex.com/pokemon/me4-30/small		1	dex+hp+damage+illustrator+rarity
me4-31	Deoxys	테오키스	M4-031	デオキシス	Uncommon	Uncommon	https://images.scrydex.com/pokemon/me4-31/small		1	dex+hp+damage+illustrator+rarity
me4-32	Deoxys	테오키스	M4-032	デオキシス	Uncommon	Uncommon	https://images.scrydex.com/pokemon/me4-32/small		1	dex+hp+damage+illustrator+rarity
me4-33	Deoxys	테오키스	M4-033	デオキシス	Uncommon	Uncommon	https://images.scrydex.com/pokemon/me4-33/small		1	dex+hp+damage+illustrator+rarity
me4-34	Deoxys	테오키스	M4-034	デオキシス	Uncommon	Uncommon	https://images.scrydex.com/pokemon/me4-34/small		1	dex+hp+damage+illustrator+rarity
me4-35	Mega Floette ex	메가플라엣테 ex	M4-035	メガフラエッテex	Double rare	Double Rare	https://images.scrydex.com/pokemon/me4-35/small		1	dex+hp+damage+illustrator+rarity
me4-36	Espurr	냐스퍼	M4-036	ニャスパー	Common	Common	https://images.scrydex.com/pokemon/me4-36/small		1	dex+hp+damage+illustrator+rarity
me4-37	Meowstic	냐오닉스	M4-037	ニャオニクス	Uncommon	Uncommon	https://images.scrydex.com/pokemon/me4-37/small		1	dex+hp+damage+illustrator+rarity
me4-38	Phantump	나목령	M4-038	ボクレー	Common	Common	https://images.scrydex.com/pokemon/me4-38/small		1	dex+hp+damage+illustrator+rarity
me4-39	Trevenant	대로트	M4-039	オーロット	Rare	Rare	https://images.scrydex.com/pokemon/me4-39/small		1	dex+hp+damage+illustrator+rarity
me4-40	Pumpkaboo	호바귀	M4-040	バケッチャ	Common	Common	https://images.scrydex.com/pokemon/me4-40/small		1	dex+hp+damage+illustrator+rarity
me4-41	Gourgeist ex	펌킨인 ex	M4-041	パンプジンex	Double rare	Double Rare	https://images.scrydex.com/pokemon/me4-41/small		1	dex+hp+damage+illustrator+rarity
me4-42	Xerneas	제르네아스	M4-042	ゼルネアス	Rare	Rare	https://images.scrydex.com/pokemon/me4-42/small		1	dex+hp+damage+illustrator+rarity
me4-43	Sudowoodo	꼬지모	M4-043	ウソッキー	Uncommon	Uncommon	https://images.scrydex.com/pokemon/me4-43/small		1	dex+hp+damage+illustrator+rarity
me4-44	Phanpy	코코리	M4-044	ゴマゾウ	Common	Common	https://images.scrydex.com/pokemon/me4-44/small		1	dex+hp+damage+illustrator+rarity
me4-45	Donphan	코리갑	M4-045	ドンファン	Common	Common	https://images.scrydex.com/pokemon/me4-45/small		1	dex+hp+damage+illustrator+rarity
me4-46	Baltoy	오뚝군	M4-046	ヤジロン	Common	Common	https://images.scrydex.com/pokemon/me4-46/small		1	dex+hp+damage+illustrator+rarity
me4-47	Claydol	점토도리	M4-047	ネンドール	Uncommon	Uncommon	https://images.scrydex.com/pokemon/me4-47/small		1	dex+hp+damage+illustrator+rarity
me4-49	Zubat	주뱃	M4-048	ズバット	Common	Common	https://images.scrydex.com/pokemon/me4-49/small		1	dex+hp+damage+illustrator+rarity
me4-50	Golbat	골뱃	M4-049	ゴルバット	Common	Common	https://images.scrydex.com/pokemon/me4-50/small		1	dex+hp+damage+illustrator+rarity
me4-52	Qwilfish	침바루	M4-051	ハリーセン	Common	Common	https://images.scrydex.com/pokemon/me4-52/small		1	dex+hp+damage+illustrator+rarity
me4-53	Stunky	스컹뿡	M4-052	スカンプー	Common	Common	https://images.scrydex.com/pokemon/me4-53/small		1	dex+hp+damage+illustrator+rarity
me4-54	Skuntank	스컹탱크	M4-053	スカタンク	Uncommon	Uncommon	https://images.scrydex.com/pokemon/me4-54/small		1	dex+hp+damage+illustrator+rarity
me4-56	Trubbish	깨봉이	M4-054	ヤブクロン	Common	Common	https://images.scrydex.com/pokemon/me4-56/small		1	dex+hp+damage+illustrator+rarity
me4-57	Garbodor	더스트나	M4-055	ダストダス	Uncommon	Uncommon	https://images.scrydex.com/pokemon/me4-57/small		1	dex+hp+damage+illustrator+rarity
me4-58	Skrelp	수레기	M4-056	クズモー	Common	Common	https://images.scrydex.com/pokemon/me4-58/small		1	dex+hp+damage+illustrator+rarity
me4-59	Beldum	메탕	M4-057	ダンバル	Common	Common	https://images.scrydex.com/pokemon/me4-59/small		1	dex+hp+damage+illustrator+rarity
me4-60	Metang	메탕구	M4-058	メタング	Common	Common	https://images.scrydex.com/pokemon/me4-60/small		1	dex+hp+damage+illustrator+rarity
me4-61	Metagross	메타그로스	M4-059	メタグロス	Uncommon	Uncommon	https://images.scrydex.com/pokemon/me4-61/small		1	dex+hp+damage+illustrator+rarity
me4-62	Ferroseed	철시드	M4-060	テッシード	Common	Common	https://images.scrydex.com/pokemon/me4-62/small		1	dex+hp+damage+illustrator+rarity
me4-63	Ferrothorn	너트령	M4-061	ナットレイ	Uncommon	Uncommon	https://images.scrydex.com/pokemon/me4-63/small		1	dex+hp+damage+illustrator+rarity
me4-64	Cobalion ex	코바르온 ex	M4-062	コバルオンex	Double rare	Double Rare	https://images.scrydex.com/pokemon/me4-64/small		1	dex+hp+damage+illustrator+rarity
me4-65	Mega Dragalge ex	메가드래캄 ex	M4-063	メガドラミドロex	Double rare	Double Rare	https://images.scrydex.com/pokemon/me4-65/small		1	dex+hp+damage+illustrator+rarity
me4-66	Goomy	미끄메라	M4-064	ヌメラ	Common	Common	https://images.scrydex.com/pokemon/me4-66/small		1	dex+hp+damage+illustrator+rarity
me4-67	Sliggoo	미끄네일	M4-065	ヌメイル	Common	Common	https://images.scrydex.com/pokemon/me4-67/small		1	dex+hp+damage+illustrator+rarity
me4-69	Tauros	켄타로스	M4-067	ケンタロス	Uncommon	Uncommon	https://images.scrydex.com/pokemon/me4-69/small		1	dex+hp+damage+illustrator+rarity
me4-70	Patrat	보르쥐	M4-068	ミネズミ	Common	Common	https://images.scrydex.com/pokemon/me4-70/small		1	dex+hp+damage+illustrator+rarity
me4-71	Watchog	보르그	M4-069	ミルホッグ	Common	Common	https://images.scrydex.com/pokemon/me4-71/small		1	dex+hp+damage+illustrator+rarity
me4-72	Minccino	치라미	M4-070	チラーミィ	Common	Common	https://images.scrydex.com/pokemon/me4-72/small		1	dex+hp+damage+illustrator+rarity
me4-73	Cinccino ex	치라치노 ex	M4-071	チラチーノex	Double rare	Double Rare	https://images.scrydex.com/pokemon/me4-73/small		1	dex+hp+damage+illustrator+rarity
me4-87	Chespin	도치마론	M4-084	ハリマロン	Illustration rare	Illustration Rare	https://images.scrydex.com/pokemon/me4-87/small		1	dex+hp+damage+illustrator+rarity
me4-88	Froakie	개구마르	M4-086	ケロマツ	Illustration rare	Illustration Rare	https://images.scrydex.com/pokemon/me4-88/small		1	dex+hp+damage+illustrator+rarity
me4-89	Frogadier	개굴반장	M4-087	ゲコガシラ	Illustration rare	Illustration Rare	https://images.scrydex.com/pokemon/me4-89/small		1	dex+hp+damage+illustrator+rarity
me4-90	Ampharos	전룡	M4-088	デンリュウ	Illustration rare	Illustration Rare	https://images.scrydex.com/pokemon/me4-90/small		1	dex+hp+damage+illustrator+rarity
me4-91	Xerneas	제르네아스	M4-089	ゼルネアス	Illustration rare	Illustration Rare	https://images.scrydex.com/pokemon/me4-91/small		1	dex+hp+damage+illustrator+rarity
me4-92	Claydol	점토도리	M4-090	ネンドール	Illustration rare	Illustration Rare	https://images.scrydex.com/pokemon/me4-92/small		1	dex+hp+damage+illustrator+rarity
me4-93	Crobat	크로뱃	M4-091	クロバット	Illustration rare	Illustration Rare	https://images.scrydex.com/pokemon/me4-93/small		1	dex+hp+damage+illustrator+rarity
me4-94	Metang	메탕구	M4-092	メタング	Illustration rare	Illustration Rare	https://images.scrydex.com/pokemon/me4-94/small		1	dex+hp+damage+illustrator+rarity
me4-95	Sliggoo	미끄네일	M4-093	ヌメイル	Illustration rare	Illustration Rare	https://images.scrydex.com/pokemon/me4-95/small		1	dex+hp+damage+illustrator+rarity
me4-96	Tauros	켄타로스	M4-094	ケンタロス	Illustration rare	Illustration Rare	https://images.scrydex.com/pokemon/me4-96/small		1	dex+hp+damage+illustrator+rarity
me4-97	Watchog	보르그	M4-095	ミルホッグ	Illustration rare	Illustration Rare	https://images.scrydex.com/pokemon/me4-97/small		1	dex+hp+damage+illustrator+rarity
me4-98	Beedrill ex	독침붕 ex	M4-096	スピアーex	Ultra Rare	Ultra Rare	https://images.scrydex.com/pokemon/me4-98/small		1	dex+hp+damage+illustrator+rarity
me4-100	Mega Greninja ex	메가개굴닌자 ex	M4-098	メガゲッコウガex	Ultra Rare	Ultra Rare	https://images.scrydex.com/pokemon/me4-100/small		1	dex+hp+damage+illustrator+rarity
me4-101	Mega Floette ex	메가플라엣테 ex	M4-099	メガフラエッテex	Ultra Rare	Ultra Rare	https://images.scrydex.com/pokemon/me4-101/small		1	dex+hp+damage+illustrator+rarity
me4-102	Gourgeist ex	펌킨인 ex	M4-100	パンプジンex	Ultra Rare	Ultra Rare	https://images.scrydex.com/pokemon/me4-102/small		1	dex+hp+damage+illustrator+rarity
me4-103	Cobalion ex	코바르온 ex	M4-101	コバルオンex	Ultra Rare	Ultra Rare	https://images.scrydex.com/pokemon/me4-103/small		1	dex+hp+damage+illustrator+rarity
me4-104	Mega Dragalge ex	메가드래캄 ex	M4-102	メガドラミドロex	Ultra Rare	Ultra Rare	https://images.scrydex.com/pokemon/me4-104/small		1	dex+hp+damage+illustrator+rarity
me4-105	Cinccino ex	치라치노 ex	M4-103	チラチーノex	Ultra Rare	Ultra Rare	https://images.scrydex.com/pokemon/me4-105/small		1	dex+hp+damage+illustrator+rarity
me4-116	Mega Greninja ex	메가개굴닌자 ex	M4-114	メガゲッコウガex	Special illustration rare	Special Illustration Rare	https://images.scrydex.com/pokemon/me4-116/small		1	dex+hp+damage+illustrator+rarity
me4-117	Mega Floette ex	메가플라엣테 ex	M4-115	メガフラエッテex	Special illustration rare	Special Illustration Rare	https://images.scrydex.com/pokemon/me4-117/small		1	dex+hp+damage+illustrator+rarity
me4-119	Cinccino ex	치라치노 ex	M4-117	チラチーノex	Special illustration rare	Special Illustration Rare	https://images.scrydex.com/pokemon/me4-119/small		1	dex+hp+damage+illustrator+rarity
me4-122	Mega Greninja ex	메가개굴닌자 ex	M4-120	メガゲッコウガex	Mega Hyper Rare	Mega Hyper Rare	https://images.scrydex.com/pokemon/me4-122/small		1	dex+hp+damage+illustrator+rarity
me2pt5-18	Team Rocket's Tarountula	로켓단의 타랜툴라	SV10-008	ロケット団のタマンチュラ	Common	Common	https://images.scrydex.com/pokemon/me2pt5-18/small	https://assets.tcgdex.net/ja/SV/SV10/008/low.webp	1	dex+hp+damage+illustrator+rarity
me2pt5-19	Team Rocket's Spidops	로켓단의 트래피더	SV10-009	ロケット団のワナイダー	Rare	Rare	https://images.scrydex.com/pokemon/me2pt5-19/small	https://assets.tcgdex.net/ja/SV/SV10/009/low.webp	1	dex+hp+damage+illustrator+rarity
me2pt5-23	Ethan's Slugma	심향의 마그마그	SV9a-018	ヒビキのマグマッグ	Common	Common	https://images.scrydex.com/pokemon/me2pt5-23/small	https://assets.tcgdex.net/ja/SV/SV9a/018/low.webp	1	dex+hp+damage+illustrator+rarity
me2pt5-24	Ethan's Magcargo	심향의 마그카르고	SV9a-019	ヒビキのマグカルゴ	Rare	Rare	https://images.scrydex.com/pokemon/me2pt5-24/small	https://assets.tcgdex.net/ja/SV/SV9a/019/low.webp	1	dex+hp+damage+illustrator+rarity
me2pt5-26	Ethan's Ho-Oh ex	심향의 칠색조 ex	M2a-021	ヒビキのホウオウex	Double rare	Double Rare	https://images.scrydex.com/pokemon/me2pt5-26/small		1	dex+hp+damage+illustrator+rarity
me2pt5-32	N's Darumaka	N의 달막화	SV9-015	Nのダルマッカ	Common	Common	https://images.scrydex.com/pokemon/me2pt5-32/small	https://assets.tcgdex.net/ja/SV/SV9/015/low.webp	1	dex+hp+damage+illustrator+rarity
me2pt5-33	N's Darmanitan	N의 불비달마	SV9-016	Nのヒヒダルマ	Uncommon	Uncommon	https://images.scrydex.com/pokemon/me2pt5-33/small	https://assets.tcgdex.net/ja/SV/SV9/016/low.webp	1	dex+hp+damage+illustrator+rarity
me2pt5-34	Salandit	야도뇽	SV7-013	ヤトウモリ	Common	Common	https://images.scrydex.com/pokemon/me2pt5-34/small	https://assets.tcgdex.net/ja/SV/SV7/013/low.webp	1	dex+hp+damage+illustrator+rarity
me2pt5-35	Salazzle	염뉴트	SV7-014	エンニュート	Uncommon	Uncommon	https://images.scrydex.com/pokemon/me2pt5-35/small	https://assets.tcgdex.net/ja/SV/SV7/014/low.webp	1	dex+hp+damage+illustrator+rarity
me2pt5-37	Raboot	래비풋	SV7-017	ラビフット	Common	Common	https://images.scrydex.com/pokemon/me2pt5-37/small	https://assets.tcgdex.net/ja/SV/SV7/017/low.webp	1	dex+hp+damage+illustrator+rarity
me2pt5-44	Sneasel	포푸니	SV6a-013	ニューラ	Common	Common	https://images.scrydex.com/pokemon/me2pt5-44/small	https://assets.tcgdex.net/ja/SV/SV6a/013/low.webp	1	dex+hp+damage+illustrator+rarity
me2pt5-45	Weavile	포푸니라	SV6a-014	マニューラ	Uncommon	Uncommon	https://images.scrydex.com/pokemon/me2pt5-45/small	https://assets.tcgdex.net/ja/SV/SV6a/014/low.webp	1	dex+hp+damage+illustrator+rarity
me2pt5-47	Mega Froslass ex	메가눈여아 ex	M2a-036	メガユキメノコex	Double rare	Double Rare	https://images.scrydex.com/pokemon/me2pt5-47/small		1	dex+hp+damage+illustrator+rarity
me2pt5-59	Tynamo	저리어	SV11B-033	シビシラス	Common	Common	https://images.scrydex.com/pokemon/me2pt5-59/small		1	dex+hp+damage+illustrator+rarity
me2pt5-60	Eelektrik	저리릴	SV11B-034	シビビール	Uncommon	Uncommon	https://images.scrydex.com/pokemon/me2pt5-60/small		1	dex+hp+damage+illustrator+rarity
me2pt5-61	Mega Eelektross ex	메가저리더프 ex	M2a-049	メガシビルドンex	Double rare	Double Rare	https://images.scrydex.com/pokemon/me2pt5-61/small		1	dex+hp+damage+illustrator+rarity
me2pt5-65	Charjabug	전지충이	SV5M-027	デンヂムシ	Common	Common	https://images.scrydex.com/pokemon/me2pt5-65/small		1	dex+hp+damage+illustrator+rarity
me2pt5-66	Vikavolt	투구뿌논	SV7-035	クワガノン	Uncommon	Uncommon	https://images.scrydex.com/pokemon/me2pt5-66/small	https://assets.tcgdex.net/ja/SV/SV7/035/low.webp	1	dex+hp+damage+illustrator+rarity
me2pt5-69	Iono's Tadbulb	모야모의 빈나두	SV9-029	ナンジャモのズピカ	Common	Common	https://images.scrydex.com/pokemon/me2pt5-69/small	https://assets.tcgdex.net/ja/SV/SV9/029/low.webp	1	dex+hp+damage+illustrator+rarity
me2pt5-70	Iono's Bellibolt ex	모야모의 찌리배리 ex	M2a-057	ナンジャモのハラバリーex	Double rare	Double Rare	https://images.scrydex.com/pokemon/me2pt5-70/small		1	dex+hp+damage+illustrator+rarity
me2pt5-71	Iono's Wattrel	모야모의 찌리비	SV9-031	ナンジャモのカイデン	Common	Common	https://images.scrydex.com/pokemon/me2pt5-71/small	https://assets.tcgdex.net/ja/SV/SV9/031/low.webp	1	dex+hp+damage+illustrator+rarity
me2pt5-75	Clefable	픽시	SV6-046	ピクシー	Uncommon	Uncommon	https://images.scrydex.com/pokemon/me2pt5-75/small	https://assets.tcgdex.net/ja/SV/SV6/046/low.webp	1	dex+hp+damage+illustrator+rarity
me2pt5-76	Lillie's Clefairy ex	릴리에의 삐삐 ex	M2a-060	リーリエのピッピex	Double rare	Double Rare	https://images.scrydex.com/pokemon/me2pt5-76/small		1	dex+hp+damage+illustrator+rarity
me2pt5-80	Togepi	토게피	SV8-045	トゲピー	Common	Common	https://images.scrydex.com/pokemon/me2pt5-80/small	https://assets.tcgdex.net/ja/SV/SV8/045/low.webp	1	dex+hp+damage+illustrator+rarity
me2pt5-81	Togetic	토게틱	SV8-046	トゲチック	Common	Common	https://images.scrydex.com/pokemon/me2pt5-81/small	https://assets.tcgdex.net/ja/SV/SV8/046/low.webp	1	dex+hp+damage+illustrator+rarity
me2pt5-82	Togekiss	토게키스	SV8-047	トゲキッス	Rare	Rare	https://images.scrydex.com/pokemon/me2pt5-82/small	https://assets.tcgdex.net/ja/SV/SV8/047/low.webp	1	dex+hp+damage+illustrator+rarity
me2pt5-87	Ralts	랄토스	M1S-040	ラルトス	Common	Common	https://images.scrydex.com/pokemon/me2pt5-87/small		1	dex+hp+damage+illustrator+rarity
me2pt5-88	Kirlia	킬리아	M1S-041	キルリア	Common	Common	https://images.scrydex.com/pokemon/me2pt5-88/small		1	dex+hp+damage+illustrator+rarity
me2pt5-90	Shuppet	어둠대신	SV9-035	カゲボウズ	Common	Common	https://images.scrydex.com/pokemon/me2pt5-90/small	https://assets.tcgdex.net/ja/SV/SV9/035/low.webp	1	dex+hp+damage+illustrator+rarity
me2pt5-91	Banette	다크펫	SV9-036	ジュペッタ	Uncommon	Uncommon	https://images.scrydex.com/pokemon/me2pt5-91/small	https://assets.tcgdex.net/ja/SV/SV9/036/low.webp	1	dex+hp+damage+illustrator+rarity
me2pt5-97	Team Rocket's Mimikyu	로켓단의 따라큐	SV10-042	ロケット団のミミッキュ	Uncommon	Uncommon	https://images.scrydex.com/pokemon/me2pt5-97/small	https://assets.tcgdex.net/ja/SV/SV10/042/low.webp	1	dex+hp+damage+illustrator+rarity
me2pt5-99	Munkidori	이야후	SV6-055	マシマシラ	Rare	Rare	https://images.scrydex.com/pokemon/me2pt5-99/small	https://assets.tcgdex.net/ja/SV/SV6/055/low.webp	1	dex+hp+damage+illustrator+rarity
me2pt5-105	Lunatone	루나톤	M1L-026	ルナトーン	Rare	Rare	https://images.scrydex.com/pokemon/me2pt5-105/small		1	dex+hp+damage+illustrator+rarity
me2pt5-106	Solrock	솔록	M1L-027	ソルロック	Uncommon	Uncommon	https://images.scrydex.com/pokemon/me2pt5-106/small		1	dex+hp+damage+illustrator+rarity
me2pt5-107	Regirock ex	레지락 ex	SV10-055	レジロックex	Double rare	Double Rare	https://images.scrydex.com/pokemon/me2pt5-107/small	https://assets.tcgdex.net/ja/SV/SV10/055/low.webp	1	dex+hp+damage+illustrator+rarity
me2pt5-109	Cynthia's Gible	난천의 딥상어동	SV9a-042	シロナのフカマル	Common	Common	https://images.scrydex.com/pokemon/me2pt5-109/small	https://assets.tcgdex.net/ja/SV/SV9a/042/low.webp	1	dex+hp+damage+illustrator+rarity
me2pt5-111	Cynthia's Garchomp ex	난천의 한카리아스 ex	M2a-090	シロナのガブリアスex	Double rare	Double Rare	https://images.scrydex.com/pokemon/me2pt5-111/small		1	dex+hp+damage+illustrator+rarity
me2pt5-112	Riolu	리오르	M1L-028	リオル	Common	Common	https://images.scrydex.com/pokemon/me2pt5-112/small		1	dex+hp+damage+illustrator+rarity
me2pt5-116	Mega Hawlucha ex	메가루차불 ex	M2a-094	メガルチャブルex	Double rare	Double Rare	https://images.scrydex.com/pokemon/me2pt5-116/small		1	dex+hp+damage+illustrator+rarity
me2pt5-128	Poochyena	포챠나	SV5K-048	ポチエナ	Common	Common	https://images.scrydex.com/pokemon/me2pt5-128/small	https://assets.tcgdex.net/ja/SV/SV5K/048/low.webp	1	dex+hp+damage+illustrator+rarity
me2pt5-133	Cynthia's Spiritomb	난천의 화강돌	SV9a-050	シロナのミカルゲ	Uncommon	Uncommon	https://images.scrydex.com/pokemon/me2pt5-133/small	https://assets.tcgdex.net/ja/SV/SV9a/050/low.webp	1	dex+hp+damage+illustrator+rarity
me2pt5-135	Mega Scrafty ex	메가곤율거니 ex	M2a-110	メガズルズキンex	Double rare	Double Rare	https://images.scrydex.com/pokemon/me2pt5-135/small		1	dex+hp+damage+illustrator+rarity
me2pt5-136	N's Zorua	N의 조로아	SV9-060	Nのゾロア	Common	Common	https://images.scrydex.com/pokemon/me2pt5-136/small	https://assets.tcgdex.net/ja/SV/SV9/060/low.webp	1	dex+hp+damage+illustrator+rarity
me2pt5-137	N's Zoroark ex	N의 조로아크 ex	M2a-112	Nのゾロアークex	Double rare	Double Rare	https://images.scrydex.com/pokemon/me2pt5-137/small		1	dex+hp+damage+illustrator+rarity
me2pt5-152	Mega Dragonite ex	메가망나뇽 ex	M2a-126	メガカイリューex	Double rare	Double Rare	https://images.scrydex.com/pokemon/me2pt5-152/small		1	dex+hp+damage+illustrator+rarity
me2pt5-154	N's Reshiram	N의 레시라무	SV9-074	Nのレシラム	Rare	Rare	https://images.scrydex.com/pokemon/me2pt5-154/small	https://assets.tcgdex.net/ja/SV/SV9/074/low.webp	1	dex+hp+damage+illustrator+rarity
me2pt5-158	Dreepy	드라꼰	SV6-079	ドラメシヤ	Common	Common	https://images.scrydex.com/pokemon/me2pt5-158/small	https://assets.tcgdex.net/ja/SV/SV6/079/low.webp	1	dex+hp+damage+illustrator+rarity
me2pt5-159	Drakloak	드래런치	SV6-080	ドロンチ	Common	Common	https://images.scrydex.com/pokemon/me2pt5-159/small	https://assets.tcgdex.net/ja/SV/SV6/080/low.webp	1	dex+hp+damage+illustrator+rarity
me2pt5-161	Team Rocket's Meowth	로켓단의 나옹	SV10-078	ロケット団のニャース	Common	Common	https://images.scrydex.com/pokemon/me2pt5-161/small	https://assets.tcgdex.net/ja/SV/SV10/078/low.webp	1	dex+hp+damage+illustrator+rarity
me2pt5-171	Fan Rotom	스핀로토무	SV7-080	スピンロトム	Common	Common	https://images.scrydex.com/pokemon/me2pt5-171/small	https://assets.tcgdex.net/ja/SV/SV7/080/low.webp	1	dex+hp+damage+illustrator+rarity
me2pt5-177	Hop's Cramorant	호브의 윽우지	SV9-087	ホップのウッウ	Uncommon	Uncommon	https://images.scrydex.com/pokemon/me2pt5-177/small	https://assets.tcgdex.net/ja/SV/SV9/087/low.webp	1	dex+hp+damage+illustrator+rarity
me2pt5-178	Terapagos	테라파고스	SV8-093	テラパゴス	Rare	Rare	https://images.scrydex.com/pokemon/me2pt5-178/small	https://assets.tcgdex.net/ja/SV/SV8/093/low.webp	1	dex+hp+damage+illustrator+rarity
me2pt5-179	Terapagos ex	테라파고스 ex	M2a-145	テラパゴスex	Double rare	Double Rare	https://images.scrydex.com/pokemon/me2pt5-179/small		1	dex+hp+damage+illustrator+rarity
me2pt5-219	Beautifly	뷰티플라이	M2a-194	アゲハント	Illustration rare	Illustration Rare	https://images.scrydex.com/pokemon/me2pt5-219/small		1	dex+hp+damage+illustrator+rarity
me2pt5-220	Dustox	독케일	M2a-195	ドクケイル	Illustration rare	Illustration Rare	https://images.scrydex.com/pokemon/me2pt5-220/small		1	dex+hp+damage+illustrator+rarity
me2pt5-221	Budew	꼬몽울	M2a-196	スボミー	Illustration rare	Illustration Rare	https://images.scrydex.com/pokemon/me2pt5-221/small		1	dex+hp+damage+illustrator+rarity
me2pt5-222	Ethan's Magcargo	심향의 마그카르고	M2a-197	ヒビキのマグカルゴ	Illustration rare	Illustration Rare	https://images.scrydex.com/pokemon/me2pt5-222/small		1	dex+hp+damage+illustrator+rarity
me2pt5-223	Numel	둔타	M2a-198	ドンメル	Illustration rare	Illustration Rare	https://images.scrydex.com/pokemon/me2pt5-223/small		1	dex+hp+damage+illustrator+rarity
me2pt5-226	Psyduck	고라파덕	M2a-199	コダック	Illustration rare	Illustration Rare	https://images.scrydex.com/pokemon/me2pt5-226/small		1	dex+hp+damage+illustrator+rarity
me2pt5-229	Heliolisk	일레도리자드	M2a-201	エレザード	Illustration rare	Illustration Rare	https://images.scrydex.com/pokemon/me2pt5-229/small		1	dex+hp+damage+illustrator+rarity
me2pt5-233	Misdreavus	무우마	M2a-202	ムウマ	Illustration rare	Illustration Rare	https://images.scrydex.com/pokemon/me2pt5-233/small		1	dex+hp+damage+illustrator+rarity
me2pt5-235	Togekiss	토게키스	M2a-203	トゲキッス	Illustration rare	Illustration Rare	https://images.scrydex.com/pokemon/me2pt5-235/small		1	dex+hp+damage+illustrator+rarity
me2pt5-237	Hop's Trevenant	호브의 대로트	M2a-204	ホップのオーロット	Illustration rare	Illustration Rare	https://images.scrydex.com/pokemon/me2pt5-237/small		1	dex+hp+damage+illustrator+rarity
me2pt5-238	Team Rocket's Mimikyu	로켓단의 따라큐	M2a-205	ロケット団のミミッキュ	Illustration rare	Illustration Rare	https://images.scrydex.com/pokemon/me2pt5-238/small		1	dex+hp+damage+illustrator+rarity
me2pt5-239	Team Rocket's Dugtrio	로켓단의 닥트리오	M2a-206	ロケット団のダグトリオ	Illustration rare	Illustration Rare	https://images.scrydex.com/pokemon/me2pt5-239/small		1	dex+hp+damage+illustrator+rarity
me2pt5-241	Medicham	요가램	M2a-207	チャーレム	Illustration rare	Illustration Rare	https://images.scrydex.com/pokemon/me2pt5-241/small		1	dex+hp+damage+illustrator+rarity
me2pt5-244	Cynthia's Spiritomb	난천의 화강돌	M2a-208	シロナのミカルゲ	Illustration rare	Illustration Rare	https://images.scrydex.com/pokemon/me2pt5-244/small		1	dex+hp+damage+illustrator+rarity
me2pt5-245	Galarian Obstagoon	가라르 가로막구리	M2a-209	ガラル タチフサグマ	Illustration rare	Illustration Rare	https://images.scrydex.com/pokemon/me2pt5-245/small		1	dex+hp+damage+illustrator+rarity
me2pt5-247	Dreepy	드라꼰	M2a-211	ドラメシヤ	Illustration rare	Illustration Rare	https://images.scrydex.com/pokemon/me2pt5-247/small		1	dex+hp+damage+illustrator+rarity
me2pt5-248	Drakloak	드래런치	M2a-212	ドロンチ	Illustration rare	Illustration Rare	https://images.scrydex.com/pokemon/me2pt5-248/small		1	dex+hp+damage+illustrator+rarity
me2pt5-250	Fan Rotom	스핀로토무	M2a-213	スピンロトム	Illustration rare	Illustration Rare	https://images.scrydex.com/pokemon/me2pt5-250/small		1	dex+hp+damage+illustrator+rarity
me2pt5-275	Mega Froslass ex	메가눈여아 ex	M2a-233	メガユキメノコex	Special illustration rare	Special Illustration Rare	https://images.scrydex.com/pokemon/me2pt5-275/small		1	dex+hp+damage+illustrator+rarity
me2pt5-277	Pikachu ex	피카츄 ex	M2a-234	ピカチュウex	Special illustration rare	Special Illustration Rare	https://images.scrydex.com/pokemon/me2pt5-277/small		1	dex+hp+damage+illustrator+rarity
me2pt5-278	Mega Eelektross ex	메가저리더프 ex	M2a-235	メガシビルドンex	Special illustration rare	Special Illustration Rare	https://images.scrydex.com/pokemon/me2pt5-278/small		1	dex+hp+damage+illustrator+rarity
me2pt5-279	Iono's Bellibolt ex	모야모의 찌리배리 ex	M2a-236	ナンジャモのハラバリーex	Special illustration rare	Special Illustration Rare	https://images.scrydex.com/pokemon/me2pt5-279/small		1	dex+hp+damage+illustrator+rarity
me2pt5-281	Team Rocket's Mewtwo ex	로켓단의 뮤츠 ex	M2a-237	ロケット団のミュウツーex	Special illustration rare	Special Illustration Rare	https://images.scrydex.com/pokemon/me2pt5-281/small		1	dex+hp+damage+illustrator+rarity
me2pt5-282	Mega Diancie ex	메가디안시 ex	M2a-238	メガディアンシーex	Special illustration rare	Special Illustration Rare	https://images.scrydex.com/pokemon/me2pt5-282/small		1	dex+hp+damage+illustrator+rarity
me2pt5-283	Mega Hawlucha ex	메가루차불 ex	M2a-239	メガルチャブルex	Special illustration rare	Special Illustration Rare	https://images.scrydex.com/pokemon/me2pt5-283/small		1	dex+hp+damage+illustrator+rarity
me2pt5-284	Mega Gengar ex	메가팬텀 ex	M2a-240	メガゲンガーex	Special illustration rare	Special Illustration Rare	https://images.scrydex.com/pokemon/me2pt5-284/small		1	dex+hp+damage+illustrator+rarity
me2pt5-285	Mega Scrafty ex	메가곤율거니 ex	M2a-241	メガズルズキンex	Special illustration rare	Special Illustration Rare	https://images.scrydex.com/pokemon/me2pt5-285/small		1	dex+hp+damage+illustrator+rarity
me2pt5-286	N's Zoroark ex	N의 조로아크 ex	M2a-242	Nのゾロアークex	Special illustration rare	Special Illustration Rare	https://images.scrydex.com/pokemon/me2pt5-286/small		1	dex+hp+damage+illustrator+rarity
me2pt5-287	Marnie's Grimmsnarl ex	마리의 오롱털 ex	M2a-243	マリィのオーロンゲex	Special illustration rare	Special Illustration Rare	https://images.scrydex.com/pokemon/me2pt5-287/small		1	dex+hp+damage+illustrator+rarity
me2pt5-288	Fezandipiti ex	기로치 ex	M2a-244	キチキギスex	Special illustration rare	Special Illustration Rare	https://images.scrydex.com/pokemon/me2pt5-288/small		1	dex+hp+damage+illustrator+rarity
me2pt5-289	Steven's Metagross ex	성호의 메타그로스 ex	M2a-245	ダイゴのメタグロスex	Special illustration rare	Special Illustration Rare	https://images.scrydex.com/pokemon/me2pt5-289/small		1	dex+hp+damage+illustrator+rarity
me2pt5-290	Mega Dragonite ex	메가망나뇽 ex	M2a-246	メガカイリューex	Special illustration rare	Special Illustration Rare	https://images.scrydex.com/pokemon/me2pt5-290/small		1	dex+hp+damage+illustrator+rarity
me2pt5-295	Mega Dragonite ex	메가망나뇽 ex	M2a-250	メガカイリューex	Mega Hyper Rare	Mega Hyper Rare	https://images.scrydex.com/pokemon/me2pt5-295/small		1	dex+hp+damage+illustrator+rarity
me2-1	Oddish	뚜벅쵸	M2-001	ナゾノクサ	Common	Common	https://images.pokemontcg.io/me2/1.png		1	dex+hp+damage+illustrator+rarity
me2-2	Gloom	냄새꼬	M2-002	クサイハナ	Common	Common	https://images.pokemontcg.io/me2/2.png		1	dex+hp+damage+illustrator+rarity
me2-4	Mega Heracross ex	메가헤라크로스 ex	M2-004	メガヘラクロスex	Double rare	Double Rare	https://images.pokemontcg.io/me2/4.png		1	dex+hp+damage+illustrator+rarity
me2-5	Lotad	연꽃몬	M2-005	ハスボー	Common	Common	https://images.pokemontcg.io/me2/5.png		1	dex+hp+damage+illustrator+rarity
me2-6	Lombre	로토스	M2-006	ハスブレロ	Common	Common	https://images.pokemontcg.io/me2/6.png		1	dex+hp+damage+illustrator+rarity
me2-7	Ludicolo	로파파	M2-007	ルンパッパ	Uncommon	Uncommon	https://images.pokemontcg.io/me2/7.png		1	dex+hp+damage+illustrator+rarity
me2-8	Genesect	게노세크트	M2-008	ゲノセクト	Rare	Rare	https://images.pokemontcg.io/me2/8.png		1	dex+hp+damage+illustrator+rarity
me2-10	Lokix	엑스레그	M2-010	エクスレッグ	Uncommon	Uncommon	https://images.pokemontcg.io/me2/10.png		1	dex+hp+damage+illustrator+rarity
me2-11	Charmander	파이리	M2-011	ヒトカゲ	Common	Common	https://images.pokemontcg.io/me2/11.png		1	dex+hp+damage+illustrator+rarity
me2-12	Charmeleon	리자드	M2-012	リザード	Common	Common	https://images.pokemontcg.io/me2/12.png		1	dex+hp+damage+illustrator+rarity
me2-15	Darumaka	달막화	M2-015	ダルマッカ	Common	Common	https://images.pokemontcg.io/me2/15.png		1	dex+hp+damage+illustrator+rarity
me2-16	Darmanitan	불비달마	M2-016	ヒヒダルマ	Uncommon	Uncommon	https://images.pokemontcg.io/me2/16.png		1	dex+hp+damage+illustrator+rarity
me2-17	Reshiram	레시라무	M2-017	レシラム	Rare	Rare	https://images.pokemontcg.io/me2/17.png		1	dex+hp+damage+illustrator+rarity
me2-18	Oricorio ex	춤추새 ex	M2-018	オドリドリex	Double rare	Double Rare	https://images.pokemontcg.io/me2/18.png		1	dex+hp+damage+illustrator+rarity
me2-19	Charcadet	카르본	M2-019	カルボウ	Common	Common	https://images.pokemontcg.io/me2/19.png		1	dex+hp+damage+illustrator+rarity
me2-20	Ceruledge	파라블레이즈	M2-020	ソウブレイズ	Uncommon	Uncommon	https://images.pokemontcg.io/me2/20.png		1	dex+hp+damage+illustrator+rarity
me2-21	Seel	쥬쥬	M2-021	パウワウ	Common	Common	https://images.pokemontcg.io/me2/21.png		1	dex+hp+damage+illustrator+rarity
me2-23	Swinub	꾸꾸리	M2-023	ウリムー	Common	Common	https://images.pokemontcg.io/me2/23.png		1	dex+hp+damage+illustrator+rarity
me2-24	Piloswine	메꾸리	M2-024	イノムー	Common	Common	https://images.pokemontcg.io/me2/24.png		1	dex+hp+damage+illustrator+rarity
me2-25	Mamoswine	맘모꾸리	M2-025	マンムー	Uncommon	Uncommon	https://images.pokemontcg.io/me2/25.png		1	dex+hp+damage+illustrator+rarity
me2-26	Suicune	스이쿤	M2-026	スイクン	Rare	Rare	https://images.pokemontcg.io/me2/26.png		1	dex+hp+damage+illustrator+rarity
me2-27	Piplup	팽도리	M2-027	ポッチャマ	Common	Common	https://images.pokemontcg.io/me2/27.png		1	dex+hp+damage+illustrator+rarity
me2-28	Prinplup	팽태자	M2-028	ポッタイシ	Common	Common	https://images.pokemontcg.io/me2/28.png		1	dex+hp+damage+illustrator+rarity
me2-29	Rotom ex	로토무 ex	M2-029	ロトムex	Double rare	Double Rare	https://images.pokemontcg.io/me2/29.png		1	dex+hp+damage+illustrator+rarity
me2-30	Yamper	멍파치	M2-030	ワンパチ	Common	Common	https://images.pokemontcg.io/me2/30.png		1	dex+hp+damage+illustrator+rarity
me2-31	Boltund	펄스멍	M2-031	パルスワン	Common	Common	https://images.pokemontcg.io/me2/31.png		1	dex+hp+damage+illustrator+rarity
me2-32	Pawmi	빠모	M2-032	パモ	Common	Common	https://images.pokemontcg.io/me2/32.png		1	dex+hp+damage+illustrator+rarity
me2-33	Pawmo	빠모트	M2-033	パモット	Common	Common	https://images.pokemontcg.io/me2/33.png		1	dex+hp+damage+illustrator+rarity
me2-34	Pawmot	빠르모트	M2-034	パーモット	Rare	Rare	https://images.pokemontcg.io/me2/34.png		1	dex+hp+damage+illustrator+rarity
me2-35	Misdreavus	무우마	M2-035	ムウマ	Common	Common	https://images.pokemontcg.io/me2/35.png		1	dex+hp+damage+illustrator+rarity
me2-36	Mismagius ex	무우마직 ex	M2-036	ムウマージex	Double rare	Double Rare	https://images.pokemontcg.io/me2/36.png		1	dex+hp+damage+illustrator+rarity
me2-45	Zacian	자시안	M2-039	ザシアン	Rare	Rare	https://images.pokemontcg.io/me2/45.png		1	dex+hp+damage+illustrator+rarity
me2-46	Bramblin	그푸리	M2-040	アノクサ	Common	Common	https://images.pokemontcg.io/me2/46.png		1	dex+hp+damage+illustrator+rarity
me2-47	Brambleghast	공푸리	M2-041	アノホラグサ	Uncommon	Uncommon	https://images.pokemontcg.io/me2/47.png		1	dex+hp+damage+illustrator+rarity
me2-49	Gligar	글라이거	M2-043	グライガー	Common	Common	https://images.pokemontcg.io/me2/49.png		1	dex+hp+damage+illustrator+rarity
me2-50	Gliscor	글라이온	M2-044	グライオン	Uncommon	Uncommon	https://images.pokemontcg.io/me2/50.png		1	dex+hp+damage+illustrator+rarity
me2-52	Vibrava	비브라바	M2-046	ビブラーバ	Common	Common	https://images.pokemontcg.io/me2/52.png		1	dex+hp+damage+illustrator+rarity
me2-53	Flygon	플라이곤	M2-047	フライゴン	Rare	Rare	https://images.pokemontcg.io/me2/53.png		1	dex+hp+damage+illustrator+rarity
me2-60	Carvanha	샤프니아	M2-050	キバニア	Common	Common	https://images.pokemontcg.io/me2/60.png		1	dex+hp+damage+illustrator+rarity
me2-61	Mega Sharpedo ex	메가샤크니아 ex	M2-051	メガサメハダーex	Double rare	Double Rare	https://images.pokemontcg.io/me2/61.png		1	dex+hp+damage+illustrator+rarity
me2-62	Seviper	세비퍼	M2-052	ハブネーク	Uncommon	Uncommon	https://images.pokemontcg.io/me2/62.png		1	dex+hp+damage+illustrator+rarity
me2-64	Sandile	깜눈크	M2-053	メグロコ	Common	Common	https://images.pokemontcg.io/me2/64.png		1	dex+hp+damage+illustrator+rarity
me2-65	Krokorok	악비르	M2-054	ワルビル	Common	Common	https://images.pokemontcg.io/me2/65.png		1	dex+hp+damage+illustrator+rarity
me2-66	Krookodile	악비아르	M2-055	ワルビアル	Uncommon	Uncommon	https://images.pokemontcg.io/me2/66.png		1	dex+hp+damage+illustrator+rarity
me2-67	Toxel	일레즌	M2-056	エレズン	Common	Common	https://images.pokemontcg.io/me2/67.png		1	dex+hp+damage+illustrator+rarity
me2-68	Toxtricity	스트린더	M2-057	ストリンダー	Rare	Rare	https://images.pokemontcg.io/me2/68.png		1	dex+hp+damage+illustrator+rarity
me2-70	Empoleon ex	엠페르트 ex	M2-058	エンペルトex	Double rare	Double Rare	https://images.pokemontcg.io/me2/70.png		1	dex+hp+damage+illustrator+rarity
me2-71	Bronzor	동미러	M2-059	ドーミラー	Common	Common	https://images.pokemontcg.io/me2/71.png		1	dex+hp+damage+illustrator+rarity
me2-73	Togedemaru	토게데마루	M2-061	トゲデマル	Common	Common	https://images.pokemontcg.io/me2/73.png		1	dex+hp+damage+illustrator+rarity
me2-74	Duraludon	두랄루돈	M2-062	ジュラルドン	Common	Common	https://images.pokemontcg.io/me2/74.png		1	dex+hp+damage+illustrator+rarity
me2-75	Archaludon	브리두라스	M2-063	ブリジュラス	Uncommon	Uncommon	https://images.pokemontcg.io/me2/75.png		1	dex+hp+damage+illustrator+rarity
me2-78	Aipom	에이팜	M2-066	エイパム	Common	Common	https://images.pokemontcg.io/me2/78.png		1	dex+hp+damage+illustrator+rarity
me2-79	Ambipom	겟핸보숭	M2-067	エテボース	Rare	Rare	https://images.pokemontcg.io/me2/79.png		1	dex+hp+damage+illustrator+rarity
me2-80	Smeargle	루브도	M2-068	ドーブル	Common	Common	https://images.pokemontcg.io/me2/80.png		1	dex+hp+damage+illustrator+rarity
me2-81	Zigzagoon	지그제구리	M2-069	ジグザグマ	Common	Common	https://images.pokemontcg.io/me2/81.png		1	dex+hp+damage+illustrator+rarity
me2-82	Linoone	직구리	M2-070	マッスグマ	Uncommon	Uncommon	https://images.pokemontcg.io/me2/82.png		1	dex+hp+damage+illustrator+rarity
me2-83	Buneary	이어롤	M2-071	ミミロル	Common	Common	https://images.pokemontcg.io/me2/83.png		1	dex+hp+damage+illustrator+rarity
me2-84	Mega Lopunny ex	메가이어롭 ex	M2-072	メガミミロップex	Double rare	Double Rare	https://images.pokemontcg.io/me2/84.png		1	dex+hp+damage+illustrator+rarity
me2-95	Ludicolo	로파파	M2-081	ルンパッパ	Illustration rare	Illustration Rare	https://images.pokemontcg.io/me2/95.png		1	dex+hp+damage+illustrator+rarity
me2-98	Piplup	팽도리	M2-085	ポッチャマ	Illustration rare	Illustration Rare	https://images.pokemontcg.io/me2/98.png		1	dex+hp+damage+illustrator+rarity
me2-99	Yamper	멍파치	M2-086	ワンパチ	Illustration rare	Illustration Rare	https://images.pokemontcg.io/me2/99.png		1	dex+hp+damage+illustrator+rarity
me2-100	Zacian	자시안	M2-087	ザシアン	Illustration rare	Illustration Rare	https://images.pokemontcg.io/me2/100.png		1	dex+hp+damage+illustrator+rarity
me2-101	Flygon	플라이곤	M2-088	フライゴン	Illustration rare	Illustration Rare	https://images.pokemontcg.io/me2/101.png		1	dex+hp+damage+illustrator+rarity
me2-103	Toxtricity	스트린더	M2-089	ストリンダー	Illustration rare	Illustration Rare	https://images.pokemontcg.io/me2/103.png		1	dex+hp+damage+illustrator+rarity
me2-104	Togedemaru	토게데마루	M2-090	トゲデマル	Illustration rare	Illustration Rare	https://images.pokemontcg.io/me2/104.png		1	dex+hp+damage+illustrator+rarity
me2-107	Ambipom	겟핸보숭	M2-092	エテボース	Illustration rare	Illustration Rare	https://images.pokemontcg.io/me2/107.png		1	dex+hp+damage+illustrator+rarity
me2-108	Mega Heracross ex	메가헤라크로스 ex	M2-093	メガヘラクロスex	Ultra Rare	Ultra Rare	https://images.pokemontcg.io/me2/108.png		1	dex+hp+damage+illustrator+rarity
me2-110	Oricorio ex	춤추새 ex	M2-095	オドリドリex	Ultra Rare	Ultra Rare	https://images.pokemontcg.io/me2/110.png		1	dex+hp+damage+illustrator+rarity
me2-111	Rotom ex	로토무 ex	M2-096	ロトムex	Ultra Rare	Ultra Rare	https://images.pokemontcg.io/me2/111.png		1	dex+hp+damage+illustrator+rarity
me2-112	Mismagius ex	무우마직 ex	M2-097	ムウマージex	Ultra Rare	Ultra Rare	https://images.pokemontcg.io/me2/112.png		1	dex+hp+damage+illustrator+rarity
me2-113	Mega Sharpedo ex	메가샤크니아 ex	M2-098	メガサメハダーex	Ultra Rare	Ultra Rare	https://images.pokemontcg.io/me2/113.png		1	dex+hp+damage+illustrator+rarity
me2-114	Empoleon ex	엠페르트 ex	M2-099	エンペルトex	Ultra Rare	Ultra Rare	https://images.pokemontcg.io/me2/114.png		1	dex+hp+damage+illustrator+rarity
me2-115	Mega Lopunny ex	메가이어롭 ex	M2-100	メガミミロップex	Ultra Rare	Ultra Rare	https://images.pokemontcg.io/me2/115.png		1	dex+hp+damage+illustrator+rarity
me2-126	Rotom ex	로토무 ex	M2-112	ロトムex	Special illustration rare	Special Illustration Rare	https://images.pokemontcg.io/me2/126.png		1	dex+hp+damage+illustrator+rarity
me2-127	Mega Sharpedo ex	메가샤크니아 ex	M2-113	メガサメハダーex	Special illustration rare	Special Illustration Rare	https://images.pokemontcg.io/me2/127.png		1	dex+hp+damage+illustrator+rarity
me2-128	Mega Lopunny ex	메가이어롭 ex	M2-114	メガミミロップex	Special illustration rare	Special Illustration Rare	https://images.pokemontcg.io/me2/128.png		1	dex+hp+damage+illustrator+rarity
rsv10pt5-1	Sewaddle	두르보	SV11W-001	クルミル	Common	Common	https://images.pokemontcg.io/rsv10pt5/1.png		1	dex+hp+damage+illustrator+rarity
rsv10pt5-2	Swadloon	두르쿤	SV11W-002	クルマユ	Common	Common	https://images.pokemontcg.io/rsv10pt5/2.png		1	dex+hp+damage+illustrator+rarity
rsv10pt5-4	Cottonee	소미안	SV11W-004	モンメン	Common	Common	https://images.pokemontcg.io/rsv10pt5/4.png		1	dex+hp+damage+illustrator+rarity
rsv10pt5-5	Whimsicott ex	엘풍 ex	SV11W-005	エルフーンex	Double rare	Double Rare	https://images.pokemontcg.io/rsv10pt5/5.png		1	dex+hp+damage+illustrator+rarity
rsv10pt5-6	Deerling	사철록	SV11W-006	シキジカ	Common	Common	https://images.pokemontcg.io/rsv10pt5/6.png		1	dex+hp+damage+illustrator+rarity
rsv10pt5-7	Sawsbuck	바라철록	SV11W-007	メブキジカ	Uncommon	Uncommon	https://images.pokemontcg.io/rsv10pt5/7.png		1	dex+hp+damage+illustrator+rarity
rsv10pt5-8	Shelmet	쪼마리	SV11W-008	チョボマキ	Common	Common	https://images.pokemontcg.io/rsv10pt5/8.png		1	dex+hp+damage+illustrator+rarity
rsv10pt5-9	Accelgor	어지리더	SV11W-009	アギルダー	Uncommon	Uncommon	https://images.pokemontcg.io/rsv10pt5/9.png		1	dex+hp+damage+illustrator+rarity
rsv10pt5-10	Virizion	비리디온	SV11W-010	ビリジオン	Rare	Rare	https://images.pokemontcg.io/rsv10pt5/10.png		1	dex+hp+damage+illustrator+rarity
rsv10pt5-11	Tepig	뚜꾸리	SV11W-011	ポカブ	Common	Common	https://images.pokemontcg.io/rsv10pt5/11.png		1	dex+hp+damage+illustrator+rarity
rsv10pt5-12	Pignite	차오꿀	SV11W-012	チャオブー	Common	Common	https://images.pokemontcg.io/rsv10pt5/12.png		1	dex+hp+damage+illustrator+rarity
rsv10pt5-13	Emboar	염무왕	SV11W-013	エンブオー	Rare	Rare	https://images.pokemontcg.io/rsv10pt5/13.png		1	dex+hp+damage+illustrator+rarity
rsv10pt5-14	Pansear	바오프	SV11W-014	バオップ	Common	Common	https://images.pokemontcg.io/rsv10pt5/14.png		1	dex+hp+damage+illustrator+rarity
rsv10pt5-15	Simisear	바오키	SV11W-015	バオッキー	Uncommon	Uncommon	https://images.pokemontcg.io/rsv10pt5/15.png		1	dex+hp+damage+illustrator+rarity
rsv10pt5-16	Litwick	불켜미	SV11B-015	ヒトモシ	Common	Common	https://images.pokemontcg.io/rsv10pt5/16.png		1	dex+hp+damage+illustrator+rarity
rsv10pt5-17	Lampent	램프라	SV11B-016	ランプラー	Common	Common	https://images.pokemontcg.io/rsv10pt5/17.png		1	dex+hp+damage+illustrator+rarity
rsv10pt5-18	Chandelure	샹델라	SV11B-017	シャンデラ	Rare	Rare	https://images.pokemontcg.io/rsv10pt5/18.png		1	dex+hp+damage+illustrator+rarity
rsv10pt5-19	Heatmor	앤티골	SV11W-016	クイタラン	Uncommon	Uncommon	https://images.pokemontcg.io/rsv10pt5/19.png		1	dex+hp+damage+illustrator+rarity
rsv10pt5-21	Oshawott	수댕이	SV11W-018	ミジュマル	Common	Common	https://images.pokemontcg.io/rsv10pt5/21.png		1	dex+hp+damage+illustrator+rarity
rsv10pt5-23	Samurott	대검귀	SV11W-020	ダイケンキ	Rare	Rare	https://images.pokemontcg.io/rsv10pt5/23.png		1	dex+hp+damage+illustrator+rarity
rsv10pt5-24	Basculin	배쓰나이	SV11W-021	バスラオ	Common	Common	https://images.pokemontcg.io/rsv10pt5/24.png		1	dex+hp+damage+illustrator+rarity
rsv10pt5-25	Ducklett	꼬지보리	SV11W-022	コアルヒー	Common	Common	https://images.pokemontcg.io/rsv10pt5/25.png		1	dex+hp+damage+illustrator+rarity
rsv10pt5-26	Swanna	스완나	SV11W-023	スワンナ	Uncommon	Uncommon	https://images.pokemontcg.io/rsv10pt5/26.png		1	dex+hp+damage+illustrator+rarity
rsv10pt5-27	Vanillite	바닐프티	SV11W-024	バニプッチ	Common	Common	https://images.pokemontcg.io/rsv10pt5/27.png		1	dex+hp+damage+illustrator+rarity
rsv10pt5-28	Vanillish	바닐리치	SV11W-025	バニリッチ	Common	Common	https://images.pokemontcg.io/rsv10pt5/28.png		1	dex+hp+damage+illustrator+rarity
rsv10pt5-30	Keldeo ex	케르디오 ex	SV11W-027	ケルディオex	Double rare	Double Rare	https://images.pokemontcg.io/rsv10pt5/30.png		1	dex+hp+damage+illustrator+rarity
rsv10pt5-31	Blitzle	줄뮤마	SV11W-028	シママ	Common	Common	https://images.pokemontcg.io/rsv10pt5/31.png		1	dex+hp+damage+illustrator+rarity
rsv10pt5-32	Zebstrika	제브라이카	SV11W-029	ゼブライカ	Uncommon	Uncommon	https://images.pokemontcg.io/rsv10pt5/32.png		1	dex+hp+damage+illustrator+rarity
rsv10pt5-33	Joltik	파쪼옥	SV11W-030	バチュル	Common	Common	https://images.pokemontcg.io/rsv10pt5/33.png		1	dex+hp+damage+illustrator+rarity
rsv10pt5-35	Stunfisk	메더	SV11W-032	マッギョ	Uncommon	Uncommon	https://images.pokemontcg.io/rsv10pt5/35.png		1	dex+hp+damage+illustrator+rarity
rsv10pt5-36	Woobat	또르박쥐	SV11W-033	コロモリ	Common	Common	https://images.pokemontcg.io/rsv10pt5/36.png		1	dex+hp+damage+illustrator+rarity
rsv10pt5-37	Swoobat	맘박쥐	SV11W-034	ココロモリ	Uncommon	Uncommon	https://images.pokemontcg.io/rsv10pt5/37.png		1	dex+hp+damage+illustrator+rarity
rsv10pt5-38	Sigilyph	심보러	SV11W-035	シンボラー	Uncommon	Uncommon	https://images.pokemontcg.io/rsv10pt5/38.png		1	dex+hp+damage+illustrator+rarity
rsv10pt5-39	Yamask	데스마스	SV11W-036	デスマス	Common	Common	https://images.pokemontcg.io/rsv10pt5/39.png		1	dex+hp+damage+illustrator+rarity
rsv10pt5-40	Cofagrigus	데스니칸	SV11W-037	デスカーン	Rare	Rare	https://images.pokemontcg.io/rsv10pt5/40.png		1	dex+hp+damage+illustrator+rarity
rsv10pt5-41	Gothita	고디탱	SV11W-038	ゴチム	Common	Common	https://images.pokemontcg.io/rsv10pt5/41.png		1	dex+hp+damage+illustrator+rarity
rsv10pt5-42	Gothorita	고디보미	SV11W-039	ゴチミル	Common	Common	https://images.pokemontcg.io/rsv10pt5/42.png		1	dex+hp+damage+illustrator+rarity
rsv10pt5-43	Gothitelle	고디모아젤	SV11W-040	ゴチルゼル	Rare	Rare	https://images.pokemontcg.io/rsv10pt5/43.png		1	dex+hp+damage+illustrator+rarity
rsv10pt5-44	Frillish	탱그릴	SV11W-041	プルリル	Common	Common	https://images.pokemontcg.io/rsv10pt5/44.png		1	dex+hp+damage+illustrator+rarity
rsv10pt5-45	Jellicent ex	탱탱겔 ex	SV11W-042	ブルンゲルex	Double rare	Double Rare	https://images.pokemontcg.io/rsv10pt5/45.png		1	dex+hp+damage+illustrator+rarity
rsv10pt5-46	Roggenrola	단굴	SV11W-043	ダンゴロ	Common	Common	https://images.pokemontcg.io/rsv10pt5/46.png		1	dex+hp+damage+illustrator+rarity
rsv10pt5-47	Boldore	암트르	SV11W-044	ガントル	Common	Common	https://images.pokemontcg.io/rsv10pt5/47.png		1	dex+hp+damage+illustrator+rarity
rsv10pt5-49	Sawk	타격귀	SV11W-046	ダゲキ	Uncommon	Uncommon	https://images.pokemontcg.io/rsv10pt5/49.png		1	dex+hp+damage+illustrator+rarity
rsv10pt5-50	Archen	아켄	SV11W-047	アーケン	Uncommon	Uncommon	https://images.pokemontcg.io/rsv10pt5/50.png		1	dex+hp+damage+illustrator+rarity
rsv10pt5-51	Archeops	아케오스	SV11W-048	アーケオス	Rare	Rare	https://images.pokemontcg.io/rsv10pt5/51.png		1	dex+hp+damage+illustrator+rarity
rsv10pt5-52	Mienfoo	비조푸	SV11W-049	コジョフー	Common	Common	https://images.pokemontcg.io/rsv10pt5/52.png		1	dex+hp+damage+illustrator+rarity
rsv10pt5-53	Mienshao	비조도	SV11W-050	コジョンド	Uncommon	Uncommon	https://images.pokemontcg.io/rsv10pt5/53.png		1	dex+hp+damage+illustrator+rarity
rsv10pt5-54	Terrakion	테라키온	SV11W-051	テラキオン	Rare	Rare	https://images.pokemontcg.io/rsv10pt5/54.png		1	dex+hp+damage+illustrator+rarity
rsv10pt5-55	Purrloin	쌔비냥	SV11W-052	チョロネコ	Common	Common	https://images.pokemontcg.io/rsv10pt5/55.png		1	dex+hp+damage+illustrator+rarity
rsv10pt5-56	Liepard	레파르다스	SV11W-053	レパルダス	Uncommon	Uncommon	https://images.pokemontcg.io/rsv10pt5/56.png		1	dex+hp+damage+illustrator+rarity
rsv10pt5-57	Scraggy	곤율랭	SV11W-054	ズルッグ	Common	Common	https://images.pokemontcg.io/rsv10pt5/57.png		1	dex+hp+damage+illustrator+rarity
rsv10pt5-59	Trubbish	깨봉이	SV11W-056	ヤブクロン	Common	Common	https://images.pokemontcg.io/rsv10pt5/59.png		1	dex+hp+damage+illustrator+rarity
rsv10pt5-60	Garbodor	더스트나	SV11W-057	ダストダス	Uncommon	Uncommon	https://images.pokemontcg.io/rsv10pt5/60.png		1	dex+hp+damage+illustrator+rarity
rsv10pt5-61	Zorua	조로아	SV11W-058	ゾロア	Common	Common	https://images.pokemontcg.io/rsv10pt5/61.png		1	dex+hp+damage+illustrator+rarity
rsv10pt5-63	Vullaby	벌차이	SV11B-063	バルチャイ	Common	Common	https://images.pokemontcg.io/rsv10pt5/63.png		1	dex+hp+damage+illustrator+rarity
rsv10pt5-64	Mandibuzz	버랜지나	SV11B-064	バルジーナ	Uncommon	Uncommon	https://images.pokemontcg.io/rsv10pt5/64.png		1	dex+hp+damage+illustrator+rarity
rsv10pt5-65	Deino	모노두	SV11W-060	モノズ	Common	Common	https://images.pokemontcg.io/rsv10pt5/65.png		1	dex+hp+damage+illustrator+rarity
rsv10pt5-67	Hydreigon ex	삼삼드래 ex	SV11W-062	サザンドラex	Double rare	Double Rare	https://images.pokemontcg.io/rsv10pt5/67.png		1	dex+hp+damage+illustrator+rarity
rsv10pt5-68	Ferroseed	철시드	SV11W-063	テッシード	Common	Common	https://images.pokemontcg.io/rsv10pt5/68.png		1	dex+hp+damage+illustrator+rarity
rsv10pt5-69	Ferrothorn	너트령	SV11W-064	ナットレイ	Uncommon	Uncommon	https://images.pokemontcg.io/rsv10pt5/69.png		1	dex+hp+damage+illustrator+rarity
rsv10pt5-70	Durant	아이앤트	SV11W-068	アイアント	Uncommon	Uncommon	https://images.pokemontcg.io/rsv10pt5/70.png		1	dex+hp+damage+illustrator+rarity
rsv10pt5-71	Druddigon	크리만	SV11W-069	クリムガン	Uncommon	Uncommon	https://images.pokemontcg.io/rsv10pt5/71.png		1	dex+hp+damage+illustrator+rarity
rsv10pt5-72	Patrat	보르쥐	SV11W-070	ミネズミ	Common	Common	https://images.pokemontcg.io/rsv10pt5/72.png		1	dex+hp+damage+illustrator+rarity
rsv10pt5-73	Watchog	보르그	SV11W-071	ミルホッグ	Uncommon	Uncommon	https://images.pokemontcg.io/rsv10pt5/73.png		1	dex+hp+damage+illustrator+rarity
rsv10pt5-74	Lillipup	요테리	SV11W-072	ヨーテリー	Common	Common	https://images.pokemontcg.io/rsv10pt5/74.png		1	dex+hp+damage+illustrator+rarity
rsv10pt5-75	Herdier	하데리어	SV11W-073	ハーデリア	Common	Common	https://images.pokemontcg.io/rsv10pt5/75.png		1	dex+hp+damage+illustrator+rarity
rsv10pt5-76	Stoutland	바랜드	SV11W-074	ムーランド	Uncommon	Uncommon	https://images.pokemontcg.io/rsv10pt5/76.png		1	dex+hp+damage+illustrator+rarity
rsv10pt5-77	Bouffalant ex	버프론 ex	SV11W-075	バッフロンex	Double rare	Double Rare	https://images.pokemontcg.io/rsv10pt5/77.png		1	dex+hp+damage+illustrator+rarity
rsv10pt5-78	Tornadus	토네로스	SV11W-078	トルネロス	Rare	Rare	https://images.pokemontcg.io/rsv10pt5/78.png		1	dex+hp+damage+illustrator+rarity
rsv10pt5-87	Sewaddle	두르보	SV11W-087	クルミル	Illustration rare	Illustration Rare	https://images.pokemontcg.io/rsv10pt5/87.png		1	dex+hp+damage+illustrator+rarity
rsv10pt5-88	Swadloon	두르쿤	SV11W-088	クルマユ	Illustration rare	Illustration Rare	https://images.pokemontcg.io/rsv10pt5/88.png		1	dex+hp+damage+illustrator+rarity
rsv10pt5-89	Leavanny	모아머	SV11W-089	ハハコモリ	Illustration rare	Illustration Rare	https://images.pokemontcg.io/rsv10pt5/89.png		1	dex+hp+damage+illustrator+rarity
rsv10pt5-90	Cottonee	소미안	SV11W-090	モンメン	Illustration rare	Illustration Rare	https://images.pokemontcg.io/rsv10pt5/90.png		1	dex+hp+damage+illustrator+rarity
rsv10pt5-91	Deerling	사철록	SV11W-091	シキジカ	Illustration rare	Illustration Rare	https://images.pokemontcg.io/rsv10pt5/91.png		1	dex+hp+damage+illustrator+rarity
rsv10pt5-92	Sawsbuck	바라철록	SV11W-092	メブキジカ	Illustration rare	Illustration Rare	https://images.pokemontcg.io/rsv10pt5/92.png		1	dex+hp+damage+illustrator+rarity
rsv10pt5-93	Shelmet	쪼마리	SV11W-093	チョボマキ	Illustration rare	Illustration Rare	https://images.pokemontcg.io/rsv10pt5/93.png		1	dex+hp+damage+illustrator+rarity
rsv10pt5-94	Accelgor	어지리더	SV11W-094	アギルダー	Illustration rare	Illustration Rare	https://images.pokemontcg.io/rsv10pt5/94.png		1	dex+hp+damage+illustrator+rarity
rsv10pt5-95	Virizion	비리디온	SV11W-095	ビリジオン	Illustration rare	Illustration Rare	https://images.pokemontcg.io/rsv10pt5/95.png		1	dex+hp+damage+illustrator+rarity
rsv10pt5-96	Tepig	뚜꾸리	SV11W-096	ポカブ	Illustration rare	Illustration Rare	https://images.pokemontcg.io/rsv10pt5/96.png		1	dex+hp+damage+illustrator+rarity
rsv10pt5-97	Pignite	차오꿀	SV11W-097	チャオブー	Illustration rare	Illustration Rare	https://images.pokemontcg.io/rsv10pt5/97.png		1	dex+hp+damage+illustrator+rarity
rsv10pt5-98	Emboar	염무왕	SV11W-098	エンブオー	Illustration rare	Illustration Rare	https://images.pokemontcg.io/rsv10pt5/98.png		1	dex+hp+damage+illustrator+rarity
rsv10pt5-99	Pansear	바오프	SV11W-099	バオップ	Illustration rare	Illustration Rare	https://images.pokemontcg.io/rsv10pt5/99.png		1	dex+hp+damage+illustrator+rarity
rsv10pt5-100	Simisear	바오키	SV11W-100	バオッキー	Illustration rare	Illustration Rare	https://images.pokemontcg.io/rsv10pt5/100.png		1	dex+hp+damage+illustrator+rarity
rsv10pt5-101	Litwick	불켜미	SV11B-100	ヒトモシ	Illustration rare	Illustration Rare	https://images.pokemontcg.io/rsv10pt5/101.png		1	dex+hp+damage+illustrator+rarity
rsv10pt5-102	Lampent	램프라	SV11B-101	ランプラー	Illustration rare	Illustration Rare	https://images.pokemontcg.io/rsv10pt5/102.png		1	dex+hp+damage+illustrator+rarity
rsv10pt5-103	Chandelure	샹델라	SV11B-102	シャンデラ	Illustration rare	Illustration Rare	https://images.pokemontcg.io/rsv10pt5/103.png		1	dex+hp+damage+illustrator+rarity
rsv10pt5-104	Heatmor	앤티골	SV11W-101	クイタラン	Illustration rare	Illustration Rare	https://images.pokemontcg.io/rsv10pt5/104.png		1	dex+hp+damage+illustrator+rarity
rsv10pt5-105	Oshawott	수댕이	SV11W-102	ミジュマル	Illustration rare	Illustration Rare	https://images.pokemontcg.io/rsv10pt5/105.png		1	dex+hp+damage+illustrator+rarity
rsv10pt5-107	Samurott	대검귀	SV11W-104	ダイケンキ	Illustration rare	Illustration Rare	https://images.pokemontcg.io/rsv10pt5/107.png		1	dex+hp+damage+illustrator+rarity
rsv10pt5-108	Basculin	배쓰나이	SV11W-105	バスラオ	Illustration rare	Illustration Rare	https://images.pokemontcg.io/rsv10pt5/108.png		1	dex+hp+damage+illustrator+rarity
rsv10pt5-109	Ducklett	꼬지보리	SV11W-106	コアルヒー	Illustration rare	Illustration Rare	https://images.pokemontcg.io/rsv10pt5/109.png		1	dex+hp+damage+illustrator+rarity
rsv10pt5-110	Swanna	스완나	SV11W-107	スワンナ	Illustration rare	Illustration Rare	https://images.pokemontcg.io/rsv10pt5/110.png		1	dex+hp+damage+illustrator+rarity
rsv10pt5-111	Vanillite	바닐프티	SV11W-108	バニプッチ	Illustration rare	Illustration Rare	https://images.pokemontcg.io/rsv10pt5/111.png		1	dex+hp+damage+illustrator+rarity
rsv10pt5-112	Vanillish	바닐리치	SV11W-109	バニリッチ	Illustration rare	Illustration Rare	https://images.pokemontcg.io/rsv10pt5/112.png		1	dex+hp+damage+illustrator+rarity
rsv10pt5-114	Blitzle	줄뮤마	SV11W-111	シママ	Illustration rare	Illustration Rare	https://images.pokemontcg.io/rsv10pt5/114.png		1	dex+hp+damage+illustrator+rarity
rsv10pt5-115	Zebstrika	제브라이카	SV11W-112	ゼブライカ	Illustration rare	Illustration Rare	https://images.pokemontcg.io/rsv10pt5/115.png		1	dex+hp+damage+illustrator+rarity
rsv10pt5-116	Joltik	파쪼옥	SV11W-113	バチュル	Illustration rare	Illustration Rare	https://images.pokemontcg.io/rsv10pt5/116.png		1	dex+hp+damage+illustrator+rarity
rsv10pt5-118	Stunfisk	메더	SV11W-115	マッギョ	Illustration rare	Illustration Rare	https://images.pokemontcg.io/rsv10pt5/118.png		1	dex+hp+damage+illustrator+rarity
rsv10pt5-119	Woobat	또르박쥐	SV11W-116	コロモリ	Illustration rare	Illustration Rare	https://images.pokemontcg.io/rsv10pt5/119.png		1	dex+hp+damage+illustrator+rarity
rsv10pt5-120	Swoobat	맘박쥐	SV11W-117	ココロモリ	Illustration rare	Illustration Rare	https://images.pokemontcg.io/rsv10pt5/120.png		1	dex+hp+damage+illustrator+rarity
rsv10pt5-121	Sigilyph	심보러	SV11W-118	シンボラー	Illustration rare	Illustration Rare	https://images.pokemontcg.io/rsv10pt5/121.png		1	dex+hp+damage+illustrator+rarity
rsv10pt5-122	Yamask	데스마스	SV11W-119	デスマス	Illustration rare	Illustration Rare	https://images.pokemontcg.io/rsv10pt5/122.png		1	dex+hp+damage+illustrator+rarity
rsv10pt5-123	Cofagrigus	데스니칸	SV11W-120	デスカーン	Illustration rare	Illustration Rare	https://images.pokemontcg.io/rsv10pt5/123.png		1	dex+hp+damage+illustrator+rarity
rsv10pt5-124	Gothita	고디탱	SV11W-121	ゴチム	Illustration rare	Illustration Rare	https://images.pokemontcg.io/rsv10pt5/124.png		1	dex+hp+damage+illustrator+rarity
rsv10pt5-125	Gothorita	고디보미	SV11W-122	ゴチミル	Illustration rare	Illustration Rare	https://images.pokemontcg.io/rsv10pt5/125.png		1	dex+hp+damage+illustrator+rarity
rsv10pt5-126	Frillish	탱그릴	SV11W-124	プルリル	Illustration rare	Illustration Rare	https://images.pokemontcg.io/rsv10pt5/126.png		1	dex+hp+damage+illustrator+rarity
rsv10pt5-127	Roggenrola	단굴	SV11W-125	ダンゴロ	Illustration rare	Illustration Rare	https://images.pokemontcg.io/rsv10pt5/127.png		1	dex+hp+damage+illustrator+rarity
rsv10pt5-128	Boldore	암트르	SV11W-126	ガントル	Illustration rare	Illustration Rare	https://images.pokemontcg.io/rsv10pt5/128.png		1	dex+hp+damage+illustrator+rarity
rsv10pt5-130	Sawk	타격귀	SV11W-128	ダゲキ	Illustration rare	Illustration Rare	https://images.pokemontcg.io/rsv10pt5/130.png		1	dex+hp+damage+illustrator+rarity
rsv10pt5-132	Archeops	아케오스	SV11W-130	アーケオス	Illustration rare	Illustration Rare	https://images.pokemontcg.io/rsv10pt5/132.png		1	dex+hp+damage+illustrator+rarity
rsv10pt5-133	Mienfoo	비조푸	SV11W-131	コジョフー	Illustration rare	Illustration Rare	https://images.pokemontcg.io/rsv10pt5/133.png		1	dex+hp+damage+illustrator+rarity
rsv10pt5-134	Mienshao	비조도	SV11W-132	コジョンド	Illustration rare	Illustration Rare	https://images.pokemontcg.io/rsv10pt5/134.png		1	dex+hp+damage+illustrator+rarity
rsv10pt5-135	Terrakion	테라키온	SV11W-133	テラキオン	Illustration rare	Illustration Rare	https://images.pokemontcg.io/rsv10pt5/135.png		1	dex+hp+damage+illustrator+rarity
rsv10pt5-136	Purrloin	쌔비냥	SV11W-134	チョロネコ	Illustration rare	Illustration Rare	https://images.pokemontcg.io/rsv10pt5/136.png		1	dex+hp+damage+illustrator+rarity
rsv10pt5-137	Liepard	레파르다스	SV11W-135	レパルダス	Illustration rare	Illustration Rare	https://images.pokemontcg.io/rsv10pt5/137.png		1	dex+hp+damage+illustrator+rarity
rsv10pt5-138	Scraggy	곤율랭	SV11W-136	ズルッグ	Illustration rare	Illustration Rare	https://images.pokemontcg.io/rsv10pt5/138.png		1	dex+hp+damage+illustrator+rarity
rsv10pt5-140	Trubbish	깨봉이	SV11W-138	ヤブクロン	Illustration rare	Illustration Rare	https://images.pokemontcg.io/rsv10pt5/140.png		1	dex+hp+damage+illustrator+rarity
rsv10pt5-141	Garbodor	더스트나	SV11W-139	ダストダス	Illustration rare	Illustration Rare	https://images.pokemontcg.io/rsv10pt5/141.png		1	dex+hp+damage+illustrator+rarity
rsv10pt5-142	Zorua	조로아	SV11W-140	ゾロア	Illustration rare	Illustration Rare	https://images.pokemontcg.io/rsv10pt5/142.png		1	dex+hp+damage+illustrator+rarity
rsv10pt5-144	Vullaby	벌차이	SV11B-144	バルチャイ	Illustration rare	Illustration Rare	https://images.pokemontcg.io/rsv10pt5/144.png		1	dex+hp+damage+illustrator+rarity
rsv10pt5-145	Mandibuzz	버랜지나	SV11B-145	バルジーナ	Illustration rare	Illustration Rare	https://images.pokemontcg.io/rsv10pt5/145.png		1	dex+hp+damage+illustrator+rarity
rsv10pt5-146	Deino	모노두	SV11W-142	モノズ	Illustration rare	Illustration Rare	https://images.pokemontcg.io/rsv10pt5/146.png		1	dex+hp+damage+illustrator+rarity
rsv10pt5-148	Ferroseed	철시드	SV11W-144	テッシード	Illustration rare	Illustration Rare	https://images.pokemontcg.io/rsv10pt5/148.png		1	dex+hp+damage+illustrator+rarity
rsv10pt5-149	Ferrothorn	너트령	SV11W-145	ナットレイ	Illustration rare	Illustration Rare	https://images.pokemontcg.io/rsv10pt5/149.png		1	dex+hp+damage+illustrator+rarity
rsv10pt5-150	Durant	아이앤트	SV11W-149	アイアント	Illustration rare	Illustration Rare	https://images.pokemontcg.io/rsv10pt5/150.png		1	dex+hp+damage+illustrator+rarity
rsv10pt5-151	Druddigon	크리만	SV11W-150	クリムガン	Illustration rare	Illustration Rare	https://images.pokemontcg.io/rsv10pt5/151.png		1	dex+hp+damage+illustrator+rarity
rsv10pt5-152	Patrat	보르쥐	SV11W-151	ミネズミ	Illustration rare	Illustration Rare	https://images.pokemontcg.io/rsv10pt5/152.png		1	dex+hp+damage+illustrator+rarity
rsv10pt5-153	Watchog	보르그	SV11W-152	ミルホッグ	Illustration rare	Illustration Rare	https://images.pokemontcg.io/rsv10pt5/153.png		1	dex+hp+damage+illustrator+rarity
rsv10pt5-154	Lillipup	요테리	SV11W-153	ヨーテリー	Illustration rare	Illustration Rare	https://images.pokemontcg.io/rsv10pt5/154.png		1	dex+hp+damage+illustrator+rarity
rsv10pt5-155	Herdier	하데리어	SV11W-154	ハーデリア	Illustration rare	Illustration Rare	https://images.pokemontcg.io/rsv10pt5/155.png		1	dex+hp+damage+illustrator+rarity
rsv10pt5-156	Stoutland	바랜드	SV11W-155	ムーランド	Illustration rare	Illustration Rare	https://images.pokemontcg.io/rsv10pt5/156.png		1	dex+hp+damage+illustrator+rarity
rsv10pt5-158	Reshiram ex	레시라무 ex	SV11W-160	レシラムex	Ultra Rare	Ultra Rare	https://images.pokemontcg.io/rsv10pt5/158.png		1	dex+hp+damage+illustrator+rarity
rsv10pt5-159	Keldeo ex	케르디오 ex	SV11W-161	ケルディオex	Ultra Rare	Ultra Rare	https://images.pokemontcg.io/rsv10pt5/159.png		1	dex+hp+damage+illustrator+rarity
rsv10pt5-160	Jellicent ex	탱탱겔 ex	SV11W-162	ブルンゲルex	Ultra Rare	Ultra Rare	https://images.pokemontcg.io/rsv10pt5/160.png		1	dex+hp+damage+illustrator+rarity
rsv10pt5-161	Hydreigon ex	삼삼드래 ex	SV11W-163	サザンドラex	Ultra Rare	Ultra Rare	https://images.pokemontcg.io/rsv10pt5/161.png		1	dex+hp+damage+illustrator+rarity
rsv10pt5-162	Bouffalant ex	버프론 ex	SV11W-164	バッフロンex	Ultra Rare	Ultra Rare	https://images.pokemontcg.io/rsv10pt5/162.png		1	dex+hp+damage+illustrator+rarity
rsv10pt5-166	Reshiram ex	레시라무 ex	SV11W-168	レシラムex	Special illustration rare	Special Illustration Rare	https://images.pokemontcg.io/rsv10pt5/166.png		1	dex+hp+damage+illustrator+rarity
rsv10pt5-167	Keldeo ex	케르디오 ex	SV11W-169	ケルディオex	Special illustration rare	Special Illustration Rare	https://images.pokemontcg.io/rsv10pt5/167.png		1	dex+hp+damage+illustrator+rarity
rsv10pt5-168	Jellicent ex	탱탱겔 ex	SV11W-170	ブルンゲルex	Special illustration rare	Special Illustration Rare	https://images.pokemontcg.io/rsv10pt5/168.png		1	dex+hp+damage+illustrator+rarity
rsv10pt5-169	Hydreigon ex	삼삼드래 ex	SV11W-171	サザンドラex	Special illustration rare	Special Illustration Rare	https://images.pokemontcg.io/rsv10pt5/169.png		1	dex+hp+damage+illustrator+rarity
rsv10pt5-170	Bouffalant ex	버프론 ex	SV11W-172	バッフロンex	Special illustration rare	Special Illustration Rare	https://images.pokemontcg.io/rsv10pt5/170.png		1	dex+hp+damage+illustrator+rarity
rsv10pt5-173	Reshiram ex	레시라무 ex	SV11W-174	レシラムex	Black White Rare	Black White Rare	https://images.pokemontcg.io/rsv10pt5/173.png		1	dex+hp+damage+illustrator+rarity
zsv10pt5-1	Snivy	주리비얀	SV11B-001	ツタージャ	Common	Common	https://images.pokemontcg.io/zsv10pt5/1.png		1	dex+hp+damage+illustrator+rarity
zsv10pt5-2	Servine	샤비	SV11B-002	ジャノビー	Common	Common	https://images.pokemontcg.io/zsv10pt5/2.png		1	dex+hp+damage+illustrator+rarity
zsv10pt5-3	Serperior ex	샤로다 ex	SV11B-003	ジャローダex	Double rare	Double Rare	https://images.pokemontcg.io/zsv10pt5/3.png		1	dex+hp+damage+illustrator+rarity
zsv10pt5-4	Pansage	야나프	SV11B-004	ヤナップ	Common	Common	https://images.pokemontcg.io/zsv10pt5/4.png		1	dex+hp+damage+illustrator+rarity
zsv10pt5-5	Simisage	야나키	SV11B-005	ヤナッキー	Uncommon	Uncommon	https://images.pokemontcg.io/zsv10pt5/5.png		1	dex+hp+damage+illustrator+rarity
zsv10pt5-6	Petilil	치릴리	SV11B-006	チュリネ	Common	Common	https://images.pokemontcg.io/zsv10pt5/6.png		1	dex+hp+damage+illustrator+rarity
zsv10pt5-7	Lilligant	드레디어	SV11B-007	ドレディア	Uncommon	Uncommon	https://images.pokemontcg.io/zsv10pt5/7.png		1	dex+hp+damage+illustrator+rarity
zsv10pt5-8	Maractus	마라카치	SV11B-008	マラカッチ	Common	Common	https://images.pokemontcg.io/zsv10pt5/8.png		1	dex+hp+damage+illustrator+rarity
zsv10pt5-9	Karrablast	딱정곤	SV11B-009	カブルモ	Common	Common	https://images.pokemontcg.io/zsv10pt5/9.png		1	dex+hp+damage+illustrator+rarity
zsv10pt5-10	Foongus	깜놀버슬	SV11B-010	タマゲタケ	Common	Common	https://images.pokemontcg.io/zsv10pt5/10.png		1	dex+hp+damage+illustrator+rarity
zsv10pt5-11	Amoonguss	뽀록나	SV11B-011	モロバレル	Uncommon	Uncommon	https://images.pokemontcg.io/zsv10pt5/11.png		1	dex+hp+damage+illustrator+rarity
zsv10pt5-12	Victini	비크티니	SV11B-012	ビクティニ	Rare	Rare	https://images.pokemontcg.io/zsv10pt5/12.png		1	dex+hp+damage+illustrator+rarity
zsv10pt5-13	Darumaka	달막화	SV11B-013	ダルマッカ	Common	Common	https://images.pokemontcg.io/zsv10pt5/13.png		1	dex+hp+damage+illustrator+rarity
zsv10pt5-14	Darmanitan	불비달마	SV11B-014	ヒヒダルマ	Uncommon	Uncommon	https://images.pokemontcg.io/zsv10pt5/14.png		1	dex+hp+damage+illustrator+rarity
zsv10pt5-15	Larvesta	활화르바	SV11B-018	メラルバ	Common	Common	https://images.pokemontcg.io/zsv10pt5/15.png		1	dex+hp+damage+illustrator+rarity
zsv10pt5-16	Volcarona	불카모스	SV11B-019	ウルガモス	Rare	Rare	https://images.pokemontcg.io/zsv10pt5/16.png		1	dex+hp+damage+illustrator+rarity
zsv10pt5-17	Panpour	앗차프	SV11B-020	ヒヤップ	Common	Common	https://images.pokemontcg.io/zsv10pt5/17.png		1	dex+hp+damage+illustrator+rarity
zsv10pt5-18	Simipour	앗차키	SV11B-021	ヒヤッキー	Uncommon	Uncommon	https://images.pokemontcg.io/zsv10pt5/18.png		1	dex+hp+damage+illustrator+rarity
zsv10pt5-23	Carracosta	늑골라	SV11B-026	アバゴーラ	Rare	Rare	https://images.pokemontcg.io/zsv10pt5/23.png		1	dex+hp+damage+illustrator+rarity
zsv10pt5-24	Alomomola	맘복치	SV11B-027	ママンボウ	Uncommon	Uncommon	https://images.pokemontcg.io/zsv10pt5/24.png		1	dex+hp+damage+illustrator+rarity
zsv10pt5-25	Cubchoo	코고미	SV11B-028	クマシュン	Common	Common	https://images.pokemontcg.io/zsv10pt5/25.png		1	dex+hp+damage+illustrator+rarity
zsv10pt5-27	Cryogonal	프리지오	SV11B-030	フリージオ	Uncommon	Uncommon	https://images.pokemontcg.io/zsv10pt5/27.png		1	dex+hp+damage+illustrator+rarity
zsv10pt5-28	Kyurem ex	큐레무 ex	SV11B-031	キュレムex	Double rare	Double Rare	https://images.pokemontcg.io/zsv10pt5/28.png		1	dex+hp+damage+illustrator+rarity
zsv10pt5-29	Emolga	에몽가	SV11B-032	エモンガ	Common	Common	https://images.pokemontcg.io/zsv10pt5/29.png		1	dex+hp+damage+illustrator+rarity
zsv10pt5-30	Tynamo	저리어	SV11B-033	シビシラス	Common	Common	https://images.pokemontcg.io/zsv10pt5/30.png		1	dex+hp+damage+illustrator+rarity
zsv10pt5-31	Eelektrik	저리릴	SV11B-034	シビビール	Uncommon	Uncommon	https://images.pokemontcg.io/zsv10pt5/31.png		1	dex+hp+damage+illustrator+rarity
zsv10pt5-33	Thundurus	볼트로스	SV11B-036	ボルトロス	Rare	Rare	https://images.pokemontcg.io/zsv10pt5/33.png		1	dex+hp+damage+illustrator+rarity
zsv10pt5-35	Munna	몽나	SV11B-038	ムンナ	Common	Common	https://images.pokemontcg.io/zsv10pt5/35.png		1	dex+hp+damage+illustrator+rarity
zsv10pt5-36	Musharna	몽얌나	SV11B-039	ムシャーナ	Uncommon	Uncommon	https://images.pokemontcg.io/zsv10pt5/36.png		1	dex+hp+damage+illustrator+rarity
zsv10pt5-37	Solosis	유니란	SV11B-040	ユニラン	Common	Common	https://images.pokemontcg.io/zsv10pt5/37.png		1	dex+hp+damage+illustrator+rarity
zsv10pt5-38	Duosion	듀란	SV11B-041	ダブラン	Common	Common	https://images.pokemontcg.io/zsv10pt5/38.png		1	dex+hp+damage+illustrator+rarity
zsv10pt5-39	Reuniclus	란쿨루스	SV11B-042	ランクルス	Uncommon	Uncommon	https://images.pokemontcg.io/zsv10pt5/39.png		1	dex+hp+damage+illustrator+rarity
zsv10pt5-40	Elgyem	리그레	SV11B-043	リグレー	Common	Common	https://images.pokemontcg.io/zsv10pt5/40.png		1	dex+hp+damage+illustrator+rarity
zsv10pt5-41	Beheeyem	벰크	SV11B-044	オーベム	Uncommon	Uncommon	https://images.pokemontcg.io/zsv10pt5/41.png		1	dex+hp+damage+illustrator+rarity
zsv10pt5-42	Golett	골비람	SV11B-045	ゴビット	Common	Common	https://images.pokemontcg.io/zsv10pt5/42.png		1	dex+hp+damage+illustrator+rarity
zsv10pt5-44	Meloetta ex	메로엣타 ex	SV11B-047	メロエッタex	Double rare	Double Rare	https://images.pokemontcg.io/zsv10pt5/44.png		1	dex+hp+damage+illustrator+rarity
zsv10pt5-45	Drilbur	두더류	SV11B-048	モグリュー	Common	Common	https://images.pokemontcg.io/zsv10pt5/45.png		1	dex+hp+damage+illustrator+rarity
zsv10pt5-46	Excadrill ex	몰드류 ex	SV11B-049	ドリュウズex	Double rare	Double Rare	https://images.pokemontcg.io/zsv10pt5/46.png		1	dex+hp+damage+illustrator+rarity
zsv10pt5-47	Timburr	으랏차	SV11B-050	ドッコラー	Common	Common	https://images.pokemontcg.io/zsv10pt5/47.png		1	dex+hp+damage+illustrator+rarity
zsv10pt5-48	Gurdurr	토쇠골	SV11B-051	ドテッコツ	Common	Common	https://images.pokemontcg.io/zsv10pt5/48.png		1	dex+hp+damage+illustrator+rarity
zsv10pt5-49	Conkeldurr	노보청	SV11B-052	ローブシン	Rare	Rare	https://images.pokemontcg.io/zsv10pt5/49.png		1	dex+hp+damage+illustrator+rarity
zsv10pt5-50	Throh	던지미	SV11B-053	ナゲキ	Uncommon	Uncommon	https://images.pokemontcg.io/zsv10pt5/50.png		1	dex+hp+damage+illustrator+rarity
zsv10pt5-52	Crustle	암팰리스	SV11B-055	イワパレス	Uncommon	Uncommon	https://images.pokemontcg.io/zsv10pt5/52.png		1	dex+hp+damage+illustrator+rarity
zsv10pt5-53	Landorus	랜드로스	SV11B-056	ランドロス	Rare	Rare	https://images.pokemontcg.io/zsv10pt5/53.png		1	dex+hp+damage+illustrator+rarity
zsv10pt5-54	Venipede	마디네	SV11B-057	フシデ	Common	Common	https://images.pokemontcg.io/zsv10pt5/54.png		1	dex+hp+damage+illustrator+rarity
zsv10pt5-55	Whirlipede	휠구	SV11B-058	ホイーガ	Common	Common	https://images.pokemontcg.io/zsv10pt5/55.png		1	dex+hp+damage+illustrator+rarity
zsv10pt5-56	Scolipede	펜드라	SV11B-059	ペンドラー	Uncommon	Uncommon	https://images.pokemontcg.io/zsv10pt5/56.png		1	dex+hp+damage+illustrator+rarity
zsv10pt5-57	Sandile	깜눈크	SV11B-060	メグロコ	Common	Common	https://images.pokemontcg.io/zsv10pt5/57.png		1	dex+hp+damage+illustrator+rarity
zsv10pt5-58	Krokorok	악비르	SV11B-061	ワルビル	Common	Common	https://images.pokemontcg.io/zsv10pt5/58.png		1	dex+hp+damage+illustrator+rarity
zsv10pt5-59	Krookodile	악비아르	SV11B-062	ワルビアル	Uncommon	Uncommon	https://images.pokemontcg.io/zsv10pt5/59.png		1	dex+hp+damage+illustrator+rarity
zsv10pt5-60	Escavalier	슈바르고	SV11B-065	シュバルゴ	Uncommon	Uncommon	https://images.pokemontcg.io/zsv10pt5/60.png		1	dex+hp+damage+illustrator+rarity
zsv10pt5-61	Klink	기어르	SV11W-065	ギアル	Common	Common	https://images.pokemontcg.io/zsv10pt5/61.png		1	dex+hp+damage+illustrator+rarity
zsv10pt5-62	Klang	기기어르	SV11W-066	ギギアル	Common	Common	https://images.pokemontcg.io/zsv10pt5/62.png		1	dex+hp+damage+illustrator+rarity
zsv10pt5-64	Pawniard	자망칼	SV11B-066	コマタナ	Common	Common	https://images.pokemontcg.io/zsv10pt5/64.png		1	dex+hp+damage+illustrator+rarity
zsv10pt5-65	Bisharp	절각참	SV11B-067	キリキザン	Uncommon	Uncommon	https://images.pokemontcg.io/zsv10pt5/65.png		1	dex+hp+damage+illustrator+rarity
zsv10pt5-66	Cobalion	코바르온	SV11B-068	コバルオン	Rare	Rare	https://images.pokemontcg.io/zsv10pt5/66.png		1	dex+hp+damage+illustrator+rarity
zsv10pt5-68	Axew	터검니	SV11B-070	キバゴ	Common	Common	https://images.pokemontcg.io/zsv10pt5/68.png		1	dex+hp+damage+illustrator+rarity
zsv10pt5-69	Fraxure	액슨도	SV11B-071	オノンド	Common	Common	https://images.pokemontcg.io/zsv10pt5/69.png		1	dex+hp+damage+illustrator+rarity
zsv10pt5-70	Haxorus	액스라이즈	SV11B-072	オノノクス	Rare	Rare	https://images.pokemontcg.io/zsv10pt5/70.png		1	dex+hp+damage+illustrator+rarity
zsv10pt5-71	Pidove	콩둘기	SV11B-073	マメパト	Common	Common	https://images.pokemontcg.io/zsv10pt5/71.png		1	dex+hp+damage+illustrator+rarity
zsv10pt5-72	Tranquill	유토브	SV11B-074	ハトーボー	Common	Common	https://images.pokemontcg.io/zsv10pt5/72.png		1	dex+hp+damage+illustrator+rarity
zsv10pt5-73	Unfezant	켄호로우	SV11B-075	ケンホロウ	Uncommon	Uncommon	https://images.pokemontcg.io/zsv10pt5/73.png		1	dex+hp+damage+illustrator+rarity
zsv10pt5-74	Audino	다부니	SV11B-076	タブンネ	Common	Common	https://images.pokemontcg.io/zsv10pt5/74.png		1	dex+hp+damage+illustrator+rarity
zsv10pt5-76	Cinccino	치라치노	SV11B-078	チラチーノ	Uncommon	Uncommon	https://images.pokemontcg.io/zsv10pt5/76.png		1	dex+hp+damage+illustrator+rarity
zsv10pt5-77	Rufflet	수리둥보	SV11W-076	ワシボン	Common	Common	https://images.pokemontcg.io/zsv10pt5/77.png		1	dex+hp+damage+illustrator+rarity
zsv10pt5-78	Braviary	워글	SV11W-077	ウォーグル	Uncommon	Uncommon	https://images.pokemontcg.io/zsv10pt5/78.png		1	dex+hp+damage+illustrator+rarity
zsv10pt5-87	Snivy	주리비얀	SV11B-087	ツタージャ	Illustration rare	Illustration Rare	https://images.pokemontcg.io/zsv10pt5/87.png		1	dex+hp+damage+illustrator+rarity
zsv10pt5-88	Servine	샤비	SV11B-088	ジャノビー	Illustration rare	Illustration Rare	https://images.pokemontcg.io/zsv10pt5/88.png		1	dex+hp+damage+illustrator+rarity
zsv10pt5-89	Pansage	야나프	SV11B-089	ヤナップ	Illustration rare	Illustration Rare	https://images.pokemontcg.io/zsv10pt5/89.png		1	dex+hp+damage+illustrator+rarity
zsv10pt5-90	Simisage	야나키	SV11B-090	ヤナッキー	Illustration rare	Illustration Rare	https://images.pokemontcg.io/zsv10pt5/90.png		1	dex+hp+damage+illustrator+rarity
zsv10pt5-91	Petilil	치릴리	SV11B-091	チュリネ	Illustration rare	Illustration Rare	https://images.pokemontcg.io/zsv10pt5/91.png		1	dex+hp+damage+illustrator+rarity
zsv10pt5-92	Lilligant	드레디어	SV11B-092	ドレディア	Illustration rare	Illustration Rare	https://images.pokemontcg.io/zsv10pt5/92.png		1	dex+hp+damage+illustrator+rarity
zsv10pt5-93	Maractus	마라카치	SV11B-093	マラカッチ	Illustration rare	Illustration Rare	https://images.pokemontcg.io/zsv10pt5/93.png		1	dex+hp+damage+illustrator+rarity
zsv10pt5-94	Karrablast	딱정곤	SV11B-094	カブルモ	Illustration rare	Illustration Rare	https://images.pokemontcg.io/zsv10pt5/94.png		1	dex+hp+damage+illustrator+rarity
zsv10pt5-95	Foongus	깜놀버슬	SV11B-095	タマゲタケ	Illustration rare	Illustration Rare	https://images.pokemontcg.io/zsv10pt5/95.png		1	dex+hp+damage+illustrator+rarity
zsv10pt5-96	Amoonguss	뽀록나	SV11B-096	モロバレル	Illustration rare	Illustration Rare	https://images.pokemontcg.io/zsv10pt5/96.png		1	dex+hp+damage+illustrator+rarity
zsv10pt5-97	Darumaka	달막화	SV11B-098	ダルマッカ	Illustration rare	Illustration Rare	https://images.pokemontcg.io/zsv10pt5/97.png		1	dex+hp+damage+illustrator+rarity
zsv10pt5-98	Darmanitan	불비달마	SV11B-099	ヒヒダルマ	Illustration rare	Illustration Rare	https://images.pokemontcg.io/zsv10pt5/98.png		1	dex+hp+damage+illustrator+rarity
zsv10pt5-99	Larvesta	활화르바	SV11B-103	メラルバ	Illustration rare	Illustration Rare	https://images.pokemontcg.io/zsv10pt5/99.png		1	dex+hp+damage+illustrator+rarity
zsv10pt5-100	Volcarona	불카모스	SV11B-104	ウルガモス	Illustration rare	Illustration Rare	https://images.pokemontcg.io/zsv10pt5/100.png		1	dex+hp+damage+illustrator+rarity
zsv10pt5-101	Panpour	앗차프	SV11B-105	ヒヤップ	Illustration rare	Illustration Rare	https://images.pokemontcg.io/zsv10pt5/101.png		1	dex+hp+damage+illustrator+rarity
zsv10pt5-102	Simipour	앗차키	SV11B-106	ヒヤッキー	Illustration rare	Illustration Rare	https://images.pokemontcg.io/zsv10pt5/102.png		1	dex+hp+damage+illustrator+rarity
zsv10pt5-107	Carracosta	늑골라	SV11B-111	アバゴーラ	Illustration rare	Illustration Rare	https://images.pokemontcg.io/zsv10pt5/107.png		1	dex+hp+damage+illustrator+rarity
zsv10pt5-108	Alomomola	맘복치	SV11B-112	ママンボウ	Illustration rare	Illustration Rare	https://images.pokemontcg.io/zsv10pt5/108.png		1	dex+hp+damage+illustrator+rarity
zsv10pt5-109	Cubchoo	코고미	SV11B-113	クマシュン	Illustration rare	Illustration Rare	https://images.pokemontcg.io/zsv10pt5/109.png		1	dex+hp+damage+illustrator+rarity
zsv10pt5-111	Cryogonal	프리지오	SV11B-115	フリージオ	Illustration rare	Illustration Rare	https://images.pokemontcg.io/zsv10pt5/111.png		1	dex+hp+damage+illustrator+rarity
zsv10pt5-112	Emolga	에몽가	SV11B-116	エモンガ	Illustration rare	Illustration Rare	https://images.pokemontcg.io/zsv10pt5/112.png		1	dex+hp+damage+illustrator+rarity
zsv10pt5-113	Tynamo	저리어	SV11B-117	シビシラス	Illustration rare	Illustration Rare	https://images.pokemontcg.io/zsv10pt5/113.png		1	dex+hp+damage+illustrator+rarity
zsv10pt5-114	Eelektrik	저리릴	SV11B-118	シビビール	Illustration rare	Illustration Rare	https://images.pokemontcg.io/zsv10pt5/114.png		1	dex+hp+damage+illustrator+rarity
zsv10pt5-116	Munna	몽나	SV11B-121	ムンナ	Illustration rare	Illustration Rare	https://images.pokemontcg.io/zsv10pt5/116.png		1	dex+hp+damage+illustrator+rarity
zsv10pt5-117	Musharna	몽얌나	SV11B-122	ムシャーナ	Illustration rare	Illustration Rare	https://images.pokemontcg.io/zsv10pt5/117.png		1	dex+hp+damage+illustrator+rarity
zsv10pt5-118	Solosis	유니란	SV11B-123	ユニラン	Illustration rare	Illustration Rare	https://images.pokemontcg.io/zsv10pt5/118.png		1	dex+hp+damage+illustrator+rarity
zsv10pt5-119	Duosion	듀란	SV11B-124	ダブラン	Illustration rare	Illustration Rare	https://images.pokemontcg.io/zsv10pt5/119.png		1	dex+hp+damage+illustrator+rarity
zsv10pt5-120	Elgyem	리그레	SV11B-126	リグレー	Illustration rare	Illustration Rare	https://images.pokemontcg.io/zsv10pt5/120.png		1	dex+hp+damage+illustrator+rarity
zsv10pt5-121	Beheeyem	벰크	SV11B-127	オーベム	Illustration rare	Illustration Rare	https://images.pokemontcg.io/zsv10pt5/121.png		1	dex+hp+damage+illustrator+rarity
zsv10pt5-122	Golett	골비람	SV11B-128	ゴビット	Illustration rare	Illustration Rare	https://images.pokemontcg.io/zsv10pt5/122.png		1	dex+hp+damage+illustrator+rarity
zsv10pt5-124	Drilbur	두더류	SV11B-130	モグリュー	Illustration rare	Illustration Rare	https://images.pokemontcg.io/zsv10pt5/124.png		1	dex+hp+damage+illustrator+rarity
zsv10pt5-125	Timburr	으랏차	SV11B-131	ドッコラー	Illustration rare	Illustration Rare	https://images.pokemontcg.io/zsv10pt5/125.png		1	dex+hp+damage+illustrator+rarity
zsv10pt5-126	Gurdurr	토쇠골	SV11B-132	ドテッコツ	Illustration rare	Illustration Rare	https://images.pokemontcg.io/zsv10pt5/126.png		1	dex+hp+damage+illustrator+rarity
zsv10pt5-127	Conkeldurr	노보청	SV11B-133	ローブシン	Illustration rare	Illustration Rare	https://images.pokemontcg.io/zsv10pt5/127.png		1	dex+hp+damage+illustrator+rarity
zsv10pt5-128	Throh	던지미	SV11B-134	ナゲキ	Illustration rare	Illustration Rare	https://images.pokemontcg.io/zsv10pt5/128.png		1	dex+hp+damage+illustrator+rarity
zsv10pt5-130	Crustle	암팰리스	SV11B-136	イワパレス	Illustration rare	Illustration Rare	https://images.pokemontcg.io/zsv10pt5/130.png		1	dex+hp+damage+illustrator+rarity
zsv10pt5-131	Landorus	랜드로스	SV11B-137	ランドロス	Illustration rare	Illustration Rare	https://images.pokemontcg.io/zsv10pt5/131.png		1	dex+hp+damage+illustrator+rarity
zsv10pt5-132	Venipede	마디네	SV11B-138	フシデ	Illustration rare	Illustration Rare	https://images.pokemontcg.io/zsv10pt5/132.png		1	dex+hp+damage+illustrator+rarity
zsv10pt5-133	Whirlipede	휠구	SV11B-139	ホイーガ	Illustration rare	Illustration Rare	https://images.pokemontcg.io/zsv10pt5/133.png		1	dex+hp+damage+illustrator+rarity
zsv10pt5-134	Scolipede	펜드라	SV11B-140	ペンドラー	Illustration rare	Illustration Rare	https://images.pokemontcg.io/zsv10pt5/134.png		1	dex+hp+damage+illustrator+rarity
zsv10pt5-135	Sandile	깜눈크	SV11B-141	メグロコ	Illustration rare	Illustration Rare	https://images.pokemontcg.io/zsv10pt5/135.png		1	dex+hp+damage+illustrator+rarity
zsv10pt5-136	Krokorok	악비르	SV11B-142	ワルビル	Illustration rare	Illustration Rare	https://images.pokemontcg.io/zsv10pt5/136.png		1	dex+hp+damage+illustrator+rarity
zsv10pt5-137	Krookodile	악비아르	SV11B-143	ワルビアル	Illustration rare	Illustration Rare	https://images.pokemontcg.io/zsv10pt5/137.png		1	dex+hp+damage+illustrator+rarity
zsv10pt5-138	Escavalier	슈바르고	SV11B-146	シュバルゴ	Illustration rare	Illustration Rare	https://images.pokemontcg.io/zsv10pt5/138.png		1	dex+hp+damage+illustrator+rarity
zsv10pt5-139	Klink	기어르	SV11W-146	ギアル	Illustration rare	Illustration Rare	https://images.pokemontcg.io/zsv10pt5/139.png		1	dex+hp+damage+illustrator+rarity
zsv10pt5-140	Klang	기기어르	SV11W-147	ギギアル	Illustration rare	Illustration Rare	https://images.pokemontcg.io/zsv10pt5/140.png		1	dex+hp+damage+illustrator+rarity
zsv10pt5-142	Pawniard	자망칼	SV11B-147	コマタナ	Illustration rare	Illustration Rare	https://images.pokemontcg.io/zsv10pt5/142.png		1	dex+hp+damage+illustrator+rarity
zsv10pt5-143	Bisharp	절각참	SV11B-148	キリキザン	Illustration rare	Illustration Rare	https://images.pokemontcg.io/zsv10pt5/143.png		1	dex+hp+damage+illustrator+rarity
zsv10pt5-144	Cobalion	코바르온	SV11B-149	コバルオン	Illustration rare	Illustration Rare	https://images.pokemontcg.io/zsv10pt5/144.png		1	dex+hp+damage+illustrator+rarity
zsv10pt5-145	Axew	터검니	SV11B-150	キバゴ	Illustration rare	Illustration Rare	https://images.pokemontcg.io/zsv10pt5/145.png		1	dex+hp+damage+illustrator+rarity
zsv10pt5-146	Fraxure	액슨도	SV11B-151	オノンド	Illustration rare	Illustration Rare	https://images.pokemontcg.io/zsv10pt5/146.png		1	dex+hp+damage+illustrator+rarity
zsv10pt5-147	Haxorus	액스라이즈	SV11B-152	オノノクス	Illustration rare	Illustration Rare	https://images.pokemontcg.io/zsv10pt5/147.png		1	dex+hp+damage+illustrator+rarity
zsv10pt5-148	Pidove	콩둘기	SV11B-153	マメパト	Illustration rare	Illustration Rare	https://images.pokemontcg.io/zsv10pt5/148.png		1	dex+hp+damage+illustrator+rarity
zsv10pt5-149	Tranquill	유토브	SV11B-154	ハトーボー	Illustration rare	Illustration Rare	https://images.pokemontcg.io/zsv10pt5/149.png		1	dex+hp+damage+illustrator+rarity
zsv10pt5-150	Unfezant	켄호로우	SV11B-155	ケンホロウ	Illustration rare	Illustration Rare	https://images.pokemontcg.io/zsv10pt5/150.png		1	dex+hp+damage+illustrator+rarity
zsv10pt5-151	Audino	다부니	SV11B-156	タブンネ	Illustration rare	Illustration Rare	https://images.pokemontcg.io/zsv10pt5/151.png		1	dex+hp+damage+illustrator+rarity
zsv10pt5-153	Cinccino	치라치노	SV11B-158	チラチーノ	Illustration rare	Illustration Rare	https://images.pokemontcg.io/zsv10pt5/153.png		1	dex+hp+damage+illustrator+rarity
zsv10pt5-154	Rufflet	수리둥보	SV11W-156	ワシボン	Illustration rare	Illustration Rare	https://images.pokemontcg.io/zsv10pt5/154.png		1	dex+hp+damage+illustrator+rarity
zsv10pt5-155	Braviary	워글	SV11W-157	ウォーグル	Illustration rare	Illustration Rare	https://images.pokemontcg.io/zsv10pt5/155.png		1	dex+hp+damage+illustrator+rarity
zsv10pt5-156	Serperior ex	샤로다 ex	SV11B-159	ジャローダex	Ultra Rare	Ultra Rare	https://images.pokemontcg.io/zsv10pt5/156.png		1	dex+hp+damage+illustrator+rarity
zsv10pt5-157	Kyurem ex	큐레무 ex	SV11B-160	キュレムex	Ultra Rare	Ultra Rare	https://images.pokemontcg.io/zsv10pt5/157.png		1	dex+hp+damage+illustrator+rarity
zsv10pt5-158	Zekrom ex	제크로무 ex	SV11B-161	ゼクロムex	Ultra Rare	Ultra Rare	https://images.pokemontcg.io/zsv10pt5/158.png		1	dex+hp+damage+illustrator+rarity
zsv10pt5-159	Meloetta ex	메로엣타 ex	SV11B-162	メロエッタex	Ultra Rare	Ultra Rare	https://images.pokemontcg.io/zsv10pt5/159.png		1	dex+hp+damage+illustrator+rarity
zsv10pt5-160	Excadrill ex	몰드류 ex	SV11B-163	ドリュウズex	Ultra Rare	Ultra Rare	https://images.pokemontcg.io/zsv10pt5/160.png		1	dex+hp+damage+illustrator+rarity
zsv10pt5-161	Genesect ex	게노세크트 ex	SV11B-164	ゲノセクトex	Ultra Rare	Ultra Rare	https://images.pokemontcg.io/zsv10pt5/161.png		1	dex+hp+damage+illustrator+rarity
zsv10pt5-164	Serperior ex	샤로다 ex	SV11B-167	ジャローダex	Special illustration rare	Special Illustration Rare	https://images.pokemontcg.io/zsv10pt5/164.png		1	dex+hp+damage+illustrator+rarity
zsv10pt5-165	Kyurem ex	큐레무 ex	SV11B-168	キュレムex	Special illustration rare	Special Illustration Rare	https://images.pokemontcg.io/zsv10pt5/165.png		1	dex+hp+damage+illustrator+rarity
zsv10pt5-166	Zekrom ex	제크로무 ex	SV11B-169	ゼクロムex	Special illustration rare	Special Illustration Rare	https://images.pokemontcg.io/zsv10pt5/166.png		1	dex+hp+damage+illustrator+rarity
zsv10pt5-167	Meloetta ex	메로엣타 ex	SV11B-170	メロエッタex	Special illustration rare	Special Illustration Rare	https://images.pokemontcg.io/zsv10pt5/167.png		1	dex+hp+damage+illustrator+rarity
zsv10pt5-168	Excadrill ex	몰드류 ex	SV11B-171	ドリュウズex	Special illustration rare	Special Illustration Rare	https://images.pokemontcg.io/zsv10pt5/168.png		1	dex+hp+damage+illustrator+rarity
zsv10pt5-169	Genesect ex	게노세크트 ex	SV11B-172	ゲノセクトex	Special illustration rare	Special Illustration Rare	https://images.pokemontcg.io/zsv10pt5/169.png		1	dex+hp+damage+illustrator+rarity
zsv10pt5-172	Zekrom ex	제크로무 ex	SV11B-174	ゼクロムex	Black White Rare	Black White Rare	https://images.pokemontcg.io/zsv10pt5/172.png		1	dex+hp+damage+illustrator+rarity
sv6pt5-1	Joltik	파쪼옥	SV6a-001	バチュル	Common	Common	https://images.pokemontcg.io/sv6pt5/1.png	https://assets.tcgdex.net/ja/SV/SV6a/001/low.webp	1	dex+hp+damage+illustrator+rarity
sv6pt5-2	Galvantula	전툴라	SV6a-002	デンチュラ	Uncommon	Uncommon	https://images.pokemontcg.io/sv6pt5/2.png	https://assets.tcgdex.net/ja/SV/SV6a/002/low.webp	1	dex+hp+damage+illustrator+rarity
sv6pt5-3	Rowlet	나몰빼미	SV6a-003	モクロー	Common	Common	https://images.pokemontcg.io/sv6pt5/3.png	https://assets.tcgdex.net/ja/SV/SV6a/003/low.webp	1	dex+hp+damage+illustrator+rarity
sv6pt5-4	Dartrix	빼미스로우	SV6a-004	フクスロー	Common	Common	https://images.pokemontcg.io/sv6pt5/4.png	https://assets.tcgdex.net/ja/SV/SV6a/004/low.webp	1	dex+hp+damage+illustrator+rarity
sv6pt5-5	Decidueye	모크나이퍼	SV6a-005	ジュナイパー	Uncommon	Uncommon	https://images.pokemontcg.io/sv6pt5/5.png	https://assets.tcgdex.net/ja/SV/SV6a/005/low.webp	1	dex+hp+damage+illustrator+rarity
sv6pt5-6	Tapu Bulu	카푸브루루	SV6a-006	カプ・ブルル	Rare	Rare	https://images.pokemontcg.io/sv6pt5/6.png	https://assets.tcgdex.net/ja/SV/SV6a/006/low.webp	1	dex+hp+damage+illustrator+rarity
sv6pt5-7	Houndour	델빌	SV6a-007	デルビル	Common	Common	https://images.pokemontcg.io/sv6pt5/7.png	https://assets.tcgdex.net/ja/SV/SV6a/007/low.webp	1	dex+hp+damage+illustrator+rarity
sv6pt5-8	Houndoom	헬가	SV6a-008	ヘルガー	Common	Common	https://images.pokemontcg.io/sv6pt5/8.png	https://assets.tcgdex.net/ja/SV/SV6a/008/low.webp	1	dex+hp+damage+illustrator+rarity
sv6pt5-9	Iron Moth	무쇠독나방	SV6a-009	テツノドクガ	Uncommon	Uncommon	https://images.pokemontcg.io/sv6pt5/9.png	https://assets.tcgdex.net/ja/SV/SV6a/009/low.webp	1	dex+hp+damage+illustrator+rarity
sv6pt5-10	Horsea	쏘드라	SV6a-010	タッツー	Common	Common	https://images.pokemontcg.io/sv6pt5/10.png	https://assets.tcgdex.net/ja/SV/SV6a/010/low.webp	1	dex+hp+damage+illustrator+rarity
sv6pt5-11	Seadra	시드라	SV6a-011	シードラ	Common	Common	https://images.pokemontcg.io/sv6pt5/11.png	https://assets.tcgdex.net/ja/SV/SV6a/011/low.webp	1	dex+hp+damage+illustrator+rarity
sv6pt5-12	Kingdra ex	킹드라 ex	SV6a-012	キングドラex	Double rare	Double Rare	https://images.pokemontcg.io/sv6pt5/12.png	https://assets.tcgdex.net/ja/SV/SV6a/012/low.webp	1	dex+hp+damage+illustrator+rarity
sv6pt5-13	Sneasel	포푸니	SV6a-013	ニューラ	Common	Common	https://images.pokemontcg.io/sv6pt5/13.png	https://assets.tcgdex.net/ja/SV/SV6a/013/low.webp	1	dex+hp+damage+illustrator+rarity
sv6pt5-14	Weavile	포푸니라	SV6a-014	マニューラ	Uncommon	Uncommon	https://images.pokemontcg.io/sv6pt5/14.png	https://assets.tcgdex.net/ja/SV/SV6a/014/low.webp	1	dex+hp+damage+illustrator+rarity
sv6pt5-15	Revavroom ex	부르르룸 ex	SV6a-015	ブロロロームex	Double rare	Double Rare	https://images.pokemontcg.io/sv6pt5/15.png	https://assets.tcgdex.net/ja/SV/SV6a/015/low.webp	1	dex+hp+damage+illustrator+rarity
sv6pt5-16	Drowzee	슬리프	SV6a-016	スリープ	Common	Common	https://images.pokemontcg.io/sv6pt5/16.png	https://assets.tcgdex.net/ja/SV/SV6a/016/low.webp	1	dex+hp+damage+illustrator+rarity
sv6pt5-17	Hypno	슬리퍼	SV6a-017	スリーパー	Uncommon	Uncommon	https://images.pokemontcg.io/sv6pt5/17.png	https://assets.tcgdex.net/ja/SV/SV6a/017/low.webp	1	dex+hp+damage+illustrator+rarity
sv6pt5-18	Duskull	해골몽	SV6a-018	ヨマワル	Common	Common	https://images.pokemontcg.io/sv6pt5/18.png	https://assets.tcgdex.net/ja/SV/SV6a/018/low.webp	1	dex+hp+damage+illustrator+rarity
sv6pt5-19	Dusclops	미라몽	SV6a-019	サマヨール	Common	Common	https://images.pokemontcg.io/sv6pt5/19.png	https://assets.tcgdex.net/ja/SV/SV6a/019/low.webp	1	dex+hp+damage+illustrator+rarity
sv6pt5-20	Dusknoir	야느와르몽	SV6a-020	ヨノワール	Rare	Rare	https://images.pokemontcg.io/sv6pt5/20.png	https://assets.tcgdex.net/ja/SV/SV6a/020/low.webp	1	dex+hp+damage+illustrator+rarity
sv6pt5-21	Cresselia	크레세리아	SV6a-021	クレセリア	Rare	Rare	https://images.pokemontcg.io/sv6pt5/21.png	https://assets.tcgdex.net/ja/SV/SV6a/021/low.webp	1	dex+hp+damage+illustrator+rarity
sv6pt5-22	Sylveon	님피아	SV6a-022	ニンフィア	Uncommon	Uncommon	https://images.pokemontcg.io/sv6pt5/22.png	https://assets.tcgdex.net/ja/SV/SV6a/022/low.webp	1	dex+hp+damage+illustrator+rarity
sv6pt5-23	Croagunk	삐딱구리	SV6a-023	グレッグル	Common	Common	https://images.pokemontcg.io/sv6pt5/23.png	https://assets.tcgdex.net/ja/SV/SV6a/023/low.webp	1	dex+hp+damage+illustrator+rarity
sv6pt5-24	Toxicroak	독개굴	SV6a-024	ドクロッグ	Common	Common	https://images.pokemontcg.io/sv6pt5/24.png	https://assets.tcgdex.net/ja/SV/SV6a/024/low.webp	1	dex+hp+damage+illustrator+rarity
sv6pt5-25	Bloodmoon Ursaluna	붉은달 다투곰	SV6a-025	ガチグマ アカツキ	Rare	Rare	https://images.pokemontcg.io/sv6pt5/25.png	https://assets.tcgdex.net/ja/SV/SV6a/025/low.webp	1	dex+hp+damage+illustrator+rarity
sv6pt5-26	Slither Wing	땅을기는날개	SV6a-026	チヲハウハネ	Uncommon	Uncommon	https://images.pokemontcg.io/sv6pt5/26.png	https://assets.tcgdex.net/ja/SV/SV6a/026/low.webp	1	dex+hp+damage+illustrator+rarity
sv6pt5-27	Zubat	주뱃	SV6a-027	ズバット	Common	Common	https://images.pokemontcg.io/sv6pt5/27.png	https://assets.tcgdex.net/ja/SV/SV6a/027/low.webp	1	dex+hp+damage+illustrator+rarity
sv6pt5-28	Golbat	골뱃	SV6a-028	ゴルバット	Common	Common	https://images.pokemontcg.io/sv6pt5/28.png	https://assets.tcgdex.net/ja/SV/SV6a/028/low.webp	1	dex+hp+damage+illustrator+rarity
sv6pt5-29	Crobat	크로뱃	SV6a-029	クロバット	Uncommon	Uncommon	https://images.pokemontcg.io/sv6pt5/29.png	https://assets.tcgdex.net/ja/SV/SV6a/029/low.webp	1	dex+hp+damage+illustrator+rarity
sv6pt5-30	Absol	앱솔	SV6a-030	アブソル	Common	Common	https://images.pokemontcg.io/sv6pt5/30.png	https://assets.tcgdex.net/ja/SV/SV6a/030/low.webp	1	dex+hp+damage+illustrator+rarity
sv6pt5-31	Zorua	조로아	SV6a-031	ゾロア	Common	Common	https://images.pokemontcg.io/sv6pt5/31.png	https://assets.tcgdex.net/ja/SV/SV6a/031/low.webp	1	dex+hp+damage+illustrator+rarity
sv6pt5-32	Zoroark	조로아크	SV6a-032	ゾロアーク	Rare	Rare	https://images.pokemontcg.io/sv6pt5/32.png	https://assets.tcgdex.net/ja/SV/SV6a/032/low.webp	1	dex+hp+damage+illustrator+rarity
sv6pt5-33	Inkay	오케이징	SV6a-033	マーイーカ	Common	Common	https://images.pokemontcg.io/sv6pt5/33.png	https://assets.tcgdex.net/ja/SV/SV6a/033/low.webp	1	dex+hp+damage+illustrator+rarity
sv6pt5-34	Malamar	칼라마네로	SV6a-034	カラマネロ	Uncommon	Uncommon	https://images.pokemontcg.io/sv6pt5/34.png	https://assets.tcgdex.net/ja/SV/SV6a/034/low.webp	1	dex+hp+damage+illustrator+rarity
sv6pt5-35	Yveltal	이벨타르	SV6a-035	イベルタル	Uncommon	Uncommon	https://images.pokemontcg.io/sv6pt5/35.png	https://assets.tcgdex.net/ja/SV/SV6a/035/low.webp	1	dex+hp+damage+illustrator+rarity
sv6pt5-36	Okidogi ex	조타구 ex	SV6a-036	イイネイヌex	Double rare	Double Rare	https://images.pokemontcg.io/sv6pt5/36.png	https://assets.tcgdex.net/ja/SV/SV6a/036/low.webp	1	dex+hp+damage+illustrator+rarity
sv6pt5-37	Munkidori ex	이야후 ex	SV6a-037	マシマシラex	Double rare	Double Rare	https://images.pokemontcg.io/sv6pt5/37.png	https://assets.tcgdex.net/ja/SV/SV6a/037/low.webp	1	dex+hp+damage+illustrator+rarity
sv6pt5-39	Pecharunt ex	복숭악동 ex	SV6a-039	モモワロウex	Double rare	Double Rare	https://images.pokemontcg.io/sv6pt5/39.png	https://assets.tcgdex.net/ja/SV/SV6a/039/low.webp	1	dex+hp+damage+illustrator+rarity
sv6pt5-40	Genesect	게노세크트	SV6a-040	ゲノセクト	Uncommon	Uncommon	https://images.pokemontcg.io/sv6pt5/40.png	https://assets.tcgdex.net/ja/SV/SV6a/040/low.webp	1	dex+hp+damage+illustrator+rarity
sv6pt5-41	Cufant	끼리동	SV6a-041	ゾウドウ	Common	Common	https://images.pokemontcg.io/sv6pt5/41.png	https://assets.tcgdex.net/ja/SV/SV6a/041/low.webp	1	dex+hp+damage+illustrator+rarity
sv6pt5-42	Copperajah	대왕끼리동	SV6a-042	ダイオウドウ	Rare	Rare	https://images.pokemontcg.io/sv6pt5/42.png	https://assets.tcgdex.net/ja/SV/SV6a/042/low.webp	1	dex+hp+damage+illustrator+rarity
sv6pt5-43	Varoom	부르롱	SV6a-043	ブロロン	Common	Common	https://images.pokemontcg.io/sv6pt5/43.png	https://assets.tcgdex.net/ja/SV/SV6a/043/low.webp	1	dex+hp+damage+illustrator+rarity
sv6pt5-44	Axew	터검니	SV6a-044	キバゴ	Common	Common	https://images.pokemontcg.io/sv6pt5/44.png	https://assets.tcgdex.net/ja/SV/SV6a/044/low.webp	1	dex+hp+damage+illustrator+rarity
sv6pt5-45	Fraxure	액슨도	SV6a-045	オノンド	Common	Common	https://images.pokemontcg.io/sv6pt5/45.png	https://assets.tcgdex.net/ja/SV/SV6a/045/low.webp	1	dex+hp+damage+illustrator+rarity
sv6pt5-46	Haxorus	액스라이즈	SV6a-046	オノノクス	Rare	Rare	https://images.pokemontcg.io/sv6pt5/46.png	https://assets.tcgdex.net/ja/SV/SV6a/046/low.webp	1	dex+hp+damage+illustrator+rarity
sv6pt5-47	Kyurem	큐레무	SV6a-047	キュレム	Uncommon	Uncommon	https://images.pokemontcg.io/sv6pt5/47.png	https://assets.tcgdex.net/ja/SV/SV6a/047/low.webp	1	dex+hp+damage+illustrator+rarity
sv6pt5-48	Meowth	나옹	SV6a-048	ニャース	Common	Common	https://images.pokemontcg.io/sv6pt5/48.png	https://assets.tcgdex.net/ja/SV/SV6a/048/low.webp	1	dex+hp+damage+illustrator+rarity
sv6pt5-49	Persian	페르시온	SV6a-049	ペルシアン	Common	Common	https://images.pokemontcg.io/sv6pt5/49.png	https://assets.tcgdex.net/ja/SV/SV6a/049/low.webp	1	dex+hp+damage+illustrator+rarity
sv6pt5-50	Eevee	이브이	SV6a-050	イーブイ	Common	Common	https://images.pokemontcg.io/sv6pt5/50.png	https://assets.tcgdex.net/ja/SV/SV6a/050/low.webp	1	dex+hp+damage+illustrator+rarity
sv6pt5-51	Furfrou	트리미앙	SV6a-051	トリミアン	Common	Common	https://images.pokemontcg.io/sv6pt5/51.png	https://assets.tcgdex.net/ja/SV/SV6a/051/low.webp	1	dex+hp+damage+illustrator+rarity
sv6pt5-52	Stufful	포곰곰	SV6a-052	ヌイコグマ	Common	Common	https://images.pokemontcg.io/sv6pt5/52.png	https://assets.tcgdex.net/ja/SV/SV6a/052/low.webp	1	dex+hp+damage+illustrator+rarity
sv6pt5-53	Bewear	이븐곰	SV6a-053	キテルグマ	Common	Common	https://images.pokemontcg.io/sv6pt5/53.png	https://assets.tcgdex.net/ja/SV/SV6a/053/low.webp	1	dex+hp+damage+illustrator+rarity
sv6pt5-65	Tapu Bulu	카푸브루루	SV6a-065	カプ・ブルル	Illustration rare	Illustration Rare	https://images.pokemontcg.io/sv6pt5/65.png	https://assets.tcgdex.net/ja/SV/SV6a/065/low.webp	1	dex+hp+damage+illustrator+rarity
sv6pt5-66	Houndoom	헬가	SV6a-066	ヘルガー	Illustration rare	Illustration Rare	https://images.pokemontcg.io/sv6pt5/66.png	https://assets.tcgdex.net/ja/SV/SV6a/066/low.webp	1	dex+hp+damage+illustrator+rarity
sv6pt5-67	Horsea	쏘드라	SV6a-067	タッツー	Illustration rare	Illustration Rare	https://images.pokemontcg.io/sv6pt5/67.png	https://assets.tcgdex.net/ja/SV/SV6a/067/low.webp	1	dex+hp+damage+illustrator+rarity
sv6pt5-68	Duskull	해골몽	SV6a-068	ヨマワル	Illustration rare	Illustration Rare	https://images.pokemontcg.io/sv6pt5/68.png	https://assets.tcgdex.net/ja/SV/SV6a/068/low.webp	1	dex+hp+damage+illustrator+rarity
sv6pt5-69	Dusclops	미라몽	SV6a-069	サマヨール	Illustration rare	Illustration Rare	https://images.pokemontcg.io/sv6pt5/69.png	https://assets.tcgdex.net/ja/SV/SV6a/069/low.webp	1	dex+hp+damage+illustrator+rarity
sv6pt5-70	Dusknoir	야느와르몽	SV6a-070	ヨノワール	Illustration rare	Illustration Rare	https://images.pokemontcg.io/sv6pt5/70.png	https://assets.tcgdex.net/ja/SV/SV6a/070/low.webp	1	dex+hp+damage+illustrator+rarity
sv6pt5-71	Cresselia	크레세리아	SV6a-071	クレセリア	Illustration rare	Illustration Rare	https://images.pokemontcg.io/sv6pt5/71.png	https://assets.tcgdex.net/ja/SV/SV6a/071/low.webp	1	dex+hp+damage+illustrator+rarity
sv6pt5-72	Munkidori	이야후	SV6-107	マシマシラ	Illustration rare	Illustration Rare	https://images.pokemontcg.io/sv6pt5/72.png	https://assets.tcgdex.net/ja/SV/SV6/107/low.webp	1	dex+hp+damage+illustrator+rarity
sv6pt5-73	Fezandipiti	기로치	SV6-108	キチキギス	Illustration rare	Illustration Rare	https://images.pokemontcg.io/sv6pt5/73.png	https://assets.tcgdex.net/ja/SV/SV6/108/low.webp	1	dex+hp+damage+illustrator+rarity
sv6pt5-74	Okidogi	조타구	SV6-110	イイネイヌ	Illustration rare	Illustration Rare	https://images.pokemontcg.io/sv6pt5/74.png	https://assets.tcgdex.net/ja/SV/SV6/110/low.webp	1	dex+hp+damage+illustrator+rarity
sv6pt5-75	Zorua	조로아	SV6a-072	ゾロア	Illustration rare	Illustration Rare	https://images.pokemontcg.io/sv6pt5/75.png	https://assets.tcgdex.net/ja/SV/SV6a/072/low.webp	1	dex+hp+damage+illustrator+rarity
sv6pt5-76	Cufant	끼리동	SV6a-073	ゾウドウ	Illustration rare	Illustration Rare	https://images.pokemontcg.io/sv6pt5/76.png	https://assets.tcgdex.net/ja/SV/SV6a/073/low.webp	1	dex+hp+damage+illustrator+rarity
sv6pt5-77	Fraxure	액슨도	SV6a-074	オノンド	Illustration rare	Illustration Rare	https://images.pokemontcg.io/sv6pt5/77.png	https://assets.tcgdex.net/ja/SV/SV6a/074/low.webp	1	dex+hp+damage+illustrator+rarity
sv6pt5-78	Persian	페르시온	SV6a-075	ペルシアン	Illustration rare	Illustration Rare	https://images.pokemontcg.io/sv6pt5/78.png	https://assets.tcgdex.net/ja/SV/SV6a/075/low.webp	1	dex+hp+damage+illustrator+rarity
sv6pt5-79	Bewear	이븐곰	SV6a-076	キテルグマ	Illustration rare	Illustration Rare	https://images.pokemontcg.io/sv6pt5/79.png	https://assets.tcgdex.net/ja/SV/SV6a/076/low.webp	1	dex+hp+damage+illustrator+rarity
sv6pt5-80	Kingdra ex	킹드라 ex	SV6a-077	キングドラex	Ultra Rare	Ultra Rare	https://images.pokemontcg.io/sv6pt5/80.png	https://assets.tcgdex.net/ja/SV/SV6a/077/low.webp	1	dex+hp+damage+illustrator+rarity
sv6pt5-81	Revavroom ex	부르르룸 ex	SV6a-078	ブロロロームex	Ultra Rare	Ultra Rare	https://images.pokemontcg.io/sv6pt5/81.png	https://assets.tcgdex.net/ja/SV/SV6a/078/low.webp	1	dex+hp+damage+illustrator+rarity
sv6pt5-82	Okidogi ex	조타구 ex	SV6a-079	イイネイヌex	Ultra Rare	Ultra Rare	https://images.pokemontcg.io/sv6pt5/82.png	https://assets.tcgdex.net/ja/SV/SV6a/079/low.webp	1	dex+hp+damage+illustrator+rarity
sv6pt5-83	Munkidori ex	이야후 ex	SV6a-080	マシマシラex	Ultra Rare	Ultra Rare	https://images.pokemontcg.io/sv6pt5/83.png	https://assets.tcgdex.net/ja/SV/SV6a/080/low.webp	1	dex+hp+damage+illustrator+rarity
sv6pt5-84	Fezandipiti ex	기로치 ex	SV6a-081	キチキギスex	Ultra Rare	Ultra Rare	https://images.pokemontcg.io/sv6pt5/84.png	https://assets.tcgdex.net/ja/SV/SV6a/081/low.webp	1	dex+hp+damage+illustrator+rarity
sv6pt5-85	Pecharunt ex	복숭악동 ex	SV6a-082	モモワロウex	Ultra Rare	Ultra Rare	https://images.pokemontcg.io/sv6pt5/85.png	https://assets.tcgdex.net/ja/SV/SV6a/082/low.webp	1	dex+hp+damage+illustrator+rarity
sv6pt5-90	Okidogi ex	조타구 ex	SV6a-087	イイネイヌex	Special illustration rare	Special Illustration Rare	https://images.pokemontcg.io/sv6pt5/90.png	https://assets.tcgdex.net/ja/SV/SV6a/087/low.webp	1	dex+hp+damage+illustrator+rarity
sv6pt5-91	Munkidori ex	이야후 ex	SV6a-088	マシマシラex	Special illustration rare	Special Illustration Rare	https://images.pokemontcg.io/sv6pt5/91.png	https://assets.tcgdex.net/ja/SV/SV6a/088/low.webp	1	dex+hp+damage+illustrator+rarity
sv6pt5-92	Fezandipiti ex	기로치 ex	SV6a-089	キチキギスex	Special illustration rare	Special Illustration Rare	https://images.pokemontcg.io/sv6pt5/92.png	https://assets.tcgdex.net/ja/SV/SV6a/089/low.webp	1	dex+hp+damage+illustrator+rarity
sv6pt5-93	Pecharunt ex	복숭악동 ex	SV6a-090	モモワロウex	Special illustration rare	Special Illustration Rare	https://images.pokemontcg.io/sv6pt5/93.png	https://assets.tcgdex.net/ja/SV/SV6a/090/low.webp	1	dex+hp+damage+illustrator+rarity
sv6-1	Tangela	덩쿠리	SV5a-001	モンジャラ	Common	Common	https://images.pokemontcg.io/sv6/1.png	https://assets.tcgdex.net/ja/SV/SV5a/001/low.webp	1	dex+hp+damage+illustrator+rarity
sv6-2	Tangrowth	덩쿠림보	SV5a-002	モジャンボ	Common	Common	https://images.pokemontcg.io/sv6/2.png	https://assets.tcgdex.net/ja/SV/SV5a/002/low.webp	1	dex+hp+damage+illustrator+rarity
sv6-3	Pinsir	쁘사이저	SV5a-003	カイロス	Common	Common	https://images.pokemontcg.io/sv6/3.png	https://assets.tcgdex.net/ja/SV/SV5a/003/low.webp	1	dex+hp+damage+illustrator+rarity
sv6-4	Spinarak	페이검	SV5a-004	イトマル	Common	Common	https://images.pokemontcg.io/sv6/4.png	https://assets.tcgdex.net/ja/SV/SV5a/004/low.webp	1	dex+hp+damage+illustrator+rarity
sv6-5	Ariados	아리아도스	SV5a-005	アリアドス	Uncommon	Uncommon	https://images.pokemontcg.io/sv6/5.png	https://assets.tcgdex.net/ja/SV/SV5a/005/low.webp	1	dex+hp+damage+illustrator+rarity
sv6-6	Sunkern	해너츠	SV6-001	ヒマナッツ	Common	Common	https://images.pokemontcg.io/sv6/6.png	https://assets.tcgdex.net/ja/SV/SV6/001/low.webp	1	dex+hp+damage+illustrator+rarity
sv6-7	Sunflora	해루미	SV6-002	キマワリ	Uncommon	Uncommon	https://images.pokemontcg.io/sv6/7.png	https://assets.tcgdex.net/ja/SV/SV6/002/low.webp	1	dex+hp+damage+illustrator+rarity
sv6-8	Heracross	헤라크로스	SV6-003	ヘラクロス	Uncommon	Uncommon	https://images.pokemontcg.io/sv6/8.png	https://assets.tcgdex.net/ja/SV/SV6/003/low.webp	1	dex+hp+damage+illustrator+rarity
sv6-9	Volbeat	볼비트	SV6-004	バルビート	Common	Common	https://images.pokemontcg.io/sv6/9.png	https://assets.tcgdex.net/ja/SV/SV6/004/low.webp	1	dex+hp+damage+illustrator+rarity
sv6-10	Illumise	네오비트	SV6-005	イルミーゼ	Common	Common	https://images.pokemontcg.io/sv6/10.png	https://assets.tcgdex.net/ja/SV/SV6/005/low.webp	1	dex+hp+damage+illustrator+rarity
sv6-11	Leafeon	리피아	SV5a-006	リーフィア	Uncommon	Uncommon	https://images.pokemontcg.io/sv6/11.png	https://assets.tcgdex.net/ja/SV/SV5a/006/low.webp	1	dex+hp+damage+illustrator+rarity
sv6-12	Phantump	나목령	SV6-006	ボクレー	Common	Common	https://images.pokemontcg.io/sv6/12.png	https://assets.tcgdex.net/ja/SV/SV6/006/low.webp	1	dex+hp+damage+illustrator+rarity
sv6-13	Trevenant	대로트	SV6-007	オーロット	Common	Common	https://images.pokemontcg.io/sv6/13.png	https://assets.tcgdex.net/ja/SV/SV6/007/low.webp	1	dex+hp+damage+illustrator+rarity
sv6-14	Grookey	흥나숭	SV6-008	サルノリ	Common	Common	https://images.pokemontcg.io/sv6/14.png	https://assets.tcgdex.net/ja/SV/SV6/008/low.webp	1	dex+hp+damage+illustrator+rarity
sv6-15	Thwackey	채키몽	SV6-009	バチンキー	Common	Common	https://images.pokemontcg.io/sv6/15.png	https://assets.tcgdex.net/ja/SV/SV6/009/low.webp	1	dex+hp+damage+illustrator+rarity
sv6-16	Rillaboom	고릴타	SV6-010	ゴリランダー	Uncommon	Uncommon	https://images.pokemontcg.io/sv6/16.png	https://assets.tcgdex.net/ja/SV/SV6/010/low.webp	1	dex+hp+damage+illustrator+rarity
sv6-17	Applin	과사삭벌레	SV6-011	カジッチュ	Common	Common	https://images.pokemontcg.io/sv6/17.png	https://assets.tcgdex.net/ja/SV/SV6/011/low.webp	1	dex+hp+damage+illustrator+rarity
sv6-18	Dipplin	과미르	SV6-012	カミッチュ	Uncommon	Uncommon	https://images.pokemontcg.io/sv6/18.png	https://assets.tcgdex.net/ja/SV/SV6/012/low.webp	1	dex+hp+damage+illustrator+rarity
sv6-19	Iron Leaves	무쇠잎새	SV5a-007	テツノイサハ	Rare	Rare	https://images.pokemontcg.io/sv6/19.png	https://assets.tcgdex.net/ja/SV/SV5a/007/low.webp	1	dex+hp+damage+illustrator+rarity
sv6-20	Poltchageist	차데스	SV5a-008	チャデス	Common	Common	https://images.pokemontcg.io/sv6/20.png	https://assets.tcgdex.net/ja/SV/SV5a/008/low.webp	1	dex+hp+damage+illustrator+rarity
sv6-21	Poltchageist	차데스	SV6-013	チャデス	Common	Common	https://images.pokemontcg.io/sv6/21.png	https://assets.tcgdex.net/ja/SV/SV6/013/low.webp	1	dex+hp+damage+illustrator+rarity
sv6-22	Sinistcha	그우린차	SV6-014	ヤバソチャ	Rare	Rare	https://images.pokemontcg.io/sv6/22.png	https://assets.tcgdex.net/ja/SV/SV6/014/low.webp	1	dex+hp+damage+illustrator+rarity
sv6-24	Teal Mask Ogerpon	오거폰 벽록의 가면	SV6-015	オーガポン みどりのめん	Rare	Rare	https://images.pokemontcg.io/sv6/24.png	https://assets.tcgdex.net/ja/SV/SV6/015/low.webp	1	dex+hp+damage+illustrator+rarity
sv6-26	Vulpix	식스테일	SV5a-010	ロコン	Common	Common	https://images.pokemontcg.io/sv6/26.png	https://assets.tcgdex.net/ja/SV/SV5a/010/low.webp	1	dex+hp+damage+illustrator+rarity
sv6-27	Ninetales	나인테일	SV5a-011	キュウコン	Common	Common	https://images.pokemontcg.io/sv6/27.png	https://assets.tcgdex.net/ja/SV/SV5a/011/low.webp	1	dex+hp+damage+illustrator+rarity
sv6-28	Slugma	마그마그	SV5a-012	マグマッグ	Common	Common	https://images.pokemontcg.io/sv6/28.png	https://assets.tcgdex.net/ja/SV/SV5a/012/low.webp	1	dex+hp+damage+illustrator+rarity
sv6-30	Torkoal	코터스	SV5a-014	コータス	Common	Common	https://images.pokemontcg.io/sv6/30.png	https://assets.tcgdex.net/ja/SV/SV5a/014/low.webp	1	dex+hp+damage+illustrator+rarity
sv6-31	Chimchar	불꽃숭이	SV5a-015	ヒコザル	Common	Common	https://images.pokemontcg.io/sv6/31.png	https://assets.tcgdex.net/ja/SV/SV5a/015/low.webp	1	dex+hp+damage+illustrator+rarity
sv6-32	Monferno	파이숭이	SV5a-016	モウカザル	Common	Common	https://images.pokemontcg.io/sv6/32.png	https://assets.tcgdex.net/ja/SV/SV5a/016/low.webp	1	dex+hp+damage+illustrator+rarity
sv6-33	Infernape	초염몽	SV5a-017	ゴウカザル	Rare	Rare	https://images.pokemontcg.io/sv6/33.png	https://assets.tcgdex.net/ja/SV/SV5a/017/low.webp	1	dex+hp+damage+illustrator+rarity
sv6-34	Darumaka	달막화	SV6-017	ダルマッカ	Common	Common	https://images.pokemontcg.io/sv6/34.png	https://assets.tcgdex.net/ja/SV/SV6/017/low.webp	1	dex+hp+damage+illustrator+rarity
sv6-35	Darmanitan	불비달마	SV6-018	ヒヒダルマ	Uncommon	Uncommon	https://images.pokemontcg.io/sv6/35.png	https://assets.tcgdex.net/ja/SV/SV6/018/low.webp	1	dex+hp+damage+illustrator+rarity
sv6-36	Litwick	불켜미	SV6-019	ヒトモシ	Common	Common	https://images.pokemontcg.io/sv6/36.png	https://assets.tcgdex.net/ja/SV/SV6/019/low.webp	1	dex+hp+damage+illustrator+rarity
sv6-37	Lampent	램프라	SV6-020	ランプラー	Common	Common	https://images.pokemontcg.io/sv6/37.png	https://assets.tcgdex.net/ja/SV/SV6/020/low.webp	1	dex+hp+damage+illustrator+rarity
sv6-38	Chandelure	샹델라	SV6-021	シャンデラ	Rare	Rare	https://images.pokemontcg.io/sv6/38.png	https://assets.tcgdex.net/ja/SV/SV6/021/low.webp	1	dex+hp+damage+illustrator+rarity
sv6-39	Chi-Yu	위유이	SV5a-018	イーユイ	Uncommon	Uncommon	https://images.pokemontcg.io/sv6/39.png	https://assets.tcgdex.net/ja/SV/SV5a/018/low.webp	1	dex+hp+damage+illustrator+rarity
sv6-40	Hearthflame Mask Ogerpon ex	오거폰 화덕의 가면 ex	SV6-022	オーガポン かまどのめんex	Double rare	Double Rare	https://images.pokemontcg.io/sv6/40.png	https://assets.tcgdex.net/ja/SV/SV6/022/low.webp	1	dex+hp+damage+illustrator+rarity
sv6-41	Poliwag	발챙이	SV6-023	ニョロモ	Common	Common	https://images.pokemontcg.io/sv6/41.png	https://assets.tcgdex.net/ja/SV/SV6/023/low.webp	1	dex+hp+damage+illustrator+rarity
sv6-42	Poliwhirl	슈륙챙이	SV6-024	ニョロゾ	Common	Common	https://images.pokemontcg.io/sv6/42.png	https://assets.tcgdex.net/ja/SV/SV6/024/low.webp	1	dex+hp+damage+illustrator+rarity
sv6-43	Poliwrath	강챙이	SV6-025	ニョロボン	Uncommon	Uncommon	https://images.pokemontcg.io/sv6/43.png	https://assets.tcgdex.net/ja/SV/SV6/025/low.webp	1	dex+hp+damage+illustrator+rarity
sv6-44	Goldeen	콘치	SV6-026	トサキント	Common	Common	https://images.pokemontcg.io/sv6/44.png	https://assets.tcgdex.net/ja/SV/SV6/026/low.webp	1	dex+hp+damage+illustrator+rarity
sv6-45	Seaking	왕콘치	SV6-027	アズマオウ	Common	Common	https://images.pokemontcg.io/sv6/45.png	https://assets.tcgdex.net/ja/SV/SV6/027/low.webp	1	dex+hp+damage+illustrator+rarity
sv6-46	Jynx	루주라	SV6-028	ルージュラ	Common	Common	https://images.pokemontcg.io/sv6/46.png	https://assets.tcgdex.net/ja/SV/SV6/028/low.webp	1	dex+hp+damage+illustrator+rarity
sv6-47	Corphish	가재군	SV5a-019	ヘイガニ	Common	Common	https://images.pokemontcg.io/sv6/47.png	https://assets.tcgdex.net/ja/SV/SV5a/019/low.webp	1	dex+hp+damage+illustrator+rarity
sv6-48	Crawdaunt	가재장군	SV5a-020	シザリガー	Common	Common	https://images.pokemontcg.io/sv6/48.png	https://assets.tcgdex.net/ja/SV/SV5a/020/low.webp	1	dex+hp+damage+illustrator+rarity
sv6-49	Feebas	빈티나	SV6-029	ヒンバス	Common	Common	https://images.pokemontcg.io/sv6/49.png	https://assets.tcgdex.net/ja/SV/SV6/029/low.webp	1	dex+hp+damage+illustrator+rarity
sv6-50	Milotic	밀로틱	SV6-030	ミロカロス	Uncommon	Uncommon	https://images.pokemontcg.io/sv6/50.png	https://assets.tcgdex.net/ja/SV/SV6/030/low.webp	1	dex+hp+damage+illustrator+rarity
sv6-51	Snorunt	눈꼬마	SV6-031	ユキワラシ	Common	Common	https://images.pokemontcg.io/sv6/51.png	https://assets.tcgdex.net/ja/SV/SV6/031/low.webp	1	dex+hp+damage+illustrator+rarity
sv6-52	Glalie	얼음귀신	SV6-032	オニゴーリ	Uncommon	Uncommon	https://images.pokemontcg.io/sv6/52.png	https://assets.tcgdex.net/ja/SV/SV6/032/low.webp	1	dex+hp+damage+illustrator+rarity
sv6-53	Froslass	눈여아	SV6-033	ユキメノコ	Rare	Rare	https://images.pokemontcg.io/sv6/53.png	https://assets.tcgdex.net/ja/SV/SV6/033/low.webp	1	dex+hp+damage+illustrator+rarity
sv6-54	Glaceon	글레이시아	SV5a-021	グレイシア	Uncommon	Uncommon	https://images.pokemontcg.io/sv6/54.png	https://assets.tcgdex.net/ja/SV/SV5a/021/low.webp	1	dex+hp+damage+illustrator+rarity
sv6-55	Phione	피오네	SV5a-022	フィオネ	Common	Common	https://images.pokemontcg.io/sv6/55.png	https://assets.tcgdex.net/ja/SV/SV5a/022/low.webp	1	dex+hp+damage+illustrator+rarity
sv6-56	Froakie	개구마르	SV5a-023	ケロマツ	Common	Common	https://images.pokemontcg.io/sv6/56.png	https://assets.tcgdex.net/ja/SV/SV5a/023/low.webp	1	dex+hp+damage+illustrator+rarity
sv6-57	Frogadier	개굴반장	SV5a-024	ゲコガシラ	Common	Common	https://images.pokemontcg.io/sv6/57.png	https://assets.tcgdex.net/ja/SV/SV5a/024/low.webp	1	dex+hp+damage+illustrator+rarity
sv6-58	Cramorant	윽우지	SV5a-025	ウッウ	Uncommon	Uncommon	https://images.pokemontcg.io/sv6/58.png	https://assets.tcgdex.net/ja/SV/SV5a/025/low.webp	1	dex+hp+damage+illustrator+rarity
sv6-59	Finizen	맨돌핀	SV6-034	ナミイルカ	Common	Common	https://images.pokemontcg.io/sv6/59.png	https://assets.tcgdex.net/ja/SV/SV6/034/low.webp	1	dex+hp+damage+illustrator+rarity
sv6-60	Palafin	돌핀맨	SV6-035	イルカマン	Uncommon	Uncommon	https://images.pokemontcg.io/sv6/60.png	https://assets.tcgdex.net/ja/SV/SV6/035/low.webp	1	dex+hp+damage+illustrator+rarity
sv6-61	Palafin ex	돌핀맨 ex	SV6-036	イルカマンex	Double rare	Double Rare	https://images.pokemontcg.io/sv6/61.png	https://assets.tcgdex.net/ja/SV/SV6/036/low.webp	1	dex+hp+damage+illustrator+rarity
sv6-62	Iron Bundle	무쇠보따리	SV6-037	テツノツツミ	Uncommon	Uncommon	https://images.pokemontcg.io/sv6/62.png	https://assets.tcgdex.net/ja/SV/SV6/037/low.webp	1	dex+hp+damage+illustrator+rarity
sv6-63	Walking Wake	굽이치는물결	SV5a-026	ウネルミナモ	Rare	Rare	https://images.pokemontcg.io/sv6/63.png	https://assets.tcgdex.net/ja/SV/SV5a/026/low.webp	1	dex+hp+damage+illustrator+rarity
sv6-64	Wellspring Mask Ogerpon ex	오거폰 우물의 가면 ex	SV6-038	オーガポン いどのめんex	Double rare	Double Rare	https://images.pokemontcg.io/sv6/64.png	https://assets.tcgdex.net/ja/SV/SV6/038/low.webp	1	dex+hp+damage+illustrator+rarity
sv6-65	Zapdos	썬더	SV5a-027	サンダー	Rare	Rare	https://images.pokemontcg.io/sv6/65.png	https://assets.tcgdex.net/ja/SV/SV5a/027/low.webp	1	dex+hp+damage+illustrator+rarity
sv6-66	Shinx	꼬링크	SV6-039	コリンク	Common	Common	https://images.pokemontcg.io/sv6/66.png	https://assets.tcgdex.net/ja/SV/SV6/039/low.webp	1	dex+hp+damage+illustrator+rarity
sv6-67	Luxio	럭시오	SV6-040	ルクシオ	Common	Common	https://images.pokemontcg.io/sv6/67.png	https://assets.tcgdex.net/ja/SV/SV6/040/low.webp	1	dex+hp+damage+illustrator+rarity
sv6-68	Luxray ex	렌트라 ex	SV6-041	レントラーex	Double rare	Double Rare	https://images.pokemontcg.io/sv6/68.png	https://assets.tcgdex.net/ja/SV/SV6/041/low.webp	1	dex+hp+damage+illustrator+rarity
sv6-69	Emolga	에몽가	SV6-042	エモンガ	Common	Common	https://images.pokemontcg.io/sv6/69.png	https://assets.tcgdex.net/ja/SV/SV6/042/low.webp	1	dex+hp+damage+illustrator+rarity
sv6-70	Helioptile	목도리키텔	SV5a-028	エリキテル	Common	Common	https://images.pokemontcg.io/sv6/70.png	https://assets.tcgdex.net/ja/SV/SV5a/028/low.webp	1	dex+hp+damage+illustrator+rarity
sv6-71	Heliolisk	일레도리자드	SV5a-029	エレザード	Common	Common	https://images.pokemontcg.io/sv6/71.png	https://assets.tcgdex.net/ja/SV/SV5a/029/low.webp	1	dex+hp+damage+illustrator+rarity
sv6-72	Morpeko	모르페코	SV5a-030	モルペコ	Uncommon	Uncommon	https://images.pokemontcg.io/sv6/72.png	https://assets.tcgdex.net/ja/SV/SV5a/030/low.webp	1	dex+hp+damage+illustrator+rarity
sv6-73	Tadbulb	빈나두	SV5a-031	ズピカ	Common	Common	https://images.pokemontcg.io/sv6/73.png	https://assets.tcgdex.net/ja/SV/SV5a/031/low.webp	1	dex+hp+damage+illustrator+rarity
sv6-74	Bellibolt	찌리배리	SV5a-032	ハラバリー	Uncommon	Uncommon	https://images.pokemontcg.io/sv6/74.png	https://assets.tcgdex.net/ja/SV/SV5a/032/low.webp	1	dex+hp+damage+illustrator+rarity
sv6-75	Wattrel	찌리비	SV6-043	カイデン	Common	Common	https://images.pokemontcg.io/sv6/75.png	https://assets.tcgdex.net/ja/SV/SV6/043/low.webp	1	dex+hp+damage+illustrator+rarity
sv6-76	Kilowattrel	찌리비크	SV6-044	タイカイデン	Uncommon	Uncommon	https://images.pokemontcg.io/sv6/76.png	https://assets.tcgdex.net/ja/SV/SV6/044/low.webp	1	dex+hp+damage+illustrator+rarity
sv6-78	Clefairy	삐삐	SV6-045	ピッピ	Common	Common	https://images.pokemontcg.io/sv6/78.png	https://assets.tcgdex.net/ja/SV/SV6/045/low.webp	1	dex+hp+damage+illustrator+rarity
sv6-79	Clefable	픽시	SV6-046	ピクシー	Uncommon	Uncommon	https://images.pokemontcg.io/sv6/79.png	https://assets.tcgdex.net/ja/SV/SV6/046/low.webp	1	dex+hp+damage+illustrator+rarity
sv6-80	Abra	캐이시	SV6-047	ケーシィ	Common	Common	https://images.pokemontcg.io/sv6/80.png	https://assets.tcgdex.net/ja/SV/SV6/047/low.webp	1	dex+hp+damage+illustrator+rarity
sv6-81	Kadabra	윤겔라	SV6-048	ユンゲラー	Common	Common	https://images.pokemontcg.io/sv6/81.png	https://assets.tcgdex.net/ja/SV/SV6/048/low.webp	1	dex+hp+damage+illustrator+rarity
sv6-82	Alakazam	후딘	SV6-049	フーディン	Rare	Rare	https://images.pokemontcg.io/sv6/82.png	https://assets.tcgdex.net/ja/SV/SV6/049/low.webp	1	dex+hp+damage+illustrator+rarity
sv6-83	Girafarig	키링키	SV5a-034	キリンリキ	Common	Common	https://images.pokemontcg.io/sv6/83.png	https://assets.tcgdex.net/ja/SV/SV5a/034/low.webp	1	dex+hp+damage+illustrator+rarity
sv6-84	Farigiraf	키키링	SV5a-035	リキキリン	Uncommon	Uncommon	https://images.pokemontcg.io/sv6/84.png	https://assets.tcgdex.net/ja/SV/SV5a/035/low.webp	1	dex+hp+damage+illustrator+rarity
sv6-85	Chimecho	치렁	SV6-050	チリーン	Common	Common	https://images.pokemontcg.io/sv6/85.png	https://assets.tcgdex.net/ja/SV/SV6/050/low.webp	1	dex+hp+damage+illustrator+rarity
sv6-86	Flabébé	플라베베	SV5a-036	フラベベ	Common	Common	https://images.pokemontcg.io/sv6/86.png	https://assets.tcgdex.net/ja/SV/SV5a/036/low.webp	1	dex+hp+damage+illustrator+rarity
sv6-87	Floette	플라엣테	SV5a-037	フラエッテ	Common	Common	https://images.pokemontcg.io/sv6/87.png	https://assets.tcgdex.net/ja/SV/SV5a/037/low.webp	1	dex+hp+damage+illustrator+rarity
sv6-88	Florges	플라제스	SV5a-038	フラージェス	Uncommon	Uncommon	https://images.pokemontcg.io/sv6/88.png	https://assets.tcgdex.net/ja/SV/SV5a/038/low.webp	1	dex+hp+damage+illustrator+rarity
sv6-89	Swirlix	나룸퍼프	SV6-051	ペロッパフ	Common	Common	https://images.pokemontcg.io/sv6/89.png	https://assets.tcgdex.net/ja/SV/SV6/051/low.webp	1	dex+hp+damage+illustrator+rarity
sv6-90	Slurpuff	나루림	SV6-052	ペロリーム	Uncommon	Uncommon	https://images.pokemontcg.io/sv6/90.png	https://assets.tcgdex.net/ja/SV/SV6/052/low.webp	1	dex+hp+damage+illustrator+rarity
sv6-91	Sandygast	모래꿍	SV6-053	スナバァ	Common	Common	https://images.pokemontcg.io/sv6/91.png	https://assets.tcgdex.net/ja/SV/SV6/053/low.webp	1	dex+hp+damage+illustrator+rarity
sv6-92	Palossand	모래성이당	SV6-054	シロデスナ	Common	Common	https://images.pokemontcg.io/sv6/92.png	https://assets.tcgdex.net/ja/SV/SV6/054/low.webp	1	dex+hp+damage+illustrator+rarity
sv6-93	Enamorus	러브로스	SV5a-039	ラブトロス	Rare	Rare	https://images.pokemontcg.io/sv6/93.png	https://assets.tcgdex.net/ja/SV/SV5a/039/low.webp	1	dex+hp+damage+illustrator+rarity
sv6-95	Munkidori	이야후	SV6-055	マシマシラ	Rare	Rare	https://images.pokemontcg.io/sv6/95.png	https://assets.tcgdex.net/ja/SV/SV6/055/low.webp	1	dex+hp+damage+illustrator+rarity
sv6-96	Fezandipiti	기로치	SV6-056	キチキギス	Rare	Rare	https://images.pokemontcg.io/sv6/96.png	https://assets.tcgdex.net/ja/SV/SV6/056/low.webp	1	dex+hp+damage+illustrator+rarity
sv6-97	Sandshrew	모래두지	SV6-057	サンド	Common	Common	https://images.pokemontcg.io/sv6/97.png	https://assets.tcgdex.net/ja/SV/SV6/057/low.webp	1	dex+hp+damage+illustrator+rarity
sv6-98	Sandslash	고지	SV6-058	サンドパン	Uncommon	Uncommon	https://images.pokemontcg.io/sv6/98.png	https://assets.tcgdex.net/ja/SV/SV6/058/low.webp	1	dex+hp+damage+illustrator+rarity
sv6-99	Hisuian Growlithe	히스이 가디	SV5a-041	ヒスイ ガーディ	Common	Common	https://images.pokemontcg.io/sv6/99.png	https://assets.tcgdex.net/ja/SV/SV5a/041/low.webp	1	dex+hp+damage+illustrator+rarity
sv6-100	Hisuian Arcanine	히스이 윈디	SV5a-042	ヒスイ ウインディ	Rare	Rare	https://images.pokemontcg.io/sv6/100.png	https://assets.tcgdex.net/ja/SV/SV5a/042/low.webp	1	dex+hp+damage+illustrator+rarity
sv6-101	Nosepass	코코파스	SV5a-043	ノズパス	Common	Common	https://images.pokemontcg.io/sv6/101.png	https://assets.tcgdex.net/ja/SV/SV5a/043/low.webp	1	dex+hp+damage+illustrator+rarity
sv6-102	Probopass	대코파스	SV5a-044	ダイノーズ	Uncommon	Uncommon	https://images.pokemontcg.io/sv6/102.png	https://assets.tcgdex.net/ja/SV/SV5a/044/low.webp	1	dex+hp+damage+illustrator+rarity
sv6-103	Timburr	으랏차	SV6-059	ドッコラー	Common	Common	https://images.pokemontcg.io/sv6/103.png	https://assets.tcgdex.net/ja/SV/SV6/059/low.webp	1	dex+hp+damage+illustrator+rarity
sv6-104	Gurdurr	토쇠골	SV6-060	ドテッコツ	Common	Common	https://images.pokemontcg.io/sv6/104.png	https://assets.tcgdex.net/ja/SV/SV6/060/low.webp	1	dex+hp+damage+illustrator+rarity
sv6-105	Conkeldurr	노보청	SV6-061	ローブシン	Uncommon	Uncommon	https://images.pokemontcg.io/sv6/105.png	https://assets.tcgdex.net/ja/SV/SV6/061/low.webp	1	dex+hp+damage+illustrator+rarity
sv6-107	Hawlucha	루차불	SV5a-046	ルチャブル	Common	Common	https://images.pokemontcg.io/sv6/107.png	https://assets.tcgdex.net/ja/SV/SV5a/046/low.webp	1	dex+hp+damage+illustrator+rarity
sv6-108	Glimmet	초롱순	SV6-062	キラーメ	Common	Common	https://images.pokemontcg.io/sv6/108.png	https://assets.tcgdex.net/ja/SV/SV6/062/low.webp	1	dex+hp+damage+illustrator+rarity
sv6-109	Glimmora	킬라플로르	SV6-063	キラフロル	Uncommon	Uncommon	https://images.pokemontcg.io/sv6/109.png	https://assets.tcgdex.net/ja/SV/SV6/063/low.webp	1	dex+hp+damage+illustrator+rarity
sv6-110	Ting-Lu	딩루	SV5a-047	ディンルー	Rare	Rare	https://images.pokemontcg.io/sv6/110.png	https://assets.tcgdex.net/ja/SV/SV5a/047/low.webp	1	dex+hp+damage+illustrator+rarity
sv6-111	Okidogi	조타구	SV6-064	イイネイヌ	Rare	Rare	https://images.pokemontcg.io/sv6/111.png	https://assets.tcgdex.net/ja/SV/SV6/064/low.webp	1	dex+hp+damage+illustrator+rarity
sv6-112	Cornerstone Mask Ogerpon ex	오거폰 주춧돌의 가면 ex	SV6-065	オーガポン いしずえのめんex	Double rare	Double Rare	https://images.pokemontcg.io/sv6/112.png	https://assets.tcgdex.net/ja/SV/SV6/065/low.webp	1	dex+hp+damage+illustrator+rarity
sv6-113	Poochyena	포챠나	SV6-066	ポチエナ	Common	Common	https://images.pokemontcg.io/sv6/113.png	https://assets.tcgdex.net/ja/SV/SV6/066/low.webp	1	dex+hp+damage+illustrator+rarity
sv6-114	Mightyena	그라에나	SV6-067	グラエナ	Uncommon	Uncommon	https://images.pokemontcg.io/sv6/114.png	https://assets.tcgdex.net/ja/SV/SV6/067/low.webp	1	dex+hp+damage+illustrator+rarity
sv6-115	Venipede	마디네	SV6-068	フシデ	Common	Common	https://images.pokemontcg.io/sv6/115.png	https://assets.tcgdex.net/ja/SV/SV6/068/low.webp	1	dex+hp+damage+illustrator+rarity
sv6-116	Whirlipede	휠구	SV6-069	ホイーガ	Common	Common	https://images.pokemontcg.io/sv6/116.png	https://assets.tcgdex.net/ja/SV/SV6/069/low.webp	1	dex+hp+damage+illustrator+rarity
sv6-117	Scolipede	펜드라	SV6-070	ペンドラー	Uncommon	Uncommon	https://images.pokemontcg.io/sv6/117.png	https://assets.tcgdex.net/ja/SV/SV6/070/low.webp	1	dex+hp+damage+illustrator+rarity
sv6-118	Brute Bonnet	사나운버섯	SV6-071	アラブルタケ	Uncommon	Uncommon	https://images.pokemontcg.io/sv6/118.png	https://assets.tcgdex.net/ja/SV/SV6/071/low.webp	1	dex+hp+damage+illustrator+rarity
sv6-119	Skarmory	무장조	SV6-072	エアームド	Common	Common	https://images.pokemontcg.io/sv6/119.png	https://assets.tcgdex.net/ja/SV/SV6/072/low.webp	1	dex+hp+damage+illustrator+rarity
sv6-120	Aron	가보리	SV6-073	ココドラ	Common	Common	https://images.pokemontcg.io/sv6/120.png	https://assets.tcgdex.net/ja/SV/SV6/073/low.webp	1	dex+hp+damage+illustrator+rarity
sv6-121	Lairon	갱도라	SV6-074	コドラ	Common	Common	https://images.pokemontcg.io/sv6/121.png	https://assets.tcgdex.net/ja/SV/SV6/074/low.webp	1	dex+hp+damage+illustrator+rarity
sv6-122	Aggron	보스로라	SV6-075	ボスゴドラ	Uncommon	Uncommon	https://images.pokemontcg.io/sv6/122.png	https://assets.tcgdex.net/ja/SV/SV6/075/low.webp	1	dex+hp+damage+illustrator+rarity
sv6-123	Heatran	히드런	SV6-076	ヒードラン	Rare	Rare	https://images.pokemontcg.io/sv6/123.png	https://assets.tcgdex.net/ja/SV/SV6/076/low.webp	1	dex+hp+damage+illustrator+rarity
sv6-124	Varoom	부르롱	SV6-077	ブロロン	Common	Common	https://images.pokemontcg.io/sv6/124.png	https://assets.tcgdex.net/ja/SV/SV6/077/low.webp	1	dex+hp+damage+illustrator+rarity
sv6-125	Revavroom	부르르룸	SV6-078	ブロロローム	Uncommon	Uncommon	https://images.pokemontcg.io/sv6/125.png	https://assets.tcgdex.net/ja/SV/SV6/078/low.webp	1	dex+hp+damage+illustrator+rarity
sv6-126	Applin	과사삭벌레	SV5a-048	カジッチュ	Common	Common	https://images.pokemontcg.io/sv6/126.png	https://assets.tcgdex.net/ja/SV/SV5a/048/low.webp	1	dex+hp+damage+illustrator+rarity
sv6-127	Dipplin	과미르	SV5a-049	カミッチュ	Uncommon	Uncommon	https://images.pokemontcg.io/sv6/127.png	https://assets.tcgdex.net/ja/SV/SV5a/049/low.webp	1	dex+hp+damage+illustrator+rarity
sv6-128	Dreepy	드라꼰	SV6-079	ドラメシヤ	Common	Common	https://images.pokemontcg.io/sv6/128.png	https://assets.tcgdex.net/ja/SV/SV6/079/low.webp	1	dex+hp+damage+illustrator+rarity
sv6-129	Drakloak	드래런치	SV6-080	ドロンチ	Common	Common	https://images.pokemontcg.io/sv6/129.png	https://assets.tcgdex.net/ja/SV/SV6/080/low.webp	1	dex+hp+damage+illustrator+rarity
sv6-131	Tatsugiri	싸리용	SV6-082	シャリタツ	Uncommon	Uncommon	https://images.pokemontcg.io/sv6/131.png	https://assets.tcgdex.net/ja/SV/SV6/082/low.webp	1	dex+hp+damage+illustrator+rarity
sv6-132	Farfetch'd	파오리	SV6-083	カモネギ	Common	Common	https://images.pokemontcg.io/sv6/132.png	https://assets.tcgdex.net/ja/SV/SV6/083/low.webp	1	dex+hp+damage+illustrator+rarity
sv6-133	Chansey	럭키	SV6-084	ラッキー	Common	Common	https://images.pokemontcg.io/sv6/133.png	https://assets.tcgdex.net/ja/SV/SV6/084/low.webp	1	dex+hp+damage+illustrator+rarity
sv6-134	Blissey ex	해피너스 ex	SV6-085	ハピナスex	Double rare	Double Rare	https://images.pokemontcg.io/sv6/134.png	https://assets.tcgdex.net/ja/SV/SV6/085/low.webp	1	dex+hp+damage+illustrator+rarity
sv6-135	Eevee	이브이	SV5a-050	イーブイ	Common	Common	https://images.pokemontcg.io/sv6/135.png	https://assets.tcgdex.net/ja/SV/SV5a/050/low.webp	1	dex+hp+damage+illustrator+rarity
sv6-136	Snorlax	잠만보	SV5a-051	カビゴン	Uncommon	Uncommon	https://images.pokemontcg.io/sv6/136.png	https://assets.tcgdex.net/ja/SV/SV5a/051/low.webp	1	dex+hp+damage+illustrator+rarity
sv6-137	Aipom	에이팜	SV6-086	エイパム	Common	Common	https://images.pokemontcg.io/sv6/137.png	https://assets.tcgdex.net/ja/SV/SV6/086/low.webp	1	dex+hp+damage+illustrator+rarity
sv6-138	Ambipom	겟핸보숭	SV6-087	エテボース	Uncommon	Uncommon	https://images.pokemontcg.io/sv6/138.png	https://assets.tcgdex.net/ja/SV/SV6/087/low.webp	1	dex+hp+damage+illustrator+rarity
sv6-139	Ducklett	꼬지보리	SV6-088	コアルヒー	Common	Common	https://images.pokemontcg.io/sv6/139.png	https://assets.tcgdex.net/ja/SV/SV6/088/low.webp	1	dex+hp+damage+illustrator+rarity
sv6-140	Swanna	스완나	SV6-089	スワンナ	Uncommon	Uncommon	https://images.pokemontcg.io/sv6/140.png	https://assets.tcgdex.net/ja/SV/SV6/089/low.webp	1	dex+hp+damage+illustrator+rarity
sv6-169	Sunflora	해루미	SV6-102	キマワリ	Illustration rare	Illustration Rare	https://images.pokemontcg.io/sv6/169.png	https://assets.tcgdex.net/ja/SV/SV6/102/low.webp	1	dex+hp+damage+illustrator+rarity
sv6-170	Dipplin	과미르	SV6-103	カミッチュ	Illustration rare	Illustration Rare	https://images.pokemontcg.io/sv6/170.png	https://assets.tcgdex.net/ja/SV/SV6/103/low.webp	1	dex+hp+damage+illustrator+rarity
sv6-174	Froslass	눈여아	SV6-104	ユキメノコ	Illustration rare	Illustration Rare	https://images.pokemontcg.io/sv6/174.png	https://assets.tcgdex.net/ja/SV/SV6/104/low.webp	1	dex+hp+damage+illustrator+rarity
sv6-178	Wattrel	찌리비	SV6-105	カイデン	Illustration rare	Illustration Rare	https://images.pokemontcg.io/sv6/178.png	https://assets.tcgdex.net/ja/SV/SV6/105/low.webp	1	dex+hp+damage+illustrator+rarity
sv6-179	Chimecho	치렁	SV6-106	チリーン	Illustration rare	Illustration Rare	https://images.pokemontcg.io/sv6/179.png	https://assets.tcgdex.net/ja/SV/SV6/106/low.webp	1	dex+hp+damage+illustrator+rarity
sv6-183	Timburr	으랏차	SV6-109	ドッコラー	Illustration rare	Illustration Rare	https://images.pokemontcg.io/sv6/183.png	https://assets.tcgdex.net/ja/SV/SV6/109/low.webp	1	dex+hp+damage+illustrator+rarity
sv6-184	Lairon	갱도라	SV6-111	コドラ	Illustration rare	Illustration Rare	https://images.pokemontcg.io/sv6/184.png	https://assets.tcgdex.net/ja/SV/SV6/111/low.webp	1	dex+hp+damage+illustrator+rarity
sv6-186	Tatsugiri	싸리용	SV6-112	シャリタツ	Illustration rare	Illustration Rare	https://images.pokemontcg.io/sv6/186.png	https://assets.tcgdex.net/ja/SV/SV6/112/low.webp	1	dex+hp+damage+illustrator+rarity
sv6-187	Chansey	럭키	SV6-113	ラッキー	Illustration rare	Illustration Rare	https://images.pokemontcg.io/sv6/187.png	https://assets.tcgdex.net/ja/SV/SV6/113/low.webp	1	dex+hp+damage+illustrator+rarity
sv6-190	Teal Mask Ogerpon ex	오거폰 벽록의 가면 ex	SV6-114	オーガポン みどりのめんex	Ultra Rare	Ultra Rare	https://images.pokemontcg.io/sv6/190.png	https://assets.tcgdex.net/ja/SV/SV6/114/low.webp	1	dex+hp+damage+illustrator+rarity
sv6-192	Hearthflame Mask Ogerpon ex	오거폰 화덕의 가면 ex	SV6-115	オーガポン かまどのめんex	Ultra Rare	Ultra Rare	https://images.pokemontcg.io/sv6/192.png	https://assets.tcgdex.net/ja/SV/SV6/115/low.webp	1	dex+hp+damage+illustrator+rarity
sv6-193	Palafin ex	돌핀맨 ex	SV6-116	イルカマンex	Ultra Rare	Ultra Rare	https://images.pokemontcg.io/sv6/193.png	https://assets.tcgdex.net/ja/SV/SV6/116/low.webp	1	dex+hp+damage+illustrator+rarity
sv6-194	Wellspring Mask Ogerpon ex	오거폰 우물의 가면 ex	SV6-117	オーガポン いどのめんex	Ultra Rare	Ultra Rare	https://images.pokemontcg.io/sv6/194.png	https://assets.tcgdex.net/ja/SV/SV6/117/low.webp	1	dex+hp+damage+illustrator+rarity
sv6-195	Luxray ex	렌트라 ex	SV6-118	レントラーex	Ultra Rare	Ultra Rare	https://images.pokemontcg.io/sv6/195.png	https://assets.tcgdex.net/ja/SV/SV6/118/low.webp	1	dex+hp+damage+illustrator+rarity
sv6-199	Cornerstone Mask Ogerpon ex	오거폰 주춧돌의 가면 ex	SV6-119	オーガポン いしずえのめんex	Ultra Rare	Ultra Rare	https://images.pokemontcg.io/sv6/199.png	https://assets.tcgdex.net/ja/SV/SV6/119/low.webp	1	dex+hp+damage+illustrator+rarity
sv6-200	Dragapult ex	드래펄트 ex	SV6-120	ドラパルトex	Ultra Rare	Ultra Rare	https://images.pokemontcg.io/sv6/200.png	https://assets.tcgdex.net/ja/SV/SV6/120/low.webp	1	dex+hp+damage+illustrator+rarity
sv6-201	Blissey ex	해피너스 ex	SV6-121	ハピナスex	Ultra Rare	Ultra Rare	https://images.pokemontcg.io/sv6/201.png	https://assets.tcgdex.net/ja/SV/SV6/121/low.webp	1	dex+hp+damage+illustrator+rarity
sv6-211	Teal Mask Ogerpon ex	오거폰 벽록의 가면 ex	SV6-125	オーガポン みどりのめんex	Special illustration rare	Special Illustration Rare	https://images.pokemontcg.io/sv6/211.png	https://assets.tcgdex.net/ja/SV/SV6/125/low.webp	1	dex+hp+damage+illustrator+rarity
sv6-212	Hearthflame Mask Ogerpon ex	오거폰 화덕의 가면 ex	SV6-126	オーガポン かまどのめんex	Special illustration rare	Special Illustration Rare	https://images.pokemontcg.io/sv6/212.png	https://assets.tcgdex.net/ja/SV/SV6/126/low.webp	1	dex+hp+damage+illustrator+rarity
sv6-213	Wellspring Mask Ogerpon ex	오거폰 우물의 가면 ex	SV6-127	オーガポン いどのめんex	Special illustration rare	Special Illustration Rare	https://images.pokemontcg.io/sv6/213.png	https://assets.tcgdex.net/ja/SV/SV6/127/low.webp	1	dex+hp+damage+illustrator+rarity
sv6-215	Cornerstone Mask Ogerpon ex	오거폰 주춧돌의 가면 ex	SV6-128	オーガポン いしずえのめんex	Special illustration rare	Special Illustration Rare	https://images.pokemontcg.io/sv6/215.png	https://assets.tcgdex.net/ja/SV/SV6/128/low.webp	1	dex+hp+damage+illustrator+rarity
sv5-1	Scyther	스라크	SV5M-001	ストライク	Common	Common	https://images.pokemontcg.io/sv5/1.png		1	dex+hp+damage+illustrator+rarity
sv5-2	Pineco	피콘	SV5M-002	クヌギダマ	Common	Common	https://images.pokemontcg.io/sv5/2.png		1	dex+hp+damage+illustrator+rarity
sv5-3	Seedot	도토링	SV5M-003	タネボー	Common	Common	https://images.pokemontcg.io/sv5/3.png		1	dex+hp+damage+illustrator+rarity
sv5-4	Nuzleaf	잎새코	SV5M-004	コノハナ	Common	Common	https://images.pokemontcg.io/sv5/4.png		1	dex+hp+damage+illustrator+rarity
sv5-5	Shiftry	다탱구	SV5M-005	ダーテング	Uncommon	Uncommon	https://images.pokemontcg.io/sv5/5.png		1	dex+hp+damage+illustrator+rarity
sv5-6	Shroomish	버섯꼬	SV5M-006	キノココ	Common	Common	https://images.pokemontcg.io/sv5/6.png		1	dex+hp+damage+illustrator+rarity
sv5-7	Breloom	버섯모	SV5M-007	キノガッサ	Common	Common	https://images.pokemontcg.io/sv5/7.png		1	dex+hp+damage+illustrator+rarity
sv5-8	Roselia	로젤리아	SV5K-001	ロゼリア	Common	Common	https://images.pokemontcg.io/sv5/8.png	https://assets.tcgdex.net/ja/SV/SV5K/001/low.webp	1	dex+hp+damage+illustrator+rarity
sv5-9	Roserade	로즈레이드	SV5K-002	ロズレイド	Uncommon	Uncommon	https://images.pokemontcg.io/sv5/9.png	https://assets.tcgdex.net/ja/SV/SV5K/002/low.webp	1	dex+hp+damage+illustrator+rarity
sv5-10	Turtwig	모부기	SV5K-003	ナエトル	Common	Common	https://images.pokemontcg.io/sv5/10.png	https://assets.tcgdex.net/ja/SV/SV5K/003/low.webp	1	dex+hp+damage+illustrator+rarity
sv5-11	Grotle	수풀부기	SV5K-004	ハヤシガメ	Common	Common	https://images.pokemontcg.io/sv5/11.png	https://assets.tcgdex.net/ja/SV/SV5K/004/low.webp	1	dex+hp+damage+illustrator+rarity
sv5-12	Torterra ex	토대부기 ex	SV5K-005	ドダイトスex	Double rare	Double Rare	https://images.pokemontcg.io/sv5/12.png	https://assets.tcgdex.net/ja/SV/SV5K/005/low.webp	1	dex+hp+damage+illustrator+rarity
sv5-13	Shaymin	쉐이미	SV5K-006	シェイミ	Uncommon	Uncommon	https://images.pokemontcg.io/sv5/13.png	https://assets.tcgdex.net/ja/SV/SV5K/006/low.webp	1	dex+hp+damage+illustrator+rarity
sv5-14	Cottonee	소미안	SV5K-007	モンメン	Common	Common	https://images.pokemontcg.io/sv5/14.png	https://assets.tcgdex.net/ja/SV/SV5K/007/low.webp	1	dex+hp+damage+illustrator+rarity
sv5-15	Whimsicott	엘풍	SV5K-008	エルフーン	Rare	Rare	https://images.pokemontcg.io/sv5/15.png	https://assets.tcgdex.net/ja/SV/SV5K/008/low.webp	1	dex+hp+damage+illustrator+rarity
sv5-16	Deerling	사철록	SV5M-008	シキジカ	Common	Common	https://images.pokemontcg.io/sv5/16.png		1	dex+hp+damage+illustrator+rarity
sv5-17	Sawsbuck	바라철록	SV5M-009	メブキジカ	Uncommon	Uncommon	https://images.pokemontcg.io/sv5/17.png		1	dex+hp+damage+illustrator+rarity
sv5-18	Grubbin	턱지충이	SV5M-010	アゴジムシ	Common	Common	https://images.pokemontcg.io/sv5/18.png		1	dex+hp+damage+illustrator+rarity
sv5-19	Dhelmise	타타륜	SV5M-011	ダダリン	Uncommon	Uncommon	https://images.pokemontcg.io/sv5/19.png		1	dex+hp+damage+illustrator+rarity
sv5-20	Bramblin	그푸리	SV5M-012	アノクサ	Common	Common	https://images.pokemontcg.io/sv5/20.png		1	dex+hp+damage+illustrator+rarity
sv5-21	Brambleghast	공푸리	SV5M-013	アノホラグサ	Rare	Rare	https://images.pokemontcg.io/sv5/21.png		1	dex+hp+damage+illustrator+rarity
sv5-23	Rellor	구르데	SV5M-014	シガロコ	Common	Common	https://images.pokemontcg.io/sv5/23.png		1	dex+hp+damage+illustrator+rarity
sv5-24	Rabsca	베라카스	SV5M-015	ベラカス	Uncommon	Uncommon	https://images.pokemontcg.io/sv5/24.png		1	dex+hp+damage+illustrator+rarity
sv5-25	Iron Leaves ex	무쇠잎새 ex	SV5M-016	テツノイサハex	Double rare	Double Rare	https://images.pokemontcg.io/sv5/25.png		1	dex+hp+damage+illustrator+rarity
sv5-28	Slugma	마그마그	SV5M-017	マグマッグ	Common	Common	https://images.pokemontcg.io/sv5/28.png		1	dex+hp+damage+illustrator+rarity
sv5-29	Magcargo	마그카르고	SV5M-018	マグカルゴ	Rare	Rare	https://images.pokemontcg.io/sv5/29.png		1	dex+hp+damage+illustrator+rarity
sv5-30	Victini	비크티니	SV5M-019	ビクティニ	Common	Common	https://images.pokemontcg.io/sv5/30.png		1	dex+hp+damage+illustrator+rarity
sv5-31	Heatmor	앤티골	SV5K-009	クイタラン	Common	Common	https://images.pokemontcg.io/sv5/31.png	https://assets.tcgdex.net/ja/SV/SV5K/009/low.webp	1	dex+hp+damage+illustrator+rarity
sv5-32	Litten	냐오불	SV5M-020	ニャビー	Common	Common	https://images.pokemontcg.io/sv5/32.png		1	dex+hp+damage+illustrator+rarity
sv5-33	Torracat	냐오히트	SV5M-021	ニャヒート	Common	Common	https://images.pokemontcg.io/sv5/33.png		1	dex+hp+damage+illustrator+rarity
sv5-34	Incineroar ex	어흥염 ex	SV5M-022	ガオガエンex	Double rare	Double Rare	https://images.pokemontcg.io/sv5/34.png		1	dex+hp+damage+illustrator+rarity
sv5-36	Sizzlipede	태우지네	SV5K-010	ヤクデ	Common	Common	https://images.pokemontcg.io/sv5/36.png	https://assets.tcgdex.net/ja/SV/SV5K/010/low.webp	1	dex+hp+damage+illustrator+rarity
sv5-37	Centiskorch	다태우지네	SV5K-011	マルヤクデ	Uncommon	Uncommon	https://images.pokemontcg.io/sv5/37.png	https://assets.tcgdex.net/ja/SV/SV5K/011/low.webp	1	dex+hp+damage+illustrator+rarity
sv5-38	Gouging Fire ex	꿰뚫는화염 ex	SV5K-012	ウガツホムラex	Double rare	Double Rare	https://images.pokemontcg.io/sv5/38.png	https://assets.tcgdex.net/ja/SV/SV5K/012/low.webp	1	dex+hp+damage+illustrator+rarity
sv5-39	Totodile	리아코	SV5K-013	ワニノコ	Common	Common	https://images.pokemontcg.io/sv5/39.png	https://assets.tcgdex.net/ja/SV/SV5K/013/low.webp	1	dex+hp+damage+illustrator+rarity
sv5-40	Croconaw	엘리게이	SV5K-014	アリゲイツ	Common	Common	https://images.pokemontcg.io/sv5/40.png	https://assets.tcgdex.net/ja/SV/SV5K/014/low.webp	1	dex+hp+damage+illustrator+rarity
sv5-41	Feraligatr	장크로다일	SV5K-015	オーダイル	Rare	Rare	https://images.pokemontcg.io/sv5/41.png	https://assets.tcgdex.net/ja/SV/SV5K/015/low.webp	1	dex+hp+damage+illustrator+rarity
sv5-42	Carvanha	샤프니아	SV5K-016	キバニア	Common	Common	https://images.pokemontcg.io/sv5/42.png	https://assets.tcgdex.net/ja/SV/SV5K/016/low.webp	1	dex+hp+damage+illustrator+rarity
sv5-43	Sharpedo	샤크니아	SV5K-017	サメハダー	Uncommon	Uncommon	https://images.pokemontcg.io/sv5/43.png	https://assets.tcgdex.net/ja/SV/SV5K/017/low.webp	1	dex+hp+damage+illustrator+rarity
sv5-44	Keldeo	케르디오	SV5K-018	ケルディオ	Uncommon	Uncommon	https://images.pokemontcg.io/sv5/44.png	https://assets.tcgdex.net/ja/SV/SV5K/018/low.webp	1	dex+hp+damage+illustrator+rarity
sv5-45	Snom	누니머기	SV5K-019	ユキハミ	Common	Common	https://images.pokemontcg.io/sv5/45.png	https://assets.tcgdex.net/ja/SV/SV5K/019/low.webp	1	dex+hp+damage+illustrator+rarity
sv5-46	Frosmoth	모스노우	SV5K-020	モスノウ	Common	Common	https://images.pokemontcg.io/sv5/46.png	https://assets.tcgdex.net/ja/SV/SV5K/020/low.webp	1	dex+hp+damage+illustrator+rarity
sv5-47	Wiglett	바다그다	SV5K-021	ウミディグダ	Common	Common	https://images.pokemontcg.io/sv5/47.png	https://assets.tcgdex.net/ja/SV/SV5K/021/low.webp	1	dex+hp+damage+illustrator+rarity
sv5-48	Finizen	맨돌핀	SV5K-022	ナミイルカ	Common	Common	https://images.pokemontcg.io/sv5/48.png	https://assets.tcgdex.net/ja/SV/SV5K/022/low.webp	1	dex+hp+damage+illustrator+rarity
sv5-49	Palafin	돌핀맨	SV5K-023	イルカマン	Uncommon	Uncommon	https://images.pokemontcg.io/sv5/49.png	https://assets.tcgdex.net/ja/SV/SV5K/023/low.webp	1	dex+hp+damage+illustrator+rarity
sv5-50	Walking Wake ex	굽이치는물결 ex	SV5K-024	ウネルミナモex	Double rare	Double Rare	https://images.pokemontcg.io/sv5/50.png	https://assets.tcgdex.net/ja/SV/SV5K/024/low.webp	1	dex+hp+damage+illustrator+rarity
sv5-51	Pikachu	피카츄	SV5M-023	ピカチュウ	Common	Common	https://images.pokemontcg.io/sv5/51.png		1	dex+hp+damage+illustrator+rarity
sv5-52	Raichu	라이츄	SV5M-024	ライチュウ	Common	Common	https://images.pokemontcg.io/sv5/52.png		1	dex+hp+damage+illustrator+rarity
sv5-53	Electabuzz	에레브	SV5M-025	エレブー	Common	Common	https://images.pokemontcg.io/sv5/53.png		1	dex+hp+damage+illustrator+rarity
sv5-54	Electivire	에레키블	SV5M-026	エレキブル	Uncommon	Uncommon	https://images.pokemontcg.io/sv5/54.png		1	dex+hp+damage+illustrator+rarity
sv5-55	Charjabug	전지충이	SV5M-027	デンヂムシ	Common	Common	https://images.pokemontcg.io/sv5/55.png		1	dex+hp+damage+illustrator+rarity
sv5-56	Vikavolt	투구뿌논	SV5M-028	クワガノン	Uncommon	Uncommon	https://images.pokemontcg.io/sv5/56.png		1	dex+hp+damage+illustrator+rarity
sv5-57	Zeraora	제라오라	SV5M-029	ゼラオラ	Uncommon	Uncommon	https://images.pokemontcg.io/sv5/57.png		1	dex+hp+damage+illustrator+rarity
sv5-60	Wugtrio ex	바닥트리오 ex	SV5K-025	ウミトリオex	Double rare	Double Rare	https://images.pokemontcg.io/sv5/60.png	https://assets.tcgdex.net/ja/SV/SV5K/025/low.webp	1	dex+hp+damage+illustrator+rarity
sv5-62	Iron Thorns	무쇠가시	SV5M-030	テツノイバラ	Rare	Rare	https://images.pokemontcg.io/sv5/62.png		1	dex+hp+damage+illustrator+rarity
sv5-63	Mr. Mime	마임맨	SV5M-031	バリヤード	Common	Common	https://images.pokemontcg.io/sv5/63.png		1	dex+hp+damage+illustrator+rarity
sv5-64	Marill	마릴	SV5K-026	マリル	Common	Common	https://images.pokemontcg.io/sv5/64.png	https://assets.tcgdex.net/ja/SV/SV5K/026/low.webp	1	dex+hp+damage+illustrator+rarity
sv5-65	Azumarill	마릴리	SV5K-027	マリルリ	Common	Common	https://images.pokemontcg.io/sv5/65.png	https://assets.tcgdex.net/ja/SV/SV5K/027/low.webp	1	dex+hp+damage+illustrator+rarity
sv5-66	Girafarig	키링키	SV5M-032	キリンリキ	Common	Common	https://images.pokemontcg.io/sv5/66.png		1	dex+hp+damage+illustrator+rarity
sv5-68	Bronzor	동미러	SV5K-028	ドーミラー	Common	Common	https://images.pokemontcg.io/sv5/68.png	https://assets.tcgdex.net/ja/SV/SV5K/028/low.webp	1	dex+hp+damage+illustrator+rarity
sv5-69	Bronzong	동탁군	SV5K-029	ドータクン	Uncommon	Uncommon	https://images.pokemontcg.io/sv5/69.png	https://assets.tcgdex.net/ja/SV/SV5K/029/low.webp	1	dex+hp+damage+illustrator+rarity
sv5-70	Solosis	유니란	SV5K-030	ユニラン	Common	Common	https://images.pokemontcg.io/sv5/70.png	https://assets.tcgdex.net/ja/SV/SV5K/030/low.webp	1	dex+hp+damage+illustrator+rarity
sv5-71	Duosion	듀란	SV5K-031	ダブラン	Common	Common	https://images.pokemontcg.io/sv5/71.png	https://assets.tcgdex.net/ja/SV/SV5K/031/low.webp	1	dex+hp+damage+illustrator+rarity
sv5-72	Reuniclus	란쿨루스	SV5K-032	ランクルス	Uncommon	Uncommon	https://images.pokemontcg.io/sv5/72.png	https://assets.tcgdex.net/ja/SV/SV5K/032/low.webp	1	dex+hp+damage+illustrator+rarity
sv5-75	Cutiefly	에블리	SV5M-033	アブリー	Common	Common	https://images.pokemontcg.io/sv5/75.png		1	dex+hp+damage+illustrator+rarity
sv5-76	Ribombee	에리본	SV5M-034	アブリボン	Uncommon	Uncommon	https://images.pokemontcg.io/sv5/76.png		1	dex+hp+damage+illustrator+rarity
sv5-78	Flutter Mane	날개치는머리	SV5K-033	ハバタクカミ	Rare	Rare	https://images.pokemontcg.io/sv5/78.png	https://assets.tcgdex.net/ja/SV/SV5K/033/low.webp	1	dex+hp+damage+illustrator+rarity
sv5-80	Iron Valiant	무쇠무인	SV5M-035	テツノブジン	Rare	Rare	https://images.pokemontcg.io/sv5/80.png		1	dex+hp+damage+illustrator+rarity
sv5-81	Iron Crown ex	무쇠감투 ex	SV5M-036	テツノカシラex	Double rare	Double Rare	https://images.pokemontcg.io/sv5/81.png		1	dex+hp+damage+illustrator+rarity
sv5-82	Meditite	요가랑	SV5M-037	アサナン	Common	Common	https://images.pokemontcg.io/sv5/82.png		1	dex+hp+damage+illustrator+rarity
sv5-83	Medicham	요가램	SV5M-038	チャーレム	Common	Common	https://images.pokemontcg.io/sv5/83.png		1	dex+hp+damage+illustrator+rarity
sv5-84	Relicanth	시라칸	SV5K-034	ジーランス	Rare	Rare	https://images.pokemontcg.io/sv5/84.png	https://assets.tcgdex.net/ja/SV/SV5K/034/low.webp	1	dex+hp+damage+illustrator+rarity
sv5-85	Drilbur	두더류	SV5M-039	モグリュー	Common	Common	https://images.pokemontcg.io/sv5/85.png		1	dex+hp+damage+illustrator+rarity
sv5-86	Excadrill	몰드류	SV5M-040	ドリュウズ	Uncommon	Uncommon	https://images.pokemontcg.io/sv5/86.png		1	dex+hp+damage+illustrator+rarity
sv5-87	Golett	골비람	SV5K-035	ゴビット	Common	Common	https://images.pokemontcg.io/sv5/87.png	https://assets.tcgdex.net/ja/SV/SV5K/035/low.webp	1	dex+hp+damage+illustrator+rarity
sv5-88	Golurk	골루그	SV5K-036	ゴルーグ	Uncommon	Uncommon	https://images.pokemontcg.io/sv5/88.png	https://assets.tcgdex.net/ja/SV/SV5K/036/low.webp	1	dex+hp+damage+illustrator+rarity
sv5-91	Mudbray	머드나기	SV5K-037	ドロバンコ	Common	Common	https://images.pokemontcg.io/sv5/91.png	https://assets.tcgdex.net/ja/SV/SV5K/037/low.webp	1	dex+hp+damage+illustrator+rarity
sv5-92	Mudsdale	만마드	SV5K-038	バンバドロ	Uncommon	Uncommon	https://images.pokemontcg.io/sv5/92.png	https://assets.tcgdex.net/ja/SV/SV5K/038/low.webp	1	dex+hp+damage+illustrator+rarity
sv5-93	Rolycoly	탄동	SV5K-039	タンドン	Common	Common	https://images.pokemontcg.io/sv5/93.png	https://assets.tcgdex.net/ja/SV/SV5K/039/low.webp	1	dex+hp+damage+illustrator+rarity
sv5-94	Carkol	탄차곤	SV5K-040	トロッゴン	Common	Common	https://images.pokemontcg.io/sv5/94.png	https://assets.tcgdex.net/ja/SV/SV5K/040/low.webp	1	dex+hp+damage+illustrator+rarity
sv5-95	Coalossal	석탄산	SV5K-041	セキタンザン	Uncommon	Uncommon	https://images.pokemontcg.io/sv5/95.png	https://assets.tcgdex.net/ja/SV/SV5K/041/low.webp	1	dex+hp+damage+illustrator+rarity
sv5-97	Great Tusk	위대한엄니	SV5K-042	イダイナキバ	Uncommon	Uncommon	https://images.pokemontcg.io/sv5/97.png	https://assets.tcgdex.net/ja/SV/SV5K/042/low.webp	1	dex+hp+damage+illustrator+rarity
sv5-99	Iron Boulder ex	무쇠암석 ex	SV5M-041	テツノイワオex	Double rare	Double Rare	https://images.pokemontcg.io/sv5/99.png		1	dex+hp+damage+illustrator+rarity
sv5-100	Ekans	아보	SV5K-043	アーボ	Common	Common	https://images.pokemontcg.io/sv5/100.png	https://assets.tcgdex.net/ja/SV/SV5K/043/low.webp	1	dex+hp+damage+illustrator+rarity
sv5-101	Arbok	아보크	SV5K-044	アーボック	Common	Common	https://images.pokemontcg.io/sv5/101.png	https://assets.tcgdex.net/ja/SV/SV5K/044/low.webp	1	dex+hp+damage+illustrator+rarity
sv5-102	Gastly	고오스	SV5K-045	ゴース	Common	Common	https://images.pokemontcg.io/sv5/102.png	https://assets.tcgdex.net/ja/SV/SV5K/045/low.webp	1	dex+hp+damage+illustrator+rarity
sv5-103	Haunter	고우스트	SV5K-046	ゴースト	Common	Common	https://images.pokemontcg.io/sv5/103.png	https://assets.tcgdex.net/ja/SV/SV5K/046/low.webp	1	dex+hp+damage+illustrator+rarity
sv5-104	Gengar ex	팬텀 ex	SV5K-047	ゲンガーex	Double rare	Double Rare	https://images.pokemontcg.io/sv5/104.png	https://assets.tcgdex.net/ja/SV/SV5K/047/low.webp	1	dex+hp+damage+illustrator+rarity
sv5-105	Poochyena	포챠나	SV5K-048	ポチエナ	Common	Common	https://images.pokemontcg.io/sv5/105.png	https://assets.tcgdex.net/ja/SV/SV5K/048/low.webp	1	dex+hp+damage+illustrator+rarity
sv5-106	Mightyena	그라에나	SV5K-049	グラエナ	Common	Common	https://images.pokemontcg.io/sv5/106.png	https://assets.tcgdex.net/ja/SV/SV5K/049/low.webp	1	dex+hp+damage+illustrator+rarity
sv5-107	Sableye	깜까미	SV5K-050	ヤミラミ	Uncommon	Uncommon	https://images.pokemontcg.io/sv5/107.png	https://assets.tcgdex.net/ja/SV/SV5K/050/low.webp	1	dex+hp+damage+illustrator+rarity
sv5-108	Farigiraf ex	키키링 ex	SV5M-042	リキキリンex	Double rare	Double Rare	https://images.pokemontcg.io/sv5/108.png		1	dex+hp+damage+illustrator+rarity
sv5-109	Roaring Moon	고동치는달	SV5K-051	トドロクツキ	Rare	Rare	https://images.pokemontcg.io/sv5/109.png	https://assets.tcgdex.net/ja/SV/SV5K/051/low.webp	1	dex+hp+damage+illustrator+rarity
sv5-110	Forretress	쏘콘	SV5M-043	フォレトス	Uncommon	Uncommon	https://images.pokemontcg.io/sv5/110.png		1	dex+hp+damage+illustrator+rarity
sv5-111	Scizor ex	핫삼 ex	SV5M-044	ハッサムex	Double rare	Double Rare	https://images.pokemontcg.io/sv5/111.png		1	dex+hp+damage+illustrator+rarity
sv5-112	Mawile	입치트	SV5M-045	クチート	Common	Common	https://images.pokemontcg.io/sv5/112.png		1	dex+hp+damage+illustrator+rarity
sv5-113	Beldum	메탕	SV5M-046	ダンバル	Common	Common	https://images.pokemontcg.io/sv5/113.png		1	dex+hp+damage+illustrator+rarity
sv5-114	Metang	메탕구	SV5M-047	メタング	Common	Common	https://images.pokemontcg.io/sv5/114.png		1	dex+hp+damage+illustrator+rarity
sv5-115	Metagross	메타그로스	SV5M-048	メタグロス	Uncommon	Uncommon	https://images.pokemontcg.io/sv5/115.png		1	dex+hp+damage+illustrator+rarity
sv5-116	Meltan	멜탄	SV5M-049	メルタン	Common	Common	https://images.pokemontcg.io/sv5/116.png		1	dex+hp+damage+illustrator+rarity
sv5-117	Melmetal	멜메탈	SV5M-050	メルメタル	Rare	Rare	https://images.pokemontcg.io/sv5/117.png		1	dex+hp+damage+illustrator+rarity
sv5-118	Iron Treads	무쇠바퀴	SV5M-051	テツノワダチ	Uncommon	Uncommon	https://images.pokemontcg.io/sv5/118.png		1	dex+hp+damage+illustrator+rarity
sv5-119	Koraidon	코라이돈	SV5K-052	コライドン	Rare	Rare	https://images.pokemontcg.io/sv5/119.png	https://assets.tcgdex.net/ja/SV/SV5K/052/low.webp	1	dex+hp+damage+illustrator+rarity
sv5-121	Miraidon	미라이돈	SV5M-052	ミライドン	Rare	Rare	https://images.pokemontcg.io/sv5/121.png		1	dex+hp+damage+illustrator+rarity
sv5-123	Raging Bolt ex	날뛰는우레 ex	SV5K-053	タケルライコex	Double rare	Double Rare	https://images.pokemontcg.io/sv5/123.png	https://assets.tcgdex.net/ja/SV/SV5K/053/low.webp	1	dex+hp+damage+illustrator+rarity
sv5-124	Lickitung	내루미	SV5M-053	ベロリンガ	Common	Common	https://images.pokemontcg.io/sv5/124.png		1	dex+hp+damage+illustrator+rarity
sv5-125	Lickilicky	내룸벨트	SV5M-054	ベロベルト	Common	Common	https://images.pokemontcg.io/sv5/125.png		1	dex+hp+damage+illustrator+rarity
sv5-126	Hoothoot	부우부	SV5K-054	ホーホー	Common	Common	https://images.pokemontcg.io/sv5/126.png	https://assets.tcgdex.net/ja/SV/SV5K/054/low.webp	1	dex+hp+damage+illustrator+rarity
sv5-127	Noctowl	야부엉	SV5K-055	ヨルノズク	Common	Common	https://images.pokemontcg.io/sv5/127.png	https://assets.tcgdex.net/ja/SV/SV5K/055/low.webp	1	dex+hp+damage+illustrator+rarity
sv5-128	Dunsparce	노고치	SV5K-056	ノコッチ	Common	Common	https://images.pokemontcg.io/sv5/128.png	https://assets.tcgdex.net/ja/SV/SV5K/056/low.webp	1	dex+hp+damage+illustrator+rarity
sv5-129	Dudunsparce	노고고치	SV5K-057	ノココッチ	Rare	Rare	https://images.pokemontcg.io/sv5/129.png	https://assets.tcgdex.net/ja/SV/SV5K/057/low.webp	1	dex+hp+damage+illustrator+rarity
sv5-130	Skitty	에나비	SV5M-055	エネコ	Common	Common	https://images.pokemontcg.io/sv5/130.png		1	dex+hp+damage+illustrator+rarity
sv5-131	Delcatty	델케티	SV5M-056	エネコロロ	Uncommon	Uncommon	https://images.pokemontcg.io/sv5/131.png		1	dex+hp+damage+illustrator+rarity
sv5-132	Chatot	페라페	SV5K-058	ペラップ	Common	Common	https://images.pokemontcg.io/sv5/132.png	https://assets.tcgdex.net/ja/SV/SV5K/058/low.webp	1	dex+hp+damage+illustrator+rarity
sv5-133	Pidove	콩둘기	SV5M-057	マメパト	Common	Common	https://images.pokemontcg.io/sv5/133.png		1	dex+hp+damage+illustrator+rarity
sv5-134	Tranquill	유토브	SV5M-058	ハトーボー	Common	Common	https://images.pokemontcg.io/sv5/134.png		1	dex+hp+damage+illustrator+rarity
sv5-135	Unfezant	켄호로우	SV5M-059	ケンホロウ	Uncommon	Uncommon	https://images.pokemontcg.io/sv5/135.png		1	dex+hp+damage+illustrator+rarity
sv5-136	Minccino	치라미	SV5K-059	チラーミィ	Common	Common	https://images.pokemontcg.io/sv5/136.png	https://assets.tcgdex.net/ja/SV/SV5K/059/low.webp	1	dex+hp+damage+illustrator+rarity
sv5-137	Cinccino	치라치노	SV5K-060	チラチーノ	Uncommon	Uncommon	https://images.pokemontcg.io/sv5/137.png	https://assets.tcgdex.net/ja/SV/SV5K/060/low.webp	1	dex+hp+damage+illustrator+rarity
sv5-138	Drampa	할비롱	SV5M-060	ジジーロン	Rare	Rare	https://images.pokemontcg.io/sv5/138.png		1	dex+hp+damage+illustrator+rarity
sv5-163	Shiftry	다탱구	SV5M-072	ダーテング	Illustration rare	Illustration Rare	https://images.pokemontcg.io/sv5/163.png		1	dex+hp+damage+illustrator+rarity
sv5-164	Grotle	수풀부기	SV5K-072	ハヤシガメ	Illustration rare	Illustration Rare	https://images.pokemontcg.io/sv5/164.png	https://assets.tcgdex.net/ja/SV/SV5K/072/low.webp	1	dex+hp+damage+illustrator+rarity
sv5-165	Deerling	사철록	SV5M-073	シキジカ	Illustration rare	Illustration Rare	https://images.pokemontcg.io/sv5/165.png		1	dex+hp+damage+illustrator+rarity
sv5-166	Sawsbuck	바라철록	SV5M-074	メブキジカ	Illustration rare	Illustration Rare	https://images.pokemontcg.io/sv5/166.png		1	dex+hp+damage+illustrator+rarity
sv5-167	Litten	냐오불	SV5M-075	ニャビー	Illustration rare	Illustration Rare	https://images.pokemontcg.io/sv5/167.png		1	dex+hp+damage+illustrator+rarity
sv5-168	Snom	누니머기	SV5K-073	ユキハミ	Illustration rare	Illustration Rare	https://images.pokemontcg.io/sv5/168.png	https://assets.tcgdex.net/ja/SV/SV5K/073/low.webp	1	dex+hp+damage+illustrator+rarity
sv5-169	Charjabug	전지충이	SV5M-076	デンヂムシ	Illustration rare	Illustration Rare	https://images.pokemontcg.io/sv5/169.png		1	dex+hp+damage+illustrator+rarity
sv5-170	Bronzor	동미러	SV5K-074	ドーミラー	Illustration rare	Illustration Rare	https://images.pokemontcg.io/sv5/170.png	https://assets.tcgdex.net/ja/SV/SV5K/074/low.webp	1	dex+hp+damage+illustrator+rarity
sv5-171	Reuniclus	란쿨루스	SV5K-075	ランクルス	Illustration rare	Illustration Rare	https://images.pokemontcg.io/sv5/171.png	https://assets.tcgdex.net/ja/SV/SV5K/075/low.webp	1	dex+hp+damage+illustrator+rarity
sv5-172	Cutiefly	에블리	SV5M-078	アブリー	Illustration rare	Illustration Rare	https://images.pokemontcg.io/sv5/172.png		1	dex+hp+damage+illustrator+rarity
sv5-173	Relicanth	시라칸	SV5K-077	ジーランス	Illustration rare	Illustration Rare	https://images.pokemontcg.io/sv5/173.png	https://assets.tcgdex.net/ja/SV/SV5K/077/low.webp	1	dex+hp+damage+illustrator+rarity
sv5-174	Excadrill	몰드류	SV5M-079	ドリュウズ	Illustration rare	Illustration Rare	https://images.pokemontcg.io/sv5/174.png		1	dex+hp+damage+illustrator+rarity
sv5-175	Mudsdale	만마드	SV5K-078	バンバドロ	Illustration rare	Illustration Rare	https://images.pokemontcg.io/sv5/175.png	https://assets.tcgdex.net/ja/SV/SV5K/078/low.webp	1	dex+hp+damage+illustrator+rarity
sv5-176	Arbok	아보크	SV5K-079	アーボック	Illustration rare	Illustration Rare	https://images.pokemontcg.io/sv5/176.png	https://assets.tcgdex.net/ja/SV/SV5K/079/low.webp	1	dex+hp+damage+illustrator+rarity
sv5-177	Gastly	고오스	SV5K-080	ゴース	Illustration rare	Illustration Rare	https://images.pokemontcg.io/sv5/177.png	https://assets.tcgdex.net/ja/SV/SV5K/080/low.webp	1	dex+hp+damage+illustrator+rarity
sv5-178	Metagross	메타그로스	SV5M-080	メタグロス	Illustration rare	Illustration Rare	https://images.pokemontcg.io/sv5/178.png		1	dex+hp+damage+illustrator+rarity
sv5-179	Meltan	멜탄	SV5M-081	メルタン	Illustration rare	Illustration Rare	https://images.pokemontcg.io/sv5/179.png		1	dex+hp+damage+illustrator+rarity
sv5-180	Lickitung	내루미	SV5M-082	ベロリンガ	Illustration rare	Illustration Rare	https://images.pokemontcg.io/sv5/180.png		1	dex+hp+damage+illustrator+rarity
sv5-181	Chatot	페라페	SV5K-081	ペラップ	Illustration rare	Illustration Rare	https://images.pokemontcg.io/sv5/181.png	https://assets.tcgdex.net/ja/SV/SV5K/081/low.webp	1	dex+hp+damage+illustrator+rarity
sv5-182	Minccino	치라미	SV5K-082	チラーミィ	Illustration rare	Illustration Rare	https://images.pokemontcg.io/sv5/182.png	https://assets.tcgdex.net/ja/SV/SV5K/082/low.webp	1	dex+hp+damage+illustrator+rarity
sv5-183	Cinccino	치라치노	SV5K-083	チラチーノ	Illustration rare	Illustration Rare	https://images.pokemontcg.io/sv5/183.png	https://assets.tcgdex.net/ja/SV/SV5K/083/low.webp	1	dex+hp+damage+illustrator+rarity
sv5-184	Drampa	할비롱	SV5M-083	ジジーロン	Illustration rare	Illustration Rare	https://images.pokemontcg.io/sv5/184.png		1	dex+hp+damage+illustrator+rarity
sv5-185	Torterra ex	토대부기 ex	SV5K-084	ドダイトスex	Ultra Rare	Ultra Rare	https://images.pokemontcg.io/sv5/185.png	https://assets.tcgdex.net/ja/SV/SV5K/084/low.webp	1	dex+hp+damage+illustrator+rarity
sv5-186	Iron Leaves ex	무쇠잎새 ex	SV5M-084	テツノイサハex	Ultra Rare	Ultra Rare	https://images.pokemontcg.io/sv5/186.png		1	dex+hp+damage+illustrator+rarity
sv5-187	Incineroar ex	어흥염 ex	SV5M-085	ガオガエンex	Ultra Rare	Ultra Rare	https://images.pokemontcg.io/sv5/187.png		1	dex+hp+damage+illustrator+rarity
sv5-188	Gouging Fire ex	꿰뚫는화염 ex	SV5K-085	ウガツホムラex	Ultra Rare	Ultra Rare	https://images.pokemontcg.io/sv5/188.png	https://assets.tcgdex.net/ja/SV/SV5K/085/low.webp	1	dex+hp+damage+illustrator+rarity
sv5-189	Walking Wake ex	굽이치는물결 ex	SV5K-086	ウネルミナモex	Ultra Rare	Ultra Rare	https://images.pokemontcg.io/sv5/189.png	https://assets.tcgdex.net/ja/SV/SV5K/086/low.webp	1	dex+hp+damage+illustrator+rarity
sv5-190	Wugtrio ex	바닥트리오 ex	SV5K-087	ウミトリオex	Ultra Rare	Ultra Rare	https://images.pokemontcg.io/sv5/190.png	https://assets.tcgdex.net/ja/SV/SV5K/087/low.webp	1	dex+hp+damage+illustrator+rarity
sv5-191	Iron Crown ex	무쇠감투 ex	SV5M-086	テツノカシラex	Ultra Rare	Ultra Rare	https://images.pokemontcg.io/sv5/191.png		1	dex+hp+damage+illustrator+rarity
sv5-192	Iron Boulder ex	무쇠암석 ex	SV5M-087	テツノイワオex	Ultra Rare	Ultra Rare	https://images.pokemontcg.io/sv5/192.png		1	dex+hp+damage+illustrator+rarity
sv5-193	Gengar ex	팬텀 ex	SV5K-088	ゲンガーex	Ultra Rare	Ultra Rare	https://images.pokemontcg.io/sv5/193.png	https://assets.tcgdex.net/ja/SV/SV5K/088/low.webp	1	dex+hp+damage+illustrator+rarity
sv5-194	Farigiraf ex	키키링 ex	SV5M-088	リキキリンex	Ultra Rare	Ultra Rare	https://images.pokemontcg.io/sv5/194.png		1	dex+hp+damage+illustrator+rarity
sv5-195	Scizor ex	핫삼 ex	SV5M-089	ハッサムex	Ultra Rare	Ultra Rare	https://images.pokemontcg.io/sv5/195.png		1	dex+hp+damage+illustrator+rarity
sv5-196	Raging Bolt ex	날뛰는우레 ex	SV5K-089	タケルライコex	Ultra Rare	Ultra Rare	https://images.pokemontcg.io/sv5/196.png	https://assets.tcgdex.net/ja/SV/SV5K/089/low.webp	1	dex+hp+damage+illustrator+rarity
sv5-203	Iron Leaves ex	무쇠잎새 ex	SV5M-093	テツノイサハex	Special illustration rare	Special Illustration Rare	https://images.pokemontcg.io/sv5/203.png		1	dex+hp+damage+illustrator+rarity
sv5-204	Gouging Fire ex	꿰뚫는화염 ex	SV5K-093	ウガツホムラex	Special illustration rare	Special Illustration Rare	https://images.pokemontcg.io/sv5/204.png	https://assets.tcgdex.net/ja/SV/SV5K/093/low.webp	1	dex+hp+damage+illustrator+rarity
sv5-205	Walking Wake ex	굽이치는물결 ex	SV5K-094	ウネルミナモex	Special illustration rare	Special Illustration Rare	https://images.pokemontcg.io/sv5/205.png	https://assets.tcgdex.net/ja/SV/SV5K/094/low.webp	1	dex+hp+damage+illustrator+rarity
sv5-206	Iron Crown ex	무쇠감투 ex	SV5M-094	テツノカシラex	Special illustration rare	Special Illustration Rare	https://images.pokemontcg.io/sv5/206.png		1	dex+hp+damage+illustrator+rarity
sv5-207	Iron Boulder ex	무쇠암석 ex	SV5M-095	テツノイワオex	Special illustration rare	Special Illustration Rare	https://images.pokemontcg.io/sv5/207.png		1	dex+hp+damage+illustrator+rarity
sv5-208	Raging Bolt ex	날뛰는우레 ex	SV5K-095	タケルライコex	Special illustration rare	Special Illustration Rare	https://images.pokemontcg.io/sv5/208.png	https://assets.tcgdex.net/ja/SV/SV5K/095/low.webp	1	dex+hp+damage+illustrator+rarity
sv4pt5-1	Pineco	피콘	SV2D-004	クヌギダマ	Common	Common	https://images.pokemontcg.io/sv4pt5/1.png	https://assets.tcgdex.net/ja/SV/SV2D/004/low.webp	1	dex+hp+damage+illustrator+rarity
sv4pt5-3	Maractus	마라카치	SV4K-003	マラカッチ	Common	Common	https://images.pokemontcg.io/sv4pt5/3.png	https://assets.tcgdex.net/ja/SV/SV4K/003/low.webp	1	dex+hp+damage+illustrator+rarity
sv4pt5-4	Toedscool	들눈해	SV1V-009	ノノクラゲ	Common	Common	https://images.pokemontcg.io/sv4pt5/4.png	https://assets.tcgdex.net/ja/SV/SV1V/009/low.webp	1	dex+hp+damage+illustrator+rarity
sv4pt5-7	Charmander	파이리	SV2a-004	ヒトカゲ	Common	Common	https://images.pokemontcg.io/sv4pt5/7.png	https://assets.tcgdex.net/ja/SV/SV2a/004/low.webp	1	dex+hp+damage+illustrator+rarity
sv4pt5-11	Numel	둔타	SV4K-011	ドンメル	Common	Common	https://images.pokemontcg.io/sv4pt5/11.png	https://assets.tcgdex.net/ja/SV/SV4K/011/low.webp	1	dex+hp+damage+illustrator+rarity
sv4pt5-12	Camerupt	폭타	SV4K-012	バクーダ	Uncommon	Uncommon	https://images.pokemontcg.io/sv4pt5/12.png	https://assets.tcgdex.net/ja/SV/SV4K/012/low.webp	1	dex+hp+damage+illustrator+rarity
sv4pt5-14	Charcadet	카르본	SV1S-011	カルボウ	Common	Common	https://images.pokemontcg.io/sv4pt5/14.png	https://assets.tcgdex.net/ja/SV/SV1S/011/low.webp	1	dex+hp+damage+illustrator+rarity
sv4pt5-15	Armarouge	카디나르마	SV1S-012	グレンアルマ	Rare	Rare	https://images.pokemontcg.io/sv4pt5/15.png	https://assets.tcgdex.net/ja/SV/SV1S/012/low.webp	1	dex+hp+damage+illustrator+rarity
sv4pt5-16	Lapras	라프라스	SV3a-002	ラプラス	Common	Common	https://images.pokemontcg.io/sv4pt5/16.png	https://assets.tcgdex.net/ja/SV/SV3a/002/low.webp	1	dex+hp+damage+illustrator+rarity
sv4pt5-18	Pikachu	피카츄	SV2D-017	ピカチュウ	Common	Common	https://images.pokemontcg.io/sv4pt5/18.png	https://assets.tcgdex.net/ja/SV/SV2D/017/low.webp	1	dex+hp+damage+illustrator+rarity
sv4pt5-19	Raichu	라이츄	SV2a-026	ライチュウ	Rare	Rare	https://images.pokemontcg.io/sv4pt5/19.png	https://assets.tcgdex.net/ja/SV/SV2a/026/low.webp	1	dex+hp+damage+illustrator+rarity
sv4pt5-20	Chinchou	초라기	SV3a-012	チョンチー	Common	Common	https://images.pokemontcg.io/sv4pt5/20.png	https://assets.tcgdex.net/ja/SV/SV3a/012/low.webp	1	dex+hp+damage+illustrator+rarity
sv4pt5-21	Lanturn	랜턴	SV3a-013	ランターン	Uncommon	Uncommon	https://images.pokemontcg.io/sv4pt5/21.png	https://assets.tcgdex.net/ja/SV/SV3a/013/low.webp	1	dex+hp+damage+illustrator+rarity
sv4pt5-27	Ralts	랄토스	SV1S-026	ラルトス	Common	Common	https://images.pokemontcg.io/sv4pt5/27.png	https://assets.tcgdex.net/ja/SV/SV1S/026/low.webp	1	dex+hp+damage+illustrator+rarity
sv4pt5-30	Chimecho	치렁	SV4M-028	チリーン	Common	Common	https://images.pokemontcg.io/sv4pt5/30.png	https://assets.tcgdex.net/ja/SV/SV4M/028/low.webp	1	dex+hp+damage+illustrator+rarity
sv4pt5-32	Woobat	또르박쥐	SV4K-028	コロモリ	Common	Common	https://images.pokemontcg.io/sv4pt5/32.png	https://assets.tcgdex.net/ja/SV/SV4K/028/low.webp	1	dex+hp+damage+illustrator+rarity
sv4pt5-33	Swoobat	맘박쥐	SV4K-029	ココロモリ	Uncommon	Uncommon	https://images.pokemontcg.io/sv4pt5/33.png	https://assets.tcgdex.net/ja/SV/SV4K/029/low.webp	1	dex+hp+damage+illustrator+rarity
sv4pt5-37	Mimikyu	따라큐	SV2P-034	ミミッキュ	Rare	Rare	https://images.pokemontcg.io/sv4pt5/37.png	https://assets.tcgdex.net/ja/SV/SV2P/034/low.webp	1	dex+hp+damage+illustrator+rarity
sv4pt5-38	Fidough	쫀도기	SV1S-032	パピモッチ	Common	Common	https://images.pokemontcg.io/sv4pt5/38.png	https://assets.tcgdex.net/ja/SV/SV1S/032/low.webp	1	dex+hp+damage+illustrator+rarity
sv4pt5-39	Dachsbun	바우첼	SV1S-034	バウッツェル	Uncommon	Uncommon	https://images.pokemontcg.io/sv4pt5/39.png	https://assets.tcgdex.net/ja/SV/SV1S/034/low.webp	1	dex+hp+damage+illustrator+rarity
sv4pt5-40	Ceruledge	파라블레이즈	SV2D-031	ソウブレイズ	Rare	Rare	https://images.pokemontcg.io/sv4pt5/40.png	https://assets.tcgdex.net/ja/SV/SV2D/031/low.webp	1	dex+hp+damage+illustrator+rarity
sv4pt5-42	Greavard	망망이	SV1V-046	ボチ	Common	Common	https://images.pokemontcg.io/sv4pt5/42.png	https://assets.tcgdex.net/ja/SV/SV1V/046/low.webp	1	dex+hp+damage+illustrator+rarity
sv4pt5-43	Houndstone	묘두기	SV1V-048	ハカドッグ	Rare	Rare	https://images.pokemontcg.io/sv4pt5/43.png	https://assets.tcgdex.net/ja/SV/SV1V/048/low.webp	1	dex+hp+damage+illustrator+rarity
sv4pt5-45	Mankey	망키	SV1V-049	マンキー	Common	Common	https://images.pokemontcg.io/sv4pt5/45.png	https://assets.tcgdex.net/ja/SV/SV1V/049/low.webp	1	dex+hp+damage+illustrator+rarity
sv4pt5-47	Annihilape	저승갓숭	SV1V-051	コノヨザル	Rare	Rare	https://images.pokemontcg.io/sv4pt5/47.png	https://assets.tcgdex.net/ja/SV/SV1V/051/low.webp	1	dex+hp+damage+illustrator+rarity
sv4pt5-48	Phanpy	코코리	SV3a-024	ゴマゾウ	Common	Common	https://images.pokemontcg.io/sv4pt5/48.png	https://assets.tcgdex.net/ja/SV/SV3a/024/low.webp	1	dex+hp+damage+illustrator+rarity
sv4pt5-49	Donphan	코리갑	SV3a-025	ドンファン	Uncommon	Uncommon	https://images.pokemontcg.io/sv4pt5/49.png	https://assets.tcgdex.net/ja/SV/SV3a/025/low.webp	1	dex+hp+damage+illustrator+rarity
sv4pt5-51	Clobbopus	때때무노	SV4K-035	タタッコ	Common	Common	https://images.pokemontcg.io/sv4pt5/51.png	https://assets.tcgdex.net/ja/SV/SV4K/035/low.webp	1	dex+hp+damage+illustrator+rarity
sv4pt5-52	Grapploct	케오퍼스	SV4K-036	オトスパス	Uncommon	Uncommon	https://images.pokemontcg.io/sv4pt5/52.png	https://assets.tcgdex.net/ja/SV/SV4K/036/low.webp	1	dex+hp+damage+illustrator+rarity
sv4pt5-55	Gastly	고오스	SV3a-033	ゴース	Common	Common	https://images.pokemontcg.io/sv4pt5/55.png	https://assets.tcgdex.net/ja/SV/SV3a/033/low.webp	1	dex+hp+damage+illustrator+rarity
sv4pt5-56	Haunter	고우스트	SV3a-034	ゴースト	Common	Common	https://images.pokemontcg.io/sv4pt5/56.png	https://assets.tcgdex.net/ja/SV/SV3a/034/low.webp	1	dex+hp+damage+illustrator+rarity
sv4pt5-57	Gengar	팬텀	SV3a-035	ゲンガー	Uncommon	Uncommon	https://images.pokemontcg.io/sv4pt5/57.png	https://assets.tcgdex.net/ja/SV/SV3a/035/low.webp	1	dex+hp+damage+illustrator+rarity
sv4pt5-58	Paldean Wooper	팔데아 우파	SV1a-053	パルデア ウパー	Common	Common	https://images.pokemontcg.io/sv4pt5/58.png	https://assets.tcgdex.net/ja/SV/SV1a/053/low.webp	1	dex+hp+damage+illustrator+rarity
sv4pt5-60	Scraggy	곤율랭	SV3a-037	ズルッグ	Common	Common	https://images.pokemontcg.io/sv4pt5/60.png	https://assets.tcgdex.net/ja/SV/SV3a/037/low.webp	1	dex+hp+damage+illustrator+rarity
sv4pt5-61	Scrafty	곤율거니	SV3a-038	ズルズキン	Uncommon	Uncommon	https://images.pokemontcg.io/sv4pt5/61.png	https://assets.tcgdex.net/ja/SV/SV3a/038/low.webp	1	dex+hp+damage+illustrator+rarity
sv4pt5-62	Maschiff	오라티프	SV2P-047	オラチフ	Common	Common	https://images.pokemontcg.io/sv4pt5/62.png	https://assets.tcgdex.net/ja/SV/SV2P/047/low.webp	1	dex+hp+damage+illustrator+rarity
sv4pt5-65	Revavroom	부르르룸	SV1S-061	ブロロローム	Rare	Rare	https://images.pokemontcg.io/sv4pt5/65.png	https://assets.tcgdex.net/ja/SV/SV1S/061/low.webp	1	dex+hp+damage+illustrator+rarity
sv4pt5-68	Noibat	음뱃	SV2D-057	オンバット	Common	Common	https://images.pokemontcg.io/sv4pt5/68.png	https://assets.tcgdex.net/ja/SV/SV2D/057/low.webp	1	dex+hp+damage+illustrator+rarity
sv4pt5-71	Lechonk	맛보돈	SV1S-067	グルトン	Common	Common	https://images.pokemontcg.io/sv4pt5/71.png	https://assets.tcgdex.net/ja/SV/SV1S/067/low.webp	1	dex+hp+damage+illustrator+rarity
sv4pt5-72	Oinkologne	퍼퓨돈	SV3-098	パフュートン	Uncommon	Uncommon	https://images.pokemontcg.io/sv4pt5/72.png	https://assets.tcgdex.net/ja/SV/SV3/098/low.webp	1	dex+hp+damage+illustrator+rarity
sv4pt5-73	Tandemaus	두리쥐	SV2D-062	ワッカネズミ	Common	Common	https://images.pokemontcg.io/sv4pt5/73.png	https://assets.tcgdex.net/ja/SV/SV2D/062/low.webp	1	dex+hp+damage+illustrator+rarity
sv4pt5-74	Maushold	파밀리쥐	SV1V-066	イッカネズミ	Uncommon	Uncommon	https://images.pokemontcg.io/sv4pt5/74.png	https://assets.tcgdex.net/ja/SV/SV1V/066/low.webp	1	dex+hp+damage+illustrator+rarity
sv4pt5-243	Miraidon ex	미라이돈 ex	SV1V-106	ミライドンex	Hyper rare	Hyper Rare	https://images.pokemontcg.io/sv4pt5/243.png	https://assets.tcgdex.net/ja/SV/SV1V/106/low.webp	1	dex+hp+damage+illustrator+rarity
sv4-1	Surskit	비구술	SV4M-001	アメタマ	Common	Common	https://images.pokemontcg.io/sv4/1.png	https://assets.tcgdex.net/ja/SV/SV4M/001/low.webp	1	dex+hp+damage+illustrator+rarity
sv4-2	Masquerain	비나방	SV4M-002	アメモース	Uncommon	Uncommon	https://images.pokemontcg.io/sv4/2.png	https://assets.tcgdex.net/ja/SV/SV4M/002/low.webp	1	dex+hp+damage+illustrator+rarity
sv4-4	Pansage	야나프	SV4K-001	ヤナップ	Common	Common	https://images.pokemontcg.io/sv4/4.png	https://assets.tcgdex.net/ja/SV/SV4K/001/low.webp	1	dex+hp+damage+illustrator+rarity
sv4-5	Simisage	야나키	SV4K-002	ヤナッキー	Uncommon	Uncommon	https://images.pokemontcg.io/sv4/5.png	https://assets.tcgdex.net/ja/SV/SV4K/002/low.webp	1	dex+hp+damage+illustrator+rarity
sv4-6	Dwebble	돌살이	SV4K-004	イシズマイ	Common	Common	https://images.pokemontcg.io/sv4/6.png	https://assets.tcgdex.net/ja/SV/SV4K/004/low.webp	1	dex+hp+damage+illustrator+rarity
sv4-7	Crustle	암팰리스	SV4K-005	イワパレス	Common	Common	https://images.pokemontcg.io/sv4/7.png	https://assets.tcgdex.net/ja/SV/SV4K/005/low.webp	1	dex+hp+damage+illustrator+rarity
sv4-8	Bounsweet	달콤아	SV4K-006	アマカジ	Common	Common	https://images.pokemontcg.io/sv4/8.png	https://assets.tcgdex.net/ja/SV/SV4K/006/low.webp	1	dex+hp+damage+illustrator+rarity
sv4-9	Steenee	달무리나	SV4K-007	アママイコ	Uncommon	Uncommon	https://images.pokemontcg.io/sv4/9.png	https://assets.tcgdex.net/ja/SV/SV4K/007/low.webp	1	dex+hp+damage+illustrator+rarity
sv4-10	Blipbug	두루지벌레	SV4M-003	サッチムシ	Common	Common	https://images.pokemontcg.io/sv4/10.png	https://assets.tcgdex.net/ja/SV/SV4M/003/low.webp	1	dex+hp+damage+illustrator+rarity
sv4-11	Dottler	레돔벌레	SV4M-004	レドームシ	Common	Common	https://images.pokemontcg.io/sv4/11.png	https://assets.tcgdex.net/ja/SV/SV4M/004/low.webp	1	dex+hp+damage+illustrator+rarity
sv4-12	Orbeetle	이올브	SV4M-005	イオルブ	Uncommon	Uncommon	https://images.pokemontcg.io/sv4/12.png	https://assets.tcgdex.net/ja/SV/SV4M/005/low.webp	1	dex+hp+damage+illustrator+rarity
sv4-13	Nymble	콩알뚜기	SV4K-008	マメバッタ	Common	Common	https://images.pokemontcg.io/sv4/13.png	https://assets.tcgdex.net/ja/SV/SV4K/008/low.webp	1	dex+hp+damage+illustrator+rarity
sv4-14	Nymble	콩알뚜기	SV4K-009	マメバッタ	Common	Common	https://images.pokemontcg.io/sv4/14.png	https://assets.tcgdex.net/ja/SV/SV4K/009/low.webp	1	dex+hp+damage+illustrator+rarity
sv4-15	Toedscool	들눈해	SV4M-006	ノノクラゲ	Common	Common	https://images.pokemontcg.io/sv4/15.png	https://assets.tcgdex.net/ja/SV/SV4M/006/low.webp	1	dex+hp+damage+illustrator+rarity
sv4-16	Toedscool	들눈해	SV4M-007	ノノクラゲ	Common	Common	https://images.pokemontcg.io/sv4/16.png	https://assets.tcgdex.net/ja/SV/SV4M/007/low.webp	1	dex+hp+damage+illustrator+rarity
sv4-17	Toedscruel	육파리	SV4M-008	リククラゲ	Uncommon	Uncommon	https://images.pokemontcg.io/sv4/17.png	https://assets.tcgdex.net/ja/SV/SV4M/008/low.webp	1	dex+hp+damage+illustrator+rarity
sv4-18	Wo-Chien	총지엔	SV4M-009	チオンジェン	Rare	Rare	https://images.pokemontcg.io/sv4/18.png	https://assets.tcgdex.net/ja/SV/SV4M/009/low.webp	1	dex+hp+damage+illustrator+rarity
sv4-19	Magby	마그비	SV4K-010	ブビィ	Common	Common	https://images.pokemontcg.io/sv4/19.png	https://assets.tcgdex.net/ja/SV/SV4K/010/low.webp	1	dex+hp+damage+illustrator+rarity
sv4-20	Pansear	바오프	SV4M-010	バオップ	Common	Common	https://images.pokemontcg.io/sv4/20.png	https://assets.tcgdex.net/ja/SV/SV4M/010/low.webp	1	dex+hp+damage+illustrator+rarity
sv4-21	Simisear	바오키	SV4M-011	バオッキー	Uncommon	Uncommon	https://images.pokemontcg.io/sv4/21.png	https://assets.tcgdex.net/ja/SV/SV4M/011/low.webp	1	dex+hp+damage+illustrator+rarity
sv4-25	Charcadet	카르본	SV4K-013	カルボウ	Common	Common	https://images.pokemontcg.io/sv4/25.png	https://assets.tcgdex.net/ja/SV/SV4K/013/low.webp	1	dex+hp+damage+illustrator+rarity
sv4-26	Charcadet	카르본	SV4K-014	カルボウ	Common	Common	https://images.pokemontcg.io/sv4/26.png	https://assets.tcgdex.net/ja/SV/SV4K/014/low.webp	1	dex+hp+damage+illustrator+rarity
sv4-28	Iron Moth	무쇠독나방	SV4M-012	テツノドクガ	Rare	Rare	https://images.pokemontcg.io/sv4/28.png	https://assets.tcgdex.net/ja/SV/SV4M/012/low.webp	1	dex+hp+damage+illustrator+rarity
sv4-29	Chi-Yu	위유이	SV4K-016	イーユイ	Rare	Rare	https://images.pokemontcg.io/sv4/29.png	https://assets.tcgdex.net/ja/SV/SV4K/016/low.webp	1	dex+hp+damage+illustrator+rarity
sv4-30	Horsea	쏘드라	SV4K-017	タッツー	Common	Common	https://images.pokemontcg.io/sv4/30.png	https://assets.tcgdex.net/ja/SV/SV4K/017/low.webp	1	dex+hp+damage+illustrator+rarity
sv4-31	Seadra	시드라	SV4K-018	シードラ	Common	Common	https://images.pokemontcg.io/sv4/31.png	https://assets.tcgdex.net/ja/SV/SV4K/018/low.webp	1	dex+hp+damage+illustrator+rarity
sv4-32	Kingdra	킹드라	SV4K-019	キングドラ	Rare	Rare	https://images.pokemontcg.io/sv4/32.png	https://assets.tcgdex.net/ja/SV/SV4K/019/low.webp	1	dex+hp+damage+illustrator+rarity
sv4-33	Remoraid	총어	SV3a-003	テッポウオ	Common	Common	https://images.pokemontcg.io/sv4/33.png	https://assets.tcgdex.net/ja/SV/SV3a/003/low.webp	1	dex+hp+damage+illustrator+rarity
sv4-34	Octillery	대포무노	SV3a-004	オクタン	Common	Common	https://images.pokemontcg.io/sv4/34.png	https://assets.tcgdex.net/ja/SV/SV3a/004/low.webp	1	dex+hp+damage+illustrator+rarity
sv4-35	Feebas	빈티나	SV4M-013	ヒンバス	Common	Common	https://images.pokemontcg.io/sv4/35.png	https://assets.tcgdex.net/ja/SV/SV4M/013/low.webp	1	dex+hp+damage+illustrator+rarity
sv4-36	Milotic	밀로틱	SV4M-014	ミロカロス	Rare	Rare	https://images.pokemontcg.io/sv4/36.png	https://assets.tcgdex.net/ja/SV/SV4M/014/low.webp	1	dex+hp+damage+illustrator+rarity
sv4-37	Snorunt	눈꼬마	SV3a-005	ユキワラシ	Common	Common	https://images.pokemontcg.io/sv4/37.png	https://assets.tcgdex.net/ja/SV/SV3a/005/low.webp	1	dex+hp+damage+illustrator+rarity
sv4-39	Mantyke	타만타	SV3a-007	タマンタ	Common	Common	https://images.pokemontcg.io/sv4/39.png	https://assets.tcgdex.net/ja/SV/SV3a/007/low.webp	1	dex+hp+damage+illustrator+rarity
sv4-40	Palkia	펄기아	SV3a-008	パルキア	Rare	Rare	https://images.pokemontcg.io/sv4/40.png	https://assets.tcgdex.net/ja/SV/SV3a/008/low.webp	1	dex+hp+damage+illustrator+rarity
sv4-41	Panpour	앗차프	SV4M-015	ヒヤップ	Common	Common	https://images.pokemontcg.io/sv4/41.png	https://assets.tcgdex.net/ja/SV/SV4M/015/low.webp	1	dex+hp+damage+illustrator+rarity
sv4-42	Simipour	앗차키	SV4M-016	ヒヤッキー	Uncommon	Uncommon	https://images.pokemontcg.io/sv4/42.png	https://assets.tcgdex.net/ja/SV/SV4M/016/low.webp	1	dex+hp+damage+illustrator+rarity
sv4-43	Vanillite	바닐프티	SV4M-017	バニプッチ	Common	Common	https://images.pokemontcg.io/sv4/43.png	https://assets.tcgdex.net/ja/SV/SV4M/017/low.webp	1	dex+hp+damage+illustrator+rarity
sv4-44	Vanillish	바닐리치	SV4M-018	バニリッチ	Common	Common	https://images.pokemontcg.io/sv4/44.png	https://assets.tcgdex.net/ja/SV/SV4M/018/low.webp	1	dex+hp+damage+illustrator+rarity
sv4-45	Vanilluxe	배바닐라	SV4M-019	バイバニラ	Uncommon	Uncommon	https://images.pokemontcg.io/sv4/45.png	https://assets.tcgdex.net/ja/SV/SV4M/019/low.webp	1	dex+hp+damage+illustrator+rarity
sv4-47	Wimpod	꼬시레	SV3a-009	コソクムシ	Common	Common	https://images.pokemontcg.io/sv4/47.png	https://assets.tcgdex.net/ja/SV/SV3a/009/low.webp	1	dex+hp+damage+illustrator+rarity
sv4-48	Wimpod	꼬시레	SV4K-021	コソクムシ	Common	Common	https://images.pokemontcg.io/sv4/48.png	https://assets.tcgdex.net/ja/SV/SV4K/021/low.webp	1	dex+hp+damage+illustrator+rarity
sv4-49	Golisopod	갑주무사	SV3a-010	グソクムシャ	Rare	Rare	https://images.pokemontcg.io/sv4/49.png	https://assets.tcgdex.net/ja/SV/SV3a/010/low.webp	1	dex+hp+damage+illustrator+rarity
sv4-51	Wiglett	바다그다	SV4K-023	ウミディグダ	Common	Common	https://images.pokemontcg.io/sv4/51.png	https://assets.tcgdex.net/ja/SV/SV4K/023/low.webp	1	dex+hp+damage+illustrator+rarity
sv4-52	Wiglett	바다그다	SV4K-024	ウミディグダ	Common	Common	https://images.pokemontcg.io/sv4/52.png	https://assets.tcgdex.net/ja/SV/SV4K/024/low.webp	1	dex+hp+damage+illustrator+rarity
sv4-53	Wugtrio	바닥트리오	SV4K-025	ウミトリオ	Uncommon	Uncommon	https://images.pokemontcg.io/sv4/53.png	https://assets.tcgdex.net/ja/SV/SV4K/025/low.webp	1	dex+hp+damage+illustrator+rarity
sv4-54	Veluza	가비루사	SV4K-026	ミガルーサ	Uncommon	Uncommon	https://images.pokemontcg.io/sv4/54.png	https://assets.tcgdex.net/ja/SV/SV4K/026/low.webp	1	dex+hp+damage+illustrator+rarity
sv4-55	Dondozo	어써러셔	SV3a-011	ヘイラッシャ	Uncommon	Uncommon	https://images.pokemontcg.io/sv4/55.png	https://assets.tcgdex.net/ja/SV/SV3a/011/low.webp	1	dex+hp+damage+illustrator+rarity
sv4-56	Iron Bundle	무쇠보따리	SV4M-020	テツノツツミ	Uncommon	Uncommon	https://images.pokemontcg.io/sv4/56.png	https://assets.tcgdex.net/ja/SV/SV4M/020/low.webp	1	dex+hp+damage+illustrator+rarity
sv4-57	Chien-Pao	파오젠	SV4M-021	パオジアン	Rare	Rare	https://images.pokemontcg.io/sv4/57.png	https://assets.tcgdex.net/ja/SV/SV4M/021/low.webp	1	dex+hp+damage+illustrator+rarity
sv4-59	Elekid	에레키드	SV4M-022	エレキッド	Common	Common	https://images.pokemontcg.io/sv4/59.png	https://assets.tcgdex.net/ja/SV/SV4M/022/low.webp	1	dex+hp+damage+illustrator+rarity
sv4-60	Plusle	플러시	SV3a-014	プラスル	Common	Common	https://images.pokemontcg.io/sv4/60.png	https://assets.tcgdex.net/ja/SV/SV3a/014/low.webp	1	dex+hp+damage+illustrator+rarity
sv4-61	Minun	마이농	SV3a-015	マイナン	Common	Common	https://images.pokemontcg.io/sv4/61.png	https://assets.tcgdex.net/ja/SV/SV3a/015/low.webp	1	dex+hp+damage+illustrator+rarity
sv4-62	Blitzle	줄뮤마	SV4M-023	シママ	Common	Common	https://images.pokemontcg.io/sv4/62.png	https://assets.tcgdex.net/ja/SV/SV4M/023/low.webp	1	dex+hp+damage+illustrator+rarity
sv4-63	Zebstrika	제브라이카	SV4M-024	ゼブライカ	Uncommon	Uncommon	https://images.pokemontcg.io/sv4/63.png	https://assets.tcgdex.net/ja/SV/SV4M/024/low.webp	1	dex+hp+damage+illustrator+rarity
sv4-64	Joltik	파쪼옥	SV3a-016	バチュル	Common	Common	https://images.pokemontcg.io/sv4/64.png	https://assets.tcgdex.net/ja/SV/SV3a/016/low.webp	1	dex+hp+damage+illustrator+rarity
sv4-65	Galvantula	전툴라	SV3a-017	デンチュラ	Common	Common	https://images.pokemontcg.io/sv4/65.png	https://assets.tcgdex.net/ja/SV/SV3a/017/low.webp	1	dex+hp+damage+illustrator+rarity
sv4-66	Zekrom	제크로무	SV3a-018	ゼクロム	Rare	Rare	https://images.pokemontcg.io/sv4/66.png	https://assets.tcgdex.net/ja/SV/SV3a/018/low.webp	1	dex+hp+damage+illustrator+rarity
sv4-67	Oricorio	춤추새	SV4M-025	オドリドリ	Common	Common	https://images.pokemontcg.io/sv4/67.png	https://assets.tcgdex.net/ja/SV/SV4M/025/low.webp	1	dex+hp+damage+illustrator+rarity
sv4-69	Toxel	일레즌	SV4M-026	エレズン	Common	Common	https://images.pokemontcg.io/sv4/69.png	https://assets.tcgdex.net/ja/SV/SV4M/026/low.webp	1	dex+hp+damage+illustrator+rarity
sv4-73	Latios	라티오스	SV4K-027	ラティオス	Rare	Rare	https://images.pokemontcg.io/sv4/73.png	https://assets.tcgdex.net/ja/SV/SV4K/027/low.webp	1	dex+hp+damage+illustrator+rarity
sv4-75	Yamask	데스마스	SV4K-030	デスマス	Common	Common	https://images.pokemontcg.io/sv4/75.png	https://assets.tcgdex.net/ja/SV/SV4K/030/low.webp	1	dex+hp+damage+illustrator+rarity
sv4-77	Pumpkaboo	호바귀	SV4M-029	バケッチャ	Common	Common	https://images.pokemontcg.io/sv4/77.png	https://assets.tcgdex.net/ja/SV/SV4M/029/low.webp	1	dex+hp+damage+illustrator+rarity
sv4-78	Gourgeist	펌킨인	SV4M-030	パンプジン	Uncommon	Uncommon	https://images.pokemontcg.io/sv4/78.png	https://assets.tcgdex.net/ja/SV/SV4M/030/low.webp	1	dex+hp+damage+illustrator+rarity
sv4-79	Flittle	하느라기	SV4M-031	ヒラヒナ	Common	Common	https://images.pokemontcg.io/sv4/79.png	https://assets.tcgdex.net/ja/SV/SV4M/031/low.webp	1	dex+hp+damage+illustrator+rarity
sv4-80	Flittle	하느라기	SV4M-032	ヒラヒナ	Common	Common	https://images.pokemontcg.io/sv4/80.png	https://assets.tcgdex.net/ja/SV/SV4M/032/low.webp	1	dex+hp+damage+illustrator+rarity
sv4-81	Espathra	클레스퍼트라	SV4M-033	クエスパトラ	Rare	Rare	https://images.pokemontcg.io/sv4/81.png	https://assets.tcgdex.net/ja/SV/SV4M/033/low.webp	1	dex+hp+damage+illustrator+rarity
sv4-82	Tinkatink	어리짱	SV4M-034	カヌチャン	Common	Common	https://images.pokemontcg.io/sv4/82.png	https://assets.tcgdex.net/ja/SV/SV4M/034/low.webp	1	dex+hp+damage+illustrator+rarity
sv4-83	Tinkatink	어리짱	SV4M-035	カヌチャン	Common	Common	https://images.pokemontcg.io/sv4/83.png	https://assets.tcgdex.net/ja/SV/SV4M/035/low.webp	1	dex+hp+damage+illustrator+rarity
sv4-84	Tinkatuff	벼리짱	SV4M-036	ナカヌチャン	Common	Common	https://images.pokemontcg.io/sv4/84.png	https://assets.tcgdex.net/ja/SV/SV4M/036/low.webp	1	dex+hp+damage+illustrator+rarity
sv4-85	Tinkaton	두드리짱	SV4M-037	デカヌチャン	Uncommon	Uncommon	https://images.pokemontcg.io/sv4/85.png	https://assets.tcgdex.net/ja/SV/SV4M/037/low.webp	1	dex+hp+damage+illustrator+rarity
sv4-86	Scream Tail	우렁찬꼬리	SV4K-032	サケブシッポ	Uncommon	Uncommon	https://images.pokemontcg.io/sv4/86.png	https://assets.tcgdex.net/ja/SV/SV4K/032/low.webp	1	dex+hp+damage+illustrator+rarity
sv4-87	Gimmighoul	모으령	SV3a-020	コレクレー	Common	Common	https://images.pokemontcg.io/sv4/87.png	https://assets.tcgdex.net/ja/SV/SV3a/020/low.webp	1	dex+hp+damage+illustrator+rarity
sv4-88	Gimmighoul	모으령	SV3a-021	コレクレー	Common	Common	https://images.pokemontcg.io/sv4/88.png	https://assets.tcgdex.net/ja/SV/SV3a/021/low.webp	1	dex+hp+damage+illustrator+rarity
sv4-90	Onix	롱스톤	SV4M-039	イワーク	Common	Common	https://images.pokemontcg.io/sv4/90.png	https://assets.tcgdex.net/ja/SV/SV4M/039/low.webp	1	dex+hp+damage+illustrator+rarity
sv4-91	Gligar	글라이거	SV3a-022	グライガー	Common	Common	https://images.pokemontcg.io/sv4/91.png	https://assets.tcgdex.net/ja/SV/SV3a/022/low.webp	1	dex+hp+damage+illustrator+rarity
sv4-92	Gliscor	글라이온	SV3a-023	グライオン	Uncommon	Uncommon	https://images.pokemontcg.io/sv4/92.png	https://assets.tcgdex.net/ja/SV/SV3a/023/low.webp	1	dex+hp+damage+illustrator+rarity
sv4-93	Groudon	그란돈	SV3a-026	グラードン	Rare	Rare	https://images.pokemontcg.io/sv4/93.png	https://assets.tcgdex.net/ja/SV/SV3a/026/low.webp	1	dex+hp+damage+illustrator+rarity
sv4-94	Gible	딥상어동	SV3a-027	フカマル	Common	Common	https://images.pokemontcg.io/sv4/94.png	https://assets.tcgdex.net/ja/SV/SV3a/027/low.webp	1	dex+hp+damage+illustrator+rarity
sv4-95	Gabite	한바이트	SV3a-028	ガバイト	Common	Common	https://images.pokemontcg.io/sv4/95.png	https://assets.tcgdex.net/ja/SV/SV3a/028/low.webp	1	dex+hp+damage+illustrator+rarity
sv4-96	Mienfoo	비조푸	SV4K-033	コジョフー	Common	Common	https://images.pokemontcg.io/sv4/96.png	https://assets.tcgdex.net/ja/SV/SV4K/033/low.webp	1	dex+hp+damage+illustrator+rarity
sv4-97	Mienshao	비조도	SV4K-034	コジョンド	Uncommon	Uncommon	https://images.pokemontcg.io/sv4/97.png	https://assets.tcgdex.net/ja/SV/SV4K/034/low.webp	1	dex+hp+damage+illustrator+rarity
sv4-99	Minior	메테노	SV3a-030	メテノ	Uncommon	Uncommon	https://images.pokemontcg.io/sv4/99.png	https://assets.tcgdex.net/ja/SV/SV3a/030/low.webp	1	dex+hp+damage+illustrator+rarity
sv4-101	Nacli	베베솔트	SV4K-037	コジオ	Common	Common	https://images.pokemontcg.io/sv4/101.png	https://assets.tcgdex.net/ja/SV/SV4K/037/low.webp	1	dex+hp+damage+illustrator+rarity
sv4-102	Nacli	베베솔트	SV4K-038	コジオ	Common	Common	https://images.pokemontcg.io/sv4/102.png	https://assets.tcgdex.net/ja/SV/SV4K/038/low.webp	1	dex+hp+damage+illustrator+rarity
sv4-103	Naclstack	스태솔트	SV4K-039	ジオヅム	Common	Common	https://images.pokemontcg.io/sv4/103.png	https://assets.tcgdex.net/ja/SV/SV4K/039/low.webp	1	dex+hp+damage+illustrator+rarity
sv4-104	Garganacl	콜로솔트	SV4K-040	キョジオーン	Rare	Rare	https://images.pokemontcg.io/sv4/104.png	https://assets.tcgdex.net/ja/SV/SV4K/040/low.webp	1	dex+hp+damage+illustrator+rarity
sv4-105	Klawf	절벼게	SV3a-031	ガケガニ	Uncommon	Uncommon	https://images.pokemontcg.io/sv4/105.png	https://assets.tcgdex.net/ja/SV/SV3a/031/low.webp	1	dex+hp+damage+illustrator+rarity
sv4-106	Flamigo	꼬이밍고	SV3a-032	カラミンゴ	Common	Common	https://images.pokemontcg.io/sv4/106.png	https://assets.tcgdex.net/ja/SV/SV3a/032/low.webp	1	dex+hp+damage+illustrator+rarity
sv4-107	Slither Wing	땅을기는날개	SV4K-041	チヲハウハネ	Uncommon	Uncommon	https://images.pokemontcg.io/sv4/107.png	https://assets.tcgdex.net/ja/SV/SV4K/041/low.webp	1	dex+hp+damage+illustrator+rarity
sv4-109	Ting-Lu	딩루	SV4K-043	ディンルー	Rare	Rare	https://images.pokemontcg.io/sv4/109.png	https://assets.tcgdex.net/ja/SV/SV4K/043/low.webp	1	dex+hp+damage+illustrator+rarity
sv4-110	Zubat	주뱃	SV4K-044	ズバット	Common	Common	https://images.pokemontcg.io/sv4/110.png	https://assets.tcgdex.net/ja/SV/SV4K/044/low.webp	1	dex+hp+damage+illustrator+rarity
sv4-111	Golbat	골뱃	SV4K-045	ゴルバット	Common	Common	https://images.pokemontcg.io/sv4/111.png	https://assets.tcgdex.net/ja/SV/SV4K/045/low.webp	1	dex+hp+damage+illustrator+rarity
sv4-112	Crobat	크로뱃	SV4K-046	クロバット	Uncommon	Uncommon	https://images.pokemontcg.io/sv4/112.png	https://assets.tcgdex.net/ja/SV/SV4K/046/low.webp	1	dex+hp+damage+illustrator+rarity
sv4-113	Absol	앱솔	SV3a-036	アブソル	Uncommon	Uncommon	https://images.pokemontcg.io/sv4/113.png	https://assets.tcgdex.net/ja/SV/SV3a/036/low.webp	1	dex+hp+damage+illustrator+rarity
sv4-114	Purrloin	쌔비냥	SV4K-047	チョロネコ	Common	Common	https://images.pokemontcg.io/sv4/114.png	https://assets.tcgdex.net/ja/SV/SV4K/047/low.webp	1	dex+hp+damage+illustrator+rarity
sv4-115	Liepard	레파르다스	SV4K-048	レパルダス	Common	Common	https://images.pokemontcg.io/sv4/115.png	https://assets.tcgdex.net/ja/SV/SV4K/048/low.webp	1	dex+hp+damage+illustrator+rarity
sv4-116	Trubbish	깨봉이	SV4K-049	ヤブクロン	Common	Common	https://images.pokemontcg.io/sv4/116.png	https://assets.tcgdex.net/ja/SV/SV4K/049/low.webp	1	dex+hp+damage+illustrator+rarity
sv4-117	Garbodor	더스트나	SV4K-050	ダストダス	Uncommon	Uncommon	https://images.pokemontcg.io/sv4/117.png	https://assets.tcgdex.net/ja/SV/SV4K/050/low.webp	1	dex+hp+damage+illustrator+rarity
sv4-118	Yveltal	이벨타르	SV3a-039	イベルタル	Rare	Rare	https://images.pokemontcg.io/sv4/118.png	https://assets.tcgdex.net/ja/SV/SV3a/039/low.webp	1	dex+hp+damage+illustrator+rarity
sv4-119	Nickit	훔처우	SV3a-040	クスネ	Common	Common	https://images.pokemontcg.io/sv4/119.png	https://assets.tcgdex.net/ja/SV/SV3a/040/low.webp	1	dex+hp+damage+illustrator+rarity
sv4-120	Thievul	폭슬라이	SV3a-041	フォクスライ	Rare	Rare	https://images.pokemontcg.io/sv4/120.png	https://assets.tcgdex.net/ja/SV/SV3a/041/low.webp	1	dex+hp+damage+illustrator+rarity
sv4-121	Morpeko	모르페코	SV4K-051	モルペコ	Rare	Rare	https://images.pokemontcg.io/sv4/121.png	https://assets.tcgdex.net/ja/SV/SV4K/051/low.webp	1	dex+hp+damage+illustrator+rarity
sv4-122	Lokix	엑스레그	SV4K-052	エクスレッグ	Rare	Rare	https://images.pokemontcg.io/sv4/122.png	https://assets.tcgdex.net/ja/SV/SV4K/052/low.webp	1	dex+hp+damage+illustrator+rarity
sv4-123	Brute Bonnet	사나운버섯	SV4K-053	アラブルタケ	Rare	Rare	https://images.pokemontcg.io/sv4/123.png	https://assets.tcgdex.net/ja/SV/SV4K/053/low.webp	1	dex+hp+damage+illustrator+rarity
sv4-125	Steelix	강철톤	SV4M-041	ハガネール	Rare	Rare	https://images.pokemontcg.io/sv4/125.png	https://assets.tcgdex.net/ja/SV/SV4M/041/low.webp	1	dex+hp+damage+illustrator+rarity
sv4-126	Jirachi	지라치	SV3a-042	ジラーチ	Common	Common	https://images.pokemontcg.io/sv4/126.png	https://assets.tcgdex.net/ja/SV/SV3a/042/low.webp	1	dex+hp+damage+illustrator+rarity
sv4-127	Ferroseed	철시드	SV3a-043	テッシード	Common	Common	https://images.pokemontcg.io/sv4/127.png	https://assets.tcgdex.net/ja/SV/SV3a/043/low.webp	1	dex+hp+damage+illustrator+rarity
sv4-128	Ferrothorn	너트령	SV3a-044	ナットレイ	Uncommon	Uncommon	https://images.pokemontcg.io/sv4/128.png	https://assets.tcgdex.net/ja/SV/SV3a/044/low.webp	1	dex+hp+damage+illustrator+rarity
sv4-129	Durant	아이앤트	SV4M-042	アイアント	Uncommon	Uncommon	https://images.pokemontcg.io/sv4/129.png	https://assets.tcgdex.net/ja/SV/SV4M/042/low.webp	1	dex+hp+damage+illustrator+rarity
sv4-130	Honedge	단칼빙	SV3a-045	ヒトツキ	Common	Common	https://images.pokemontcg.io/sv4/130.png	https://assets.tcgdex.net/ja/SV/SV3a/045/low.webp	1	dex+hp+damage+illustrator+rarity
sv4-131	Honedge	단칼빙	SV4M-043	ヒトツキ	Common	Common	https://images.pokemontcg.io/sv4/131.png	https://assets.tcgdex.net/ja/SV/SV4M/043/low.webp	1	dex+hp+damage+illustrator+rarity
sv4-132	Doublade	쌍검킬	SV3a-046	ニダンギル	Common	Common	https://images.pokemontcg.io/sv4/132.png	https://assets.tcgdex.net/ja/SV/SV3a/046/low.webp	1	dex+hp+damage+illustrator+rarity
sv4-133	Doublade	쌍검킬	SV4M-044	ニダンギル	Common	Common	https://images.pokemontcg.io/sv4/133.png	https://assets.tcgdex.net/ja/SV/SV4M/044/low.webp	1	dex+hp+damage+illustrator+rarity
sv4-134	Aegislash	킬가르도	SV3a-047	ギルガルド	Rare	Rare	https://images.pokemontcg.io/sv4/134.png	https://assets.tcgdex.net/ja/SV/SV3a/047/low.webp	1	dex+hp+damage+illustrator+rarity
sv4-136	Zacian	자시안	SV3a-048	ザシアン	Rare	Rare	https://images.pokemontcg.io/sv4/136.png	https://assets.tcgdex.net/ja/SV/SV3a/048/low.webp	1	dex+hp+damage+illustrator+rarity
sv4-138	Orthworm	꿈트렁	SV3a-049	ミミズズ	Uncommon	Uncommon	https://images.pokemontcg.io/sv4/138.png	https://assets.tcgdex.net/ja/SV/SV3a/049/low.webp	1	dex+hp+damage+illustrator+rarity
sv4-141	Tatsugiri	싸리용	SV4M-047	シャリタツ	Uncommon	Uncommon	https://images.pokemontcg.io/sv4/141.png	https://assets.tcgdex.net/ja/SV/SV4M/047/low.webp	1	dex+hp+damage+illustrator+rarity
sv4-142	Porygon	폴리곤	SV4M-048	ポリゴン	Common	Common	https://images.pokemontcg.io/sv4/142.png	https://assets.tcgdex.net/ja/SV/SV4M/048/low.webp	1	dex+hp+damage+illustrator+rarity
sv4-143	Porygon2	폴리곤2	SV4M-049	ポリゴン2	Common	Common	https://images.pokemontcg.io/sv4/143.png	https://assets.tcgdex.net/ja/SV/SV4M/049/low.webp	1	dex+hp+damage+illustrator+rarity
sv4-144	Porygon-Z	폴리곤Z	SV4M-050	ポリゴンZ	Rare	Rare	https://images.pokemontcg.io/sv4/144.png	https://assets.tcgdex.net/ja/SV/SV4M/050/low.webp	1	dex+hp+damage+illustrator+rarity
sv4-145	Aipom	에이팜	SV4M-051	エイパム	Common	Common	https://images.pokemontcg.io/sv4/145.png	https://assets.tcgdex.net/ja/SV/SV4M/051/low.webp	1	dex+hp+damage+illustrator+rarity
sv4-146	Ambipom	겟핸보숭	SV4M-052	エテボース	Uncommon	Uncommon	https://images.pokemontcg.io/sv4/146.png	https://assets.tcgdex.net/ja/SV/SV4M/052/low.webp	1	dex+hp+damage+illustrator+rarity
sv4-147	Miltank	밀탱크	SV4M-053	ミルタンク	Common	Common	https://images.pokemontcg.io/sv4/147.png	https://assets.tcgdex.net/ja/SV/SV4M/053/low.webp	1	dex+hp+damage+illustrator+rarity
sv4-148	Whismur	소곤룡	SV4K-055	ゴニョニョ	Common	Common	https://images.pokemontcg.io/sv4/148.png	https://assets.tcgdex.net/ja/SV/SV4K/055/low.webp	1	dex+hp+damage+illustrator+rarity
sv4-149	Loudred	노공룡	SV4K-056	ドゴーム	Common	Common	https://images.pokemontcg.io/sv4/149.png	https://assets.tcgdex.net/ja/SV/SV4K/056/low.webp	1	dex+hp+damage+illustrator+rarity
sv4-150	Exploud	폭음룡	SV4K-057	バクオング	Uncommon	Uncommon	https://images.pokemontcg.io/sv4/150.png	https://assets.tcgdex.net/ja/SV/SV4K/057/low.webp	1	dex+hp+damage+illustrator+rarity
sv4-151	Spinda	얼루기	SV4K-058	パッチール	Common	Common	https://images.pokemontcg.io/sv4/151.png	https://assets.tcgdex.net/ja/SV/SV4K/058/low.webp	1	dex+hp+damage+illustrator+rarity
sv4-152	Swablu	파비코	SV4M-054	チルット	Common	Common	https://images.pokemontcg.io/sv4/152.png	https://assets.tcgdex.net/ja/SV/SV4M/054/low.webp	1	dex+hp+damage+illustrator+rarity
sv4-153	Tandemaus	두리쥐	SV4M-055	ワッカネズミ	Common	Common	https://images.pokemontcg.io/sv4/153.png	https://assets.tcgdex.net/ja/SV/SV4M/055/low.webp	1	dex+hp+damage+illustrator+rarity
sv4-154	Tandemaus	두리쥐	SV4M-056	ワッカネズミ	Common	Common	https://images.pokemontcg.io/sv4/154.png	https://assets.tcgdex.net/ja/SV/SV4M/056/low.webp	1	dex+hp+damage+illustrator+rarity
sv4-157	Cyclizar	모토마	SV3a-052	モトトカゲ	Uncommon	Uncommon	https://images.pokemontcg.io/sv4/157.png	https://assets.tcgdex.net/ja/SV/SV3a/052/low.webp	1	dex+hp+damage+illustrator+rarity
sv4-158	Iron Jugulis	무쇠머리	SV4M-058	テツノコウベ	Rare	Rare	https://images.pokemontcg.io/sv4/158.png	https://assets.tcgdex.net/ja/SV/SV4M/058/low.webp	1	dex+hp+damage+illustrator+rarity
sv3pt5-1	Bulbasaur	이상해씨	SV2a-001	フシギダネ	Common	Common	https://images.pokemontcg.io/sv3pt5/1.png	https://assets.tcgdex.net/ja/SV/SV2a/001/low.webp	1	dex+hp+damage+illustrator+rarity
sv3pt5-2	Ivysaur	이상해풀	SV2a-002	フシギソウ	Uncommon	Uncommon	https://images.pokemontcg.io/sv3pt5/2.png	https://assets.tcgdex.net/ja/SV/SV2a/002/low.webp	1	dex+hp+damage+illustrator+rarity
sv3pt5-3	Venusaur ex	이상해꽃 ex	SV2a-003	フシギバナex	Double rare	Double Rare	https://images.pokemontcg.io/sv3pt5/3.png	https://assets.tcgdex.net/ja/SV/SV2a/003/low.webp	1	dex+hp+damage+illustrator+rarity
sv3pt5-4	Charmander	파이리	SV2a-004	ヒトカゲ	Common	Common	https://images.pokemontcg.io/sv3pt5/4.png	https://assets.tcgdex.net/ja/SV/SV2a/004/low.webp	1	dex+hp+damage+illustrator+rarity
sv3pt5-5	Charmeleon	리자드	SV2a-005	リザード	Uncommon	Uncommon	https://images.pokemontcg.io/sv3pt5/5.png	https://assets.tcgdex.net/ja/SV/SV2a/005/low.webp	1	dex+hp+damage+illustrator+rarity
sv3pt5-6	Charizard ex	리자몽 ex	SV2a-006	リザードンex	Double rare	Double Rare	https://images.pokemontcg.io/sv3pt5/6.png	https://assets.tcgdex.net/ja/SV/SV2a/006/low.webp	1	dex+hp+damage+illustrator+rarity
sv3pt5-7	Squirtle	꼬부기	SV2a-007	ゼニガメ	Common	Common	https://images.pokemontcg.io/sv3pt5/7.png	https://assets.tcgdex.net/ja/SV/SV2a/007/low.webp	1	dex+hp+damage+illustrator+rarity
sv3pt5-8	Wartortle	어니부기	SV2a-008	カメール	Uncommon	Uncommon	https://images.pokemontcg.io/sv3pt5/8.png	https://assets.tcgdex.net/ja/SV/SV2a/008/low.webp	1	dex+hp+damage+illustrator+rarity
sv3pt5-9	Blastoise ex	거북왕 ex	SV2a-009	カメックスex	Double rare	Double Rare	https://images.pokemontcg.io/sv3pt5/9.png	https://assets.tcgdex.net/ja/SV/SV2a/009/low.webp	1	dex+hp+damage+illustrator+rarity
sv3pt5-10	Caterpie	캐터피	SV2a-010	キャタピー	Common	Common	https://images.pokemontcg.io/sv3pt5/10.png	https://assets.tcgdex.net/ja/SV/SV2a/010/low.webp	1	dex+hp+damage+illustrator+rarity
sv3pt5-11	Metapod	단데기	SV2a-011	トランセル	Common	Common	https://images.pokemontcg.io/sv3pt5/11.png	https://assets.tcgdex.net/ja/SV/SV2a/011/low.webp	1	dex+hp+damage+illustrator+rarity
sv3pt5-12	Butterfree	버터플	SV2a-012	バタフリー	Uncommon	Uncommon	https://images.pokemontcg.io/sv3pt5/12.png	https://assets.tcgdex.net/ja/SV/SV2a/012/low.webp	1	dex+hp+damage+illustrator+rarity
sv3pt5-13	Weedle	뿔충이	SV2a-013	ビードル	Common	Common	https://images.pokemontcg.io/sv3pt5/13.png	https://assets.tcgdex.net/ja/SV/SV2a/013/low.webp	1	dex+hp+damage+illustrator+rarity
sv3pt5-14	Kakuna	딱충이	SV2a-014	コクーン	Common	Common	https://images.pokemontcg.io/sv3pt5/14.png	https://assets.tcgdex.net/ja/SV/SV2a/014/low.webp	1	dex+hp+damage+illustrator+rarity
sv3pt5-15	Beedrill	독침붕	SV2a-015	スピアー	Rare	Rare	https://images.pokemontcg.io/sv3pt5/15.png	https://assets.tcgdex.net/ja/SV/SV2a/015/low.webp	1	dex+hp+damage+illustrator+rarity
sv3pt5-16	Pidgey	구구	SV2a-016	ポッポ	Common	Common	https://images.pokemontcg.io/sv3pt5/16.png	https://assets.tcgdex.net/ja/SV/SV2a/016/low.webp	1	dex+hp+damage+illustrator+rarity
sv3pt5-17	Pidgeotto	피죤	SV2a-017	ピジョン	Common	Common	https://images.pokemontcg.io/sv3pt5/17.png	https://assets.tcgdex.net/ja/SV/SV2a/017/low.webp	1	dex+hp+damage+illustrator+rarity
sv3pt5-18	Pidgeot	피죤투	SV2a-018	ピジョット	Uncommon	Uncommon	https://images.pokemontcg.io/sv3pt5/18.png	https://assets.tcgdex.net/ja/SV/SV2a/018/low.webp	1	dex+hp+damage+illustrator+rarity
sv3pt5-19	Rattata	꼬렛	SV2a-019	コラッタ	Common	Common	https://images.pokemontcg.io/sv3pt5/19.png	https://assets.tcgdex.net/ja/SV/SV2a/019/low.webp	1	dex+hp+damage+illustrator+rarity
sv3pt5-20	Raticate	레트라	SV2a-020	ラッタ	Uncommon	Uncommon	https://images.pokemontcg.io/sv3pt5/20.png	https://assets.tcgdex.net/ja/SV/SV2a/020/low.webp	1	dex+hp+damage+illustrator+rarity
sv3pt5-21	Spearow	깨비참	SV2a-021	オニスズメ	Common	Common	https://images.pokemontcg.io/sv3pt5/21.png	https://assets.tcgdex.net/ja/SV/SV2a/021/low.webp	1	dex+hp+damage+illustrator+rarity
sv3pt5-22	Fearow	깨비드릴조	SV2a-022	オニドリル	Uncommon	Uncommon	https://images.pokemontcg.io/sv3pt5/22.png	https://assets.tcgdex.net/ja/SV/SV2a/022/low.webp	1	dex+hp+damage+illustrator+rarity
sv3pt5-23	Ekans	아보	SV2a-023	アーボ	Common	Common	https://images.pokemontcg.io/sv3pt5/23.png	https://assets.tcgdex.net/ja/SV/SV2a/023/low.webp	1	dex+hp+damage+illustrator+rarity
sv3pt5-24	Arbok ex	아보크 ex	SV2a-024	アーボックex	Double rare	Double Rare	https://images.pokemontcg.io/sv3pt5/24.png	https://assets.tcgdex.net/ja/SV/SV2a/024/low.webp	1	dex+hp+damage+illustrator+rarity
sv3pt5-25	Pikachu	피카츄	SV2a-025	ピカチュウ	Common	Common	https://images.pokemontcg.io/sv3pt5/25.png	https://assets.tcgdex.net/ja/SV/SV2a/025/low.webp	1	dex+hp+damage+illustrator+rarity
sv3pt5-26	Raichu	라이츄	SV2a-026	ライチュウ	Rare	Rare	https://images.pokemontcg.io/sv3pt5/26.png	https://assets.tcgdex.net/ja/SV/SV2a/026/low.webp	1	dex+hp+damage+illustrator+rarity
sv3pt5-27	Sandshrew	모래두지	SV2a-027	サンド	Common	Common	https://images.pokemontcg.io/sv3pt5/27.png	https://assets.tcgdex.net/ja/SV/SV2a/027/low.webp	1	dex+hp+damage+illustrator+rarity
sv3pt5-28	Sandslash	고지	SV2a-028	サンドパン	Uncommon	Uncommon	https://images.pokemontcg.io/sv3pt5/28.png	https://assets.tcgdex.net/ja/SV/SV2a/028/low.webp	1	dex+hp+damage+illustrator+rarity
sv3pt5-29	Nidoran ♀	니드런♀	SV2a-029	ニドラン♀	Common	Common	https://images.pokemontcg.io/sv3pt5/29.png	https://assets.tcgdex.net/ja/SV/SV2a/029/low.webp	1	dex+hp+damage+illustrator+rarity
sv3pt5-30	Nidorina	니드리나	SV2a-030	ニドリーナ	Uncommon	Uncommon	https://images.pokemontcg.io/sv3pt5/30.png	https://assets.tcgdex.net/ja/SV/SV2a/030/low.webp	1	dex+hp+damage+illustrator+rarity
sv3pt5-31	Nidoqueen	니드퀸	SV2a-031	ニドクイン	Uncommon	Uncommon	https://images.pokemontcg.io/sv3pt5/31.png	https://assets.tcgdex.net/ja/SV/SV2a/031/low.webp	1	dex+hp+damage+illustrator+rarity
sv3pt5-32	Nidoran ♂	니드런♂	SV2a-032	ニドラン♂	Common	Common	https://images.pokemontcg.io/sv3pt5/32.png	https://assets.tcgdex.net/ja/SV/SV2a/032/low.webp	1	dex+hp+damage+illustrator+rarity
sv3pt5-33	Nidorino	니드리노	SV2a-033	ニドリーノ	Uncommon	Uncommon	https://images.pokemontcg.io/sv3pt5/33.png	https://assets.tcgdex.net/ja/SV/SV2a/033/low.webp	1	dex+hp+damage+illustrator+rarity
sv3pt5-34	Nidoking	니드킹	SV2a-034	ニドキング	Rare	Rare	https://images.pokemontcg.io/sv3pt5/34.png	https://assets.tcgdex.net/ja/SV/SV2a/034/low.webp	1	dex+hp+damage+illustrator+rarity
sv3pt5-35	Clefairy	삐삐	SV2a-035	ピッピ	Common	Common	https://images.pokemontcg.io/sv3pt5/35.png	https://assets.tcgdex.net/ja/SV/SV2a/035/low.webp	1	dex+hp+damage+illustrator+rarity
sv3pt5-36	Clefable	픽시	SV2a-036	ピクシー	Uncommon	Uncommon	https://images.pokemontcg.io/sv3pt5/36.png	https://assets.tcgdex.net/ja/SV/SV2a/036/low.webp	1	dex+hp+damage+illustrator+rarity
sv3pt5-37	Vulpix	식스테일	SV2a-037	ロコン	Common	Common	https://images.pokemontcg.io/sv3pt5/37.png	https://assets.tcgdex.net/ja/SV/SV2a/037/low.webp	1	dex+hp+damage+illustrator+rarity
sv3pt5-38	Ninetales ex	나인테일 ex	SV2a-038	キュウコンex	Double rare	Double Rare	https://images.pokemontcg.io/sv3pt5/38.png	https://assets.tcgdex.net/ja/SV/SV2a/038/low.webp	1	dex+hp+damage+illustrator+rarity
sv3pt5-39	Jigglypuff	푸린	SV2a-039	プリン	Common	Common	https://images.pokemontcg.io/sv3pt5/39.png	https://assets.tcgdex.net/ja/SV/SV2a/039/low.webp	1	dex+hp+damage+illustrator+rarity
sv3pt5-40	Wigglytuff ex	푸크린 ex	SV2a-040	プクリンex	Double rare	Double Rare	https://images.pokemontcg.io/sv3pt5/40.png	https://assets.tcgdex.net/ja/SV/SV2a/040/low.webp	1	dex+hp+damage+illustrator+rarity
sv3pt5-41	Zubat	주뱃	SV2a-041	ズバット	Common	Common	https://images.pokemontcg.io/sv3pt5/41.png	https://assets.tcgdex.net/ja/SV/SV2a/041/low.webp	1	dex+hp+damage+illustrator+rarity
sv3pt5-42	Golbat	골뱃	SV2a-042	ゴルバット	Uncommon	Uncommon	https://images.pokemontcg.io/sv3pt5/42.png	https://assets.tcgdex.net/ja/SV/SV2a/042/low.webp	1	dex+hp+damage+illustrator+rarity
sv3pt5-43	Oddish	뚜벅쵸	SV2a-043	ナゾノクサ	Common	Common	https://images.pokemontcg.io/sv3pt5/43.png	https://assets.tcgdex.net/ja/SV/SV2a/043/low.webp	1	dex+hp+damage+illustrator+rarity
sv3pt5-44	Gloom	냄새꼬	SV2a-044	クサイハナ	Uncommon	Uncommon	https://images.pokemontcg.io/sv3pt5/44.png	https://assets.tcgdex.net/ja/SV/SV2a/044/low.webp	1	dex+hp+damage+illustrator+rarity
sv3pt5-45	Vileplume	라플레시아	SV2a-045	ラフレシア	Rare	Rare	https://images.pokemontcg.io/sv3pt5/45.png	https://assets.tcgdex.net/ja/SV/SV2a/045/low.webp	1	dex+hp+damage+illustrator+rarity
sv3pt5-46	Paras	파라스	SV2a-046	パラス	Common	Common	https://images.pokemontcg.io/sv3pt5/46.png	https://assets.tcgdex.net/ja/SV/SV2a/046/low.webp	1	dex+hp+damage+illustrator+rarity
sv3pt5-47	Parasect	파라섹트	SV2a-047	パラセクト	Uncommon	Uncommon	https://images.pokemontcg.io/sv3pt5/47.png	https://assets.tcgdex.net/ja/SV/SV2a/047/low.webp	1	dex+hp+damage+illustrator+rarity
sv3pt5-48	Venonat	콘팡	SV2a-048	コンパン	Common	Common	https://images.pokemontcg.io/sv3pt5/48.png	https://assets.tcgdex.net/ja/SV/SV2a/048/low.webp	1	dex+hp+damage+illustrator+rarity
sv3pt5-49	Venomoth	도나리	SV2a-049	モルフォン	Uncommon	Uncommon	https://images.pokemontcg.io/sv3pt5/49.png	https://assets.tcgdex.net/ja/SV/SV2a/049/low.webp	1	dex+hp+damage+illustrator+rarity
sv3pt5-50	Diglett	디그다	SV2a-050	ディグダ	Common	Common	https://images.pokemontcg.io/sv3pt5/50.png	https://assets.tcgdex.net/ja/SV/SV2a/050/low.webp	1	dex+hp+damage+illustrator+rarity
sv3pt5-51	Dugtrio	닥트리오	SV2a-051	ダグトリオ	Uncommon	Uncommon	https://images.pokemontcg.io/sv3pt5/51.png	https://assets.tcgdex.net/ja/SV/SV2a/051/low.webp	1	dex+hp+damage+illustrator+rarity
sv3pt5-52	Meowth	나옹	SV2a-052	ニャース	Common	Common	https://images.pokemontcg.io/sv3pt5/52.png	https://assets.tcgdex.net/ja/SV/SV2a/052/low.webp	1	dex+hp+damage+illustrator+rarity
sv3pt5-53	Persian	페르시온	SV2a-053	ペルシアン	Uncommon	Uncommon	https://images.pokemontcg.io/sv3pt5/53.png	https://assets.tcgdex.net/ja/SV/SV2a/053/low.webp	1	dex+hp+damage+illustrator+rarity
sv3pt5-54	Psyduck	고라파덕	SV2a-054	コダック	Common	Common	https://images.pokemontcg.io/sv3pt5/54.png	https://assets.tcgdex.net/ja/SV/SV2a/054/low.webp	1	dex+hp+damage+illustrator+rarity
sv3pt5-55	Golduck	골덕	SV2a-055	ゴルダック	Uncommon	Uncommon	https://images.pokemontcg.io/sv3pt5/55.png	https://assets.tcgdex.net/ja/SV/SV2a/055/low.webp	1	dex+hp+damage+illustrator+rarity
sv3pt5-56	Mankey	망키	SV2a-056	マンキー	Common	Common	https://images.pokemontcg.io/sv3pt5/56.png	https://assets.tcgdex.net/ja/SV/SV2a/056/low.webp	1	dex+hp+damage+illustrator+rarity
sv3pt5-57	Primeape	성원숭	SV2a-057	オコリザル	Uncommon	Uncommon	https://images.pokemontcg.io/sv3pt5/57.png	https://assets.tcgdex.net/ja/SV/SV2a/057/low.webp	1	dex+hp+damage+illustrator+rarity
sv3pt5-58	Growlithe	가디	SV2a-058	ガーディ	Common	Common	https://images.pokemontcg.io/sv3pt5/58.png	https://assets.tcgdex.net/ja/SV/SV2a/058/low.webp	1	dex+hp+damage+illustrator+rarity
sv3pt5-59	Arcanine	윈디	SV2a-059	ウインディ	Uncommon	Uncommon	https://images.pokemontcg.io/sv3pt5/59.png	https://assets.tcgdex.net/ja/SV/SV2a/059/low.webp	1	dex+hp+damage+illustrator+rarity
sv3pt5-60	Poliwag	발챙이	SV2a-060	ニョロモ	Common	Common	https://images.pokemontcg.io/sv3pt5/60.png	https://assets.tcgdex.net/ja/SV/SV2a/060/low.webp	1	dex+hp+damage+illustrator+rarity
sv3pt5-61	Poliwhirl	슈륙챙이	SV2a-061	ニョロゾ	Common	Common	https://images.pokemontcg.io/sv3pt5/61.png	https://assets.tcgdex.net/ja/SV/SV2a/061/low.webp	1	dex+hp+damage+illustrator+rarity
sv3pt5-62	Poliwrath	강챙이	SV2a-062	ニョロボン	Uncommon	Uncommon	https://images.pokemontcg.io/sv3pt5/62.png	https://assets.tcgdex.net/ja/SV/SV2a/062/low.webp	1	dex+hp+damage+illustrator+rarity
sv3pt5-63	Abra	캐이시	SV2a-063	ケーシィ	Common	Common	https://images.pokemontcg.io/sv3pt5/63.png	https://assets.tcgdex.net/ja/SV/SV2a/063/low.webp	1	dex+hp+damage+illustrator+rarity
sv3pt5-64	Kadabra	윤겔라	SV2a-064	ユンゲラー	Uncommon	Uncommon	https://images.pokemontcg.io/sv3pt5/64.png	https://assets.tcgdex.net/ja/SV/SV2a/064/low.webp	1	dex+hp+damage+illustrator+rarity
sv3pt5-65	Alakazam ex	후딘 ex	SV2a-065	フーディンex	Double rare	Double Rare	https://images.pokemontcg.io/sv3pt5/65.png	https://assets.tcgdex.net/ja/SV/SV2a/065/low.webp	1	dex+hp+damage+illustrator+rarity
sv3pt5-66	Machop	알통몬	SV2a-066	ワンリキー	Common	Common	https://images.pokemontcg.io/sv3pt5/66.png	https://assets.tcgdex.net/ja/SV/SV2a/066/low.webp	1	dex+hp+damage+illustrator+rarity
sv3pt5-67	Machoke	근육몬	SV2a-067	ゴーリキー	Uncommon	Uncommon	https://images.pokemontcg.io/sv3pt5/67.png	https://assets.tcgdex.net/ja/SV/SV2a/067/low.webp	1	dex+hp+damage+illustrator+rarity
sv3pt5-68	Machamp	괴력몬	SV2a-068	カイリキー	Rare	Rare	https://images.pokemontcg.io/sv3pt5/68.png	https://assets.tcgdex.net/ja/SV/SV2a/068/low.webp	1	dex+hp+damage+illustrator+rarity
sv3pt5-69	Bellsprout	모다피	SV2a-069	マダツボミ	Common	Common	https://images.pokemontcg.io/sv3pt5/69.png	https://assets.tcgdex.net/ja/SV/SV2a/069/low.webp	1	dex+hp+damage+illustrator+rarity
sv3pt5-70	Weepinbell	우츠동	SV2a-070	ウツドン	Common	Common	https://images.pokemontcg.io/sv3pt5/70.png	https://assets.tcgdex.net/ja/SV/SV2a/070/low.webp	1	dex+hp+damage+illustrator+rarity
sv3pt5-71	Victreebel	우츠보트	SV2a-071	ウツボット	Uncommon	Uncommon	https://images.pokemontcg.io/sv3pt5/71.png	https://assets.tcgdex.net/ja/SV/SV2a/071/low.webp	1	dex+hp+damage+illustrator+rarity
sv3pt5-72	Tentacool	왕눈해	SV2a-072	メノクラゲ	Common	Common	https://images.pokemontcg.io/sv3pt5/72.png	https://assets.tcgdex.net/ja/SV/SV2a/072/low.webp	1	dex+hp+damage+illustrator+rarity
sv3pt5-73	Tentacruel	독파리	SV2a-073	ドククラゲ	Uncommon	Uncommon	https://images.pokemontcg.io/sv3pt5/73.png	https://assets.tcgdex.net/ja/SV/SV2a/073/low.webp	1	dex+hp+damage+illustrator+rarity
sv3pt5-74	Geodude	꼬마돌	SV2a-074	イシツブテ	Common	Common	https://images.pokemontcg.io/sv3pt5/74.png	https://assets.tcgdex.net/ja/SV/SV2a/074/low.webp	1	dex+hp+damage+illustrator+rarity
sv3pt5-75	Graveler	데구리	SV2a-075	ゴローン	Uncommon	Uncommon	https://images.pokemontcg.io/sv3pt5/75.png	https://assets.tcgdex.net/ja/SV/SV2a/075/low.webp	1	dex+hp+damage+illustrator+rarity
sv3pt5-76	Golem ex	딱구리 ex	SV2a-076	ゴローニャex	Double rare	Double Rare	https://images.pokemontcg.io/sv3pt5/76.png	https://assets.tcgdex.net/ja/SV/SV2a/076/low.webp	1	dex+hp+damage+illustrator+rarity
sv3pt5-77	Ponyta	포니타	SV2a-077	ポニータ	Common	Common	https://images.pokemontcg.io/sv3pt5/77.png	https://assets.tcgdex.net/ja/SV/SV2a/077/low.webp	1	dex+hp+damage+illustrator+rarity
sv3pt5-78	Rapidash	날쌩마	SV2a-078	ギャロップ	Uncommon	Uncommon	https://images.pokemontcg.io/sv3pt5/78.png	https://assets.tcgdex.net/ja/SV/SV2a/078/low.webp	1	dex+hp+damage+illustrator+rarity
sv3pt5-79	Slowpoke	야돈	SV2a-079	ヤドン	Common	Common	https://images.pokemontcg.io/sv3pt5/79.png	https://assets.tcgdex.net/ja/SV/SV2a/079/low.webp	1	dex+hp+damage+illustrator+rarity
sv3pt5-80	Slowbro	야도란	SV2a-080	ヤドラン	Uncommon	Uncommon	https://images.pokemontcg.io/sv3pt5/80.png	https://assets.tcgdex.net/ja/SV/SV2a/080/low.webp	1	dex+hp+damage+illustrator+rarity
sv3pt5-81	Magnemite	코일	SV2a-081	コイル	Common	Common	https://images.pokemontcg.io/sv3pt5/81.png	https://assets.tcgdex.net/ja/SV/SV2a/081/low.webp	1	dex+hp+damage+illustrator+rarity
sv3pt5-82	Magneton	레어코일	SV2a-082	レアコイル	Uncommon	Uncommon	https://images.pokemontcg.io/sv3pt5/82.png	https://assets.tcgdex.net/ja/SV/SV2a/082/low.webp	1	dex+hp+damage+illustrator+rarity
sv3pt5-83	Farfetch'd	파오리	SV2a-083	カモネギ	Common	Common	https://images.pokemontcg.io/sv3pt5/83.png	https://assets.tcgdex.net/ja/SV/SV2a/083/low.webp	1	dex+hp+damage+illustrator+rarity
sv3pt5-84	Doduo	두두	SV2a-084	ドードー	Common	Common	https://images.pokemontcg.io/sv3pt5/84.png	https://assets.tcgdex.net/ja/SV/SV2a/084/low.webp	1	dex+hp+damage+illustrator+rarity
sv3pt5-85	Dodrio	두트리오	SV2a-085	ドードリオ	Rare	Rare	https://images.pokemontcg.io/sv3pt5/85.png	https://assets.tcgdex.net/ja/SV/SV2a/085/low.webp	1	dex+hp+damage+illustrator+rarity
sv3pt5-86	Seel	쥬쥬	SV2a-086	パウワウ	Common	Common	https://images.pokemontcg.io/sv3pt5/86.png	https://assets.tcgdex.net/ja/SV/SV2a/086/low.webp	1	dex+hp+damage+illustrator+rarity
sv3pt5-87	Dewgong	쥬레곤	SV2a-087	ジュゴン	Uncommon	Uncommon	https://images.pokemontcg.io/sv3pt5/87.png	https://assets.tcgdex.net/ja/SV/SV2a/087/low.webp	1	dex+hp+damage+illustrator+rarity
sv3pt5-88	Grimer	질퍽이	SV2a-088	ベトベター	Common	Common	https://images.pokemontcg.io/sv3pt5/88.png	https://assets.tcgdex.net/ja/SV/SV2a/088/low.webp	1	dex+hp+damage+illustrator+rarity
sv3pt5-89	Muk	질뻐기	SV2a-089	ベトベトン	Uncommon	Uncommon	https://images.pokemontcg.io/sv3pt5/89.png	https://assets.tcgdex.net/ja/SV/SV2a/089/low.webp	1	dex+hp+damage+illustrator+rarity
sv3pt5-90	Shellder	셀러	SV2a-090	シェルダー	Common	Common	https://images.pokemontcg.io/sv3pt5/90.png	https://assets.tcgdex.net/ja/SV/SV2a/090/low.webp	1	dex+hp+damage+illustrator+rarity
sv3pt5-91	Cloyster	파르셀	SV2a-091	パルシェン	Uncommon	Uncommon	https://images.pokemontcg.io/sv3pt5/91.png	https://assets.tcgdex.net/ja/SV/SV2a/091/low.webp	1	dex+hp+damage+illustrator+rarity
sv3pt5-92	Gastly	고오스	SV2a-092	ゴース	Common	Common	https://images.pokemontcg.io/sv3pt5/92.png	https://assets.tcgdex.net/ja/SV/SV2a/092/low.webp	1	dex+hp+damage+illustrator+rarity
sv3pt5-93	Haunter	고우스트	SV2a-093	ゴースト	Uncommon	Uncommon	https://images.pokemontcg.io/sv3pt5/93.png	https://assets.tcgdex.net/ja/SV/SV2a/093/low.webp	1	dex+hp+damage+illustrator+rarity
sv3pt5-94	Gengar	팬텀	SV2a-094	ゲンガー	Rare	Rare	https://images.pokemontcg.io/sv3pt5/94.png	https://assets.tcgdex.net/ja/SV/SV2a/094/low.webp	1	dex+hp+damage+illustrator+rarity
sv3pt5-95	Onix	롱스톤	SV2a-095	イワーク	Uncommon	Uncommon	https://images.pokemontcg.io/sv3pt5/95.png	https://assets.tcgdex.net/ja/SV/SV2a/095/low.webp	1	dex+hp+damage+illustrator+rarity
sv3pt5-96	Drowzee	슬리프	SV2a-096	スリープ	Common	Common	https://images.pokemontcg.io/sv3pt5/96.png	https://assets.tcgdex.net/ja/SV/SV2a/096/low.webp	1	dex+hp+damage+illustrator+rarity
sv3pt5-97	Hypno	슬리퍼	SV2a-097	スリーパー	Uncommon	Uncommon	https://images.pokemontcg.io/sv3pt5/97.png	https://assets.tcgdex.net/ja/SV/SV2a/097/low.webp	1	dex+hp+damage+illustrator+rarity
sv3pt5-98	Krabby	크랩	SV2a-098	クラブ	Common	Common	https://images.pokemontcg.io/sv3pt5/98.png	https://assets.tcgdex.net/ja/SV/SV2a/098/low.webp	1	dex+hp+damage+illustrator+rarity
sv3pt5-99	Kingler	킹크랩	SV2a-099	キングラー	Uncommon	Uncommon	https://images.pokemontcg.io/sv3pt5/99.png	https://assets.tcgdex.net/ja/SV/SV2a/099/low.webp	1	dex+hp+damage+illustrator+rarity
sv3pt5-100	Voltorb	찌리리공	SV2a-100	ビリリダマ	Common	Common	https://images.pokemontcg.io/sv3pt5/100.png	https://assets.tcgdex.net/ja/SV/SV2a/100/low.webp	1	dex+hp+damage+illustrator+rarity
sv3pt5-101	Electrode	붐볼	SV2a-101	マルマイン	Rare	Rare	https://images.pokemontcg.io/sv3pt5/101.png	https://assets.tcgdex.net/ja/SV/SV2a/101/low.webp	1	dex+hp+damage+illustrator+rarity
sv3pt5-102	Exeggcute	아라리	SV2a-102	タマタマ	Common	Common	https://images.pokemontcg.io/sv3pt5/102.png	https://assets.tcgdex.net/ja/SV/SV2a/102/low.webp	1	dex+hp+damage+illustrator+rarity
sv3pt5-103	Exeggutor	나시	SV2a-103	ナッシー	Uncommon	Uncommon	https://images.pokemontcg.io/sv3pt5/103.png	https://assets.tcgdex.net/ja/SV/SV2a/103/low.webp	1	dex+hp+damage+illustrator+rarity
sv3pt5-104	Cubone	탕구리	SV2a-104	カラカラ	Common	Common	https://images.pokemontcg.io/sv3pt5/104.png	https://assets.tcgdex.net/ja/SV/SV2a/104/low.webp	1	dex+hp+damage+illustrator+rarity
sv3pt5-105	Marowak	텅구리	SV2a-105	ガラガラ	Rare	Rare	https://images.pokemontcg.io/sv3pt5/105.png	https://assets.tcgdex.net/ja/SV/SV2a/105/low.webp	1	dex+hp+damage+illustrator+rarity
sv3pt5-106	Hitmonlee	시라소몬	SV2a-106	サワムラー	Uncommon	Uncommon	https://images.pokemontcg.io/sv3pt5/106.png	https://assets.tcgdex.net/ja/SV/SV2a/106/low.webp	1	dex+hp+damage+illustrator+rarity
sv3pt5-107	Hitmonchan	홍수몬	SV2a-107	エビワラー	Uncommon	Uncommon	https://images.pokemontcg.io/sv3pt5/107.png	https://assets.tcgdex.net/ja/SV/SV2a/107/low.webp	1	dex+hp+damage+illustrator+rarity
sv3pt5-108	Lickitung	내루미	SV2a-108	ベロリンガ	Common	Common	https://images.pokemontcg.io/sv3pt5/108.png	https://assets.tcgdex.net/ja/SV/SV2a/108/low.webp	1	dex+hp+damage+illustrator+rarity
sv3pt5-109	Koffing	또가스	SV2a-109	ドガース	Common	Common	https://images.pokemontcg.io/sv3pt5/109.png	https://assets.tcgdex.net/ja/SV/SV2a/109/low.webp	1	dex+hp+damage+illustrator+rarity
sv3pt5-110	Weezing	또도가스	SV2a-110	マタドガス	Rare	Rare	https://images.pokemontcg.io/sv3pt5/110.png	https://assets.tcgdex.net/ja/SV/SV2a/110/low.webp	1	dex+hp+damage+illustrator+rarity
sv3pt5-111	Rhyhorn	뿔카노	SV2a-111	サイホーン	Common	Common	https://images.pokemontcg.io/sv3pt5/111.png	https://assets.tcgdex.net/ja/SV/SV2a/111/low.webp	1	dex+hp+damage+illustrator+rarity
sv3pt5-112	Rhydon	코뿌리	SV2a-112	サイドン	Uncommon	Uncommon	https://images.pokemontcg.io/sv3pt5/112.png	https://assets.tcgdex.net/ja/SV/SV2a/112/low.webp	1	dex+hp+damage+illustrator+rarity
sv3pt5-113	Chansey	럭키	SV2a-113	ラッキー	Rare	Rare	https://images.pokemontcg.io/sv3pt5/113.png	https://assets.tcgdex.net/ja/SV/SV2a/113/low.webp	1	dex+hp+damage+illustrator+rarity
sv3pt5-114	Tangela	덩쿠리	SV2a-114	モンジャラ	Common	Common	https://images.pokemontcg.io/sv3pt5/114.png	https://assets.tcgdex.net/ja/SV/SV2a/114/low.webp	1	dex+hp+damage+illustrator+rarity
sv3pt5-115	Kangaskhan ex	캥카 ex	SV2a-115	ガルーラex	Double rare	Double Rare	https://images.pokemontcg.io/sv3pt5/115.png	https://assets.tcgdex.net/ja/SV/SV2a/115/low.webp	1	dex+hp+damage+illustrator+rarity
sv3pt5-116	Horsea	쏘드라	SV2a-116	タッツー	Common	Common	https://images.pokemontcg.io/sv3pt5/116.png	https://assets.tcgdex.net/ja/SV/SV2a/116/low.webp	1	dex+hp+damage+illustrator+rarity
sv3pt5-117	Seadra	시드라	SV2a-117	シードラ	Uncommon	Uncommon	https://images.pokemontcg.io/sv3pt5/117.png	https://assets.tcgdex.net/ja/SV/SV2a/117/low.webp	1	dex+hp+damage+illustrator+rarity
sv3pt5-118	Goldeen	콘치	SV2a-118	トサキント	Common	Common	https://images.pokemontcg.io/sv3pt5/118.png	https://assets.tcgdex.net/ja/SV/SV2a/118/low.webp	1	dex+hp+damage+illustrator+rarity
sv3pt5-119	Seaking	왕콘치	SV2a-119	アズマオウ	Uncommon	Uncommon	https://images.pokemontcg.io/sv3pt5/119.png	https://assets.tcgdex.net/ja/SV/SV2a/119/low.webp	1	dex+hp+damage+illustrator+rarity
sv3pt5-120	Staryu	별가사리	SV2a-120	ヒトデマン	Common	Common	https://images.pokemontcg.io/sv3pt5/120.png	https://assets.tcgdex.net/ja/SV/SV2a/120/low.webp	1	dex+hp+damage+illustrator+rarity
sv3pt5-121	Starmie	아쿠스타	SV2a-121	スターミー	Rare	Rare	https://images.pokemontcg.io/sv3pt5/121.png	https://assets.tcgdex.net/ja/SV/SV2a/121/low.webp	1	dex+hp+damage+illustrator+rarity
sv3pt5-122	Mr. Mime	마임맨	SV2a-122	バリヤード	Rare	Rare	https://images.pokemontcg.io/sv3pt5/122.png	https://assets.tcgdex.net/ja/SV/SV2a/122/low.webp	1	dex+hp+damage+illustrator+rarity
sv3pt5-123	Scyther	스라크	SV2a-123	ストライク	Uncommon	Uncommon	https://images.pokemontcg.io/sv3pt5/123.png	https://assets.tcgdex.net/ja/SV/SV2a/123/low.webp	1	dex+hp+damage+illustrator+rarity
sv3pt5-124	Jynx ex	루주라 ex	SV2a-124	ルージュラex	Double rare	Double Rare	https://images.pokemontcg.io/sv3pt5/124.png	https://assets.tcgdex.net/ja/SV/SV2a/124/low.webp	1	dex+hp+damage+illustrator+rarity
sv3pt5-125	Electabuzz	에레브	SV2a-125	エレブー	Common	Common	https://images.pokemontcg.io/sv3pt5/125.png	https://assets.tcgdex.net/ja/SV/SV2a/125/low.webp	1	dex+hp+damage+illustrator+rarity
sv3pt5-126	Magmar	마그마	SV2a-126	ブーバー	Common	Common	https://images.pokemontcg.io/sv3pt5/126.png	https://assets.tcgdex.net/ja/SV/SV2a/126/low.webp	1	dex+hp+damage+illustrator+rarity
sv3pt5-127	Pinsir	쁘사이저	SV2a-127	カイロス	Uncommon	Uncommon	https://images.pokemontcg.io/sv3pt5/127.png	https://assets.tcgdex.net/ja/SV/SV2a/127/low.webp	1	dex+hp+damage+illustrator+rarity
sv3pt5-128	Tauros	켄타로스	SV2a-128	ケンタロス	Uncommon	Uncommon	https://images.pokemontcg.io/sv3pt5/128.png	https://assets.tcgdex.net/ja/SV/SV2a/128/low.webp	1	dex+hp+damage+illustrator+rarity
sv3pt5-129	Magikarp	잉어킹	SV2a-129	コイキング	Common	Common	https://images.pokemontcg.io/sv3pt5/129.png	https://assets.tcgdex.net/ja/SV/SV2a/129/low.webp	1	dex+hp+damage+illustrator+rarity
sv3pt5-130	Gyarados	갸라도스	SV2a-130	ギャラドス	Rare	Rare	https://images.pokemontcg.io/sv3pt5/130.png	https://assets.tcgdex.net/ja/SV/SV2a/130/low.webp	1	dex+hp+damage+illustrator+rarity
sv3pt5-131	Lapras	라프라스	SV2a-131	ラプラス	Uncommon	Uncommon	https://images.pokemontcg.io/sv3pt5/131.png	https://assets.tcgdex.net/ja/SV/SV2a/131/low.webp	1	dex+hp+damage+illustrator+rarity
sv3pt5-132	Ditto	메타몽	SV2a-132	メタモン	Rare	Rare	https://images.pokemontcg.io/sv3pt5/132.png	https://assets.tcgdex.net/ja/SV/SV2a/132/low.webp	1	dex+hp+damage+illustrator+rarity
sv3pt5-133	Eevee	이브이	SV2a-133	イーブイ	Common	Common	https://images.pokemontcg.io/sv3pt5/133.png	https://assets.tcgdex.net/ja/SV/SV2a/133/low.webp	1	dex+hp+damage+illustrator+rarity
sv3pt5-134	Vaporeon	샤미드	SV2a-134	シャワーズ	Rare	Rare	https://images.pokemontcg.io/sv3pt5/134.png	https://assets.tcgdex.net/ja/SV/SV2a/134/low.webp	1	dex+hp+damage+illustrator+rarity
sv3pt5-135	Jolteon	쥬피썬더	SV2a-135	サンダース	Rare	Rare	https://images.pokemontcg.io/sv3pt5/135.png	https://assets.tcgdex.net/ja/SV/SV2a/135/low.webp	1	dex+hp+damage+illustrator+rarity
sv3pt5-136	Flareon	부스터	SV2a-136	ブースター	Rare	Rare	https://images.pokemontcg.io/sv3pt5/136.png	https://assets.tcgdex.net/ja/SV/SV2a/136/low.webp	1	dex+hp+damage+illustrator+rarity
sv3pt5-137	Porygon	폴리곤	SV2a-137	ポリゴン	Common	Common	https://images.pokemontcg.io/sv3pt5/137.png	https://assets.tcgdex.net/ja/SV/SV2a/137/low.webp	1	dex+hp+damage+illustrator+rarity
sv3pt5-138	Omanyte	암나이트	SV2a-138	オムナイト	Uncommon	Uncommon	https://images.pokemontcg.io/sv3pt5/138.png	https://assets.tcgdex.net/ja/SV/SV2a/138/low.webp	1	dex+hp+damage+illustrator+rarity
sv3pt5-139	Omastar	암스타	SV2a-139	オムスター	Rare	Rare	https://images.pokemontcg.io/sv3pt5/139.png	https://assets.tcgdex.net/ja/SV/SV2a/139/low.webp	1	dex+hp+damage+illustrator+rarity
sv3pt5-140	Kabuto	투구	SV2a-140	カブト	Uncommon	Uncommon	https://images.pokemontcg.io/sv3pt5/140.png	https://assets.tcgdex.net/ja/SV/SV2a/140/low.webp	1	dex+hp+damage+illustrator+rarity
sv3pt5-141	Kabutops	투구푸스	SV2a-141	カブトプス	Rare	Rare	https://images.pokemontcg.io/sv3pt5/141.png	https://assets.tcgdex.net/ja/SV/SV2a/141/low.webp	1	dex+hp+damage+illustrator+rarity
sv3pt5-142	Aerodactyl	프테라	SV2a-142	プテラ	Rare	Rare	https://images.pokemontcg.io/sv3pt5/142.png	https://assets.tcgdex.net/ja/SV/SV2a/142/low.webp	1	dex+hp+damage+illustrator+rarity
sv3pt5-143	Snorlax	잠만보	SV2a-143	カビゴン	Uncommon	Uncommon	https://images.pokemontcg.io/sv3pt5/143.png	https://assets.tcgdex.net/ja/SV/SV2a/143/low.webp	1	dex+hp+damage+illustrator+rarity
sv3pt5-144	Articuno	프리져	SV2a-144	フリーザー	Rare	Rare	https://images.pokemontcg.io/sv3pt5/144.png	https://assets.tcgdex.net/ja/SV/SV2a/144/low.webp	1	dex+hp+damage+illustrator+rarity
sv3pt5-145	Zapdos ex	썬더 ex	SV2a-145	サンダーex	Double rare	Double Rare	https://images.pokemontcg.io/sv3pt5/145.png	https://assets.tcgdex.net/ja/SV/SV2a/145/low.webp	1	dex+hp+damage+illustrator+rarity
sv3pt5-146	Moltres	파이어	SV2a-146	ファイヤー	Rare	Rare	https://images.pokemontcg.io/sv3pt5/146.png	https://assets.tcgdex.net/ja/SV/SV2a/146/low.webp	1	dex+hp+damage+illustrator+rarity
sv3pt5-147	Dratini	미뇽	SV2a-147	ミニリュウ	Common	Common	https://images.pokemontcg.io/sv3pt5/147.png	https://assets.tcgdex.net/ja/SV/SV2a/147/low.webp	1	dex+hp+damage+illustrator+rarity
sv3pt5-148	Dragonair	신뇽	SV2a-148	ハクリュー	Uncommon	Uncommon	https://images.pokemontcg.io/sv3pt5/148.png	https://assets.tcgdex.net/ja/SV/SV2a/148/low.webp	1	dex+hp+damage+illustrator+rarity
sv3pt5-149	Dragonite	망나뇽	SV2a-149	カイリュー	Rare	Rare	https://images.pokemontcg.io/sv3pt5/149.png	https://assets.tcgdex.net/ja/SV/SV2a/149/low.webp	1	dex+hp+damage+illustrator+rarity
sv3pt5-150	Mewtwo	뮤츠	SV2a-150	ミュウツー	Rare	Rare	https://images.pokemontcg.io/sv3pt5/150.png	https://assets.tcgdex.net/ja/SV/SV2a/150/low.webp	1	dex+hp+damage+illustrator+rarity
sv3pt5-151	Mew ex	뮤 ex	SV2a-151	ミュウex	Double rare	Double Rare	https://images.pokemontcg.io/sv3pt5/151.png	https://assets.tcgdex.net/ja/SV/SV2a/151/low.webp	1	dex+hp+damage+illustrator+rarity
sv3pt5-166	Bulbasaur	이상해씨	SV2a-166	フシギダネ	Illustration rare	Illustration Rare	https://images.pokemontcg.io/sv3pt5/166.png	https://assets.tcgdex.net/ja/SV/SV2a/166/low.webp	1	dex+hp+damage+illustrator+rarity
sv3pt5-167	Ivysaur	이상해풀	SV2a-167	フシギソウ	Illustration rare	Illustration Rare	https://images.pokemontcg.io/sv3pt5/167.png	https://assets.tcgdex.net/ja/SV/SV2a/167/low.webp	1	dex+hp+damage+illustrator+rarity
sv3pt5-168	Charmander	파이리	SV2a-168	ヒトカゲ	Illustration rare	Illustration Rare	https://images.pokemontcg.io/sv3pt5/168.png	https://assets.tcgdex.net/ja/SV/SV2a/168/low.webp	1	dex+hp+damage+illustrator+rarity
sv3pt5-169	Charmeleon	리자드	SV2a-169	リザード	Illustration rare	Illustration Rare	https://images.pokemontcg.io/sv3pt5/169.png	https://assets.tcgdex.net/ja/SV/SV2a/169/low.webp	1	dex+hp+damage+illustrator+rarity
sv3pt5-170	Squirtle	꼬부기	SV2a-170	ゼニガメ	Illustration rare	Illustration Rare	https://images.pokemontcg.io/sv3pt5/170.png	https://assets.tcgdex.net/ja/SV/SV2a/170/low.webp	1	dex+hp+damage+illustrator+rarity
sv3pt5-171	Wartortle	어니부기	SV2a-171	カメール	Illustration rare	Illustration Rare	https://images.pokemontcg.io/sv3pt5/171.png	https://assets.tcgdex.net/ja/SV/SV2a/171/low.webp	1	dex+hp+damage+illustrator+rarity
sv3pt5-172	Caterpie	캐터피	SV2a-172	キャタピー	Illustration rare	Illustration Rare	https://images.pokemontcg.io/sv3pt5/172.png	https://assets.tcgdex.net/ja/SV/SV2a/172/low.webp	1	dex+hp+damage+illustrator+rarity
sv3pt5-173	Pikachu	피카츄	SV2a-173	ピカチュウ	Illustration rare	Illustration Rare	https://images.pokemontcg.io/sv3pt5/173.png	https://assets.tcgdex.net/ja/SV/SV2a/173/low.webp	1	dex+hp+damage+illustrator+rarity
sv3pt5-174	Nidoking	니드킹	SV2a-174	ニドキング	Illustration rare	Illustration Rare	https://images.pokemontcg.io/sv3pt5/174.png	https://assets.tcgdex.net/ja/SV/SV2a/174/low.webp	1	dex+hp+damage+illustrator+rarity
sv3pt5-175	Psyduck	고라파덕	SV2a-175	コダック	Illustration rare	Illustration Rare	https://images.pokemontcg.io/sv3pt5/175.png	https://assets.tcgdex.net/ja/SV/SV2a/175/low.webp	1	dex+hp+damage+illustrator+rarity
sv3pt5-176	Poliwhirl	슈륙챙이	SV2a-176	ニョロゾ	Illustration rare	Illustration Rare	https://images.pokemontcg.io/sv3pt5/176.png	https://assets.tcgdex.net/ja/SV/SV2a/176/low.webp	1	dex+hp+damage+illustrator+rarity
sv3pt5-177	Machoke	근육몬	SV2a-177	ゴーリキー	Illustration rare	Illustration Rare	https://images.pokemontcg.io/sv3pt5/177.png	https://assets.tcgdex.net/ja/SV/SV2a/177/low.webp	1	dex+hp+damage+illustrator+rarity
sv3pt5-178	Tangela	덩쿠리	SV2a-178	モンジャラ	Illustration rare	Illustration Rare	https://images.pokemontcg.io/sv3pt5/178.png	https://assets.tcgdex.net/ja/SV/SV2a/178/low.webp	1	dex+hp+damage+illustrator+rarity
sv3pt5-179	Mr. Mime	마임맨	SV2a-179	バリヤード	Illustration rare	Illustration Rare	https://images.pokemontcg.io/sv3pt5/179.png	https://assets.tcgdex.net/ja/SV/SV2a/179/low.webp	1	dex+hp+damage+illustrator+rarity
sv3pt5-180	Omanyte	암나이트	SV2a-180	オムナイト	Illustration rare	Illustration Rare	https://images.pokemontcg.io/sv3pt5/180.png	https://assets.tcgdex.net/ja/SV/SV2a/180/low.webp	1	dex+hp+damage+illustrator+rarity
sv3pt5-181	Dragonair	신뇽	SV2a-182	ハクリュー	Illustration rare	Illustration Rare	https://images.pokemontcg.io/sv3pt5/181.png	https://assets.tcgdex.net/ja/SV/SV2a/182/low.webp	1	dex+hp+damage+illustrator+rarity
sv3pt5-182	Venusaur ex	이상해꽃 ex	SV2a-184	フシギバナex	Ultra Rare	Ultra Rare	https://images.pokemontcg.io/sv3pt5/182.png	https://assets.tcgdex.net/ja/SV/SV2a/184/low.webp	1	dex+hp+damage+illustrator+rarity
sv3pt5-183	Charizard ex	리자몽 ex	SV2a-185	リザードンex	Ultra Rare	Ultra Rare	https://images.pokemontcg.io/sv3pt5/183.png	https://assets.tcgdex.net/ja/SV/SV2a/185/low.webp	1	dex+hp+damage+illustrator+rarity
sv3pt5-184	Blastoise ex	거북왕 ex	SV2a-186	カメックスex	Ultra Rare	Ultra Rare	https://images.pokemontcg.io/sv3pt5/184.png	https://assets.tcgdex.net/ja/SV/SV2a/186/low.webp	1	dex+hp+damage+illustrator+rarity
sv3pt5-185	Arbok ex	아보크 ex	SV2a-187	アーボックex	Ultra Rare	Ultra Rare	https://images.pokemontcg.io/sv3pt5/185.png	https://assets.tcgdex.net/ja/SV/SV2a/187/low.webp	1	dex+hp+damage+illustrator+rarity
sv3pt5-186	Ninetales ex	나인테일 ex	SV2a-188	キュウコンex	Ultra Rare	Ultra Rare	https://images.pokemontcg.io/sv3pt5/186.png	https://assets.tcgdex.net/ja/SV/SV2a/188/low.webp	1	dex+hp+damage+illustrator+rarity
sv3pt5-187	Wigglytuff ex	푸크린 ex	SV2a-189	プクリンex	Ultra Rare	Ultra Rare	https://images.pokemontcg.io/sv3pt5/187.png	https://assets.tcgdex.net/ja/SV/SV2a/189/low.webp	1	dex+hp+damage+illustrator+rarity
sv3pt5-188	Alakazam ex	후딘 ex	SV2a-190	フーディンex	Ultra Rare	Ultra Rare	https://images.pokemontcg.io/sv3pt5/188.png	https://assets.tcgdex.net/ja/SV/SV2a/190/low.webp	1	dex+hp+damage+illustrator+rarity
sv3pt5-189	Golem ex	딱구리 ex	SV2a-191	ゴローニャex	Ultra Rare	Ultra Rare	https://images.pokemontcg.io/sv3pt5/189.png	https://assets.tcgdex.net/ja/SV/SV2a/191/low.webp	1	dex+hp+damage+illustrator+rarity
sv3pt5-190	Kangaskhan ex	캥카 ex	SV2a-192	ガルーラex	Ultra Rare	Ultra Rare	https://images.pokemontcg.io/sv3pt5/190.png	https://assets.tcgdex.net/ja/SV/SV2a/192/low.webp	1	dex+hp+damage+illustrator+rarity
sv3pt5-191	Jynx ex	루주라 ex	SV2a-193	ルージュラex	Ultra Rare	Ultra Rare	https://images.pokemontcg.io/sv3pt5/191.png	https://assets.tcgdex.net/ja/SV/SV2a/193/low.webp	1	dex+hp+damage+illustrator+rarity
sv3pt5-192	Zapdos ex	썬더 ex	SV2a-194	サンダーex	Ultra Rare	Ultra Rare	https://images.pokemontcg.io/sv3pt5/192.png	https://assets.tcgdex.net/ja/SV/SV2a/194/low.webp	1	dex+hp+damage+illustrator+rarity
sv3pt5-193	Mew ex	뮤 ex	SV2a-195	ミュウex	Ultra Rare	Ultra Rare	https://images.pokemontcg.io/sv3pt5/193.png	https://assets.tcgdex.net/ja/SV/SV2a/195/low.webp	1	dex+hp+damage+illustrator+rarity
sv3pt5-198	Venusaur ex	이상해꽃 ex	SV2a-200	フシギバナex	Special illustration rare	Special Illustration Rare	https://images.pokemontcg.io/sv3pt5/198.png	https://assets.tcgdex.net/ja/SV/SV2a/200/low.webp	1	dex+hp+damage+illustrator+rarity
sv3pt5-199	Charizard ex	리자몽 ex	SV2a-201	リザードンex	Special illustration rare	Special Illustration Rare	https://images.pokemontcg.io/sv3pt5/199.png	https://assets.tcgdex.net/ja/SV/SV2a/201/low.webp	1	dex+hp+damage+illustrator+rarity
sv3pt5-200	Blastoise ex	거북왕 ex	SV2a-202	カメックスex	Special illustration rare	Special Illustration Rare	https://images.pokemontcg.io/sv3pt5/200.png	https://assets.tcgdex.net/ja/SV/SV2a/202/low.webp	1	dex+hp+damage+illustrator+rarity
sv3pt5-201	Alakazam ex	후딘 ex	SV2a-203	フーディンex	Special illustration rare	Special Illustration Rare	https://images.pokemontcg.io/sv3pt5/201.png	https://assets.tcgdex.net/ja/SV/SV2a/203/low.webp	1	dex+hp+damage+illustrator+rarity
sv3pt5-202	Zapdos ex	썬더 ex	SV2a-204	サンダーex	Special illustration rare	Special Illustration Rare	https://images.pokemontcg.io/sv3pt5/202.png	https://assets.tcgdex.net/ja/SV/SV2a/204/low.webp	1	dex+hp+damage+illustrator+rarity
sv3-1	Oddish	뚜벅쵸	SV3-001	ナゾノクサ	Common	Common	https://images.pokemontcg.io/sv3/1.png	https://assets.tcgdex.net/ja/SV/SV3/001/low.webp	1	dex+hp+damage+illustrator+rarity
sv3-2	Gloom	냄새꼬	SV3-002	クサイハナ	Common	Common	https://images.pokemontcg.io/sv3/2.png	https://assets.tcgdex.net/ja/SV/SV3/002/low.webp	1	dex+hp+damage+illustrator+rarity
sv3-3	Bellossom	아르코	SV3-003	キレイハナ	Uncommon	Uncommon	https://images.pokemontcg.io/sv3/3.png	https://assets.tcgdex.net/ja/SV/SV3/003/low.webp	1	dex+hp+damage+illustrator+rarity
sv3-4	Scyther	스라크	SV3-004	ストライク	Common	Common	https://images.pokemontcg.io/sv3/4.png	https://assets.tcgdex.net/ja/SV/SV3/004/low.webp	1	dex+hp+damage+illustrator+rarity
sv3-5	Shuckle	단단지	SV3-005	ツボツボ	Common	Common	https://images.pokemontcg.io/sv3/5.png	https://assets.tcgdex.net/ja/SV/SV3/005/low.webp	1	dex+hp+damage+illustrator+rarity
sv3-6	Surskit	비구술	SV2P-001	アメタマ	Common	Common	https://images.pokemontcg.io/sv3/6.png	https://assets.tcgdex.net/ja/SV/SV2P/001/low.webp	1	dex+hp+damage+illustrator+rarity
sv3-7	Masquerain	비나방	SV2P-002	アメモース	Uncommon	Uncommon	https://images.pokemontcg.io/sv3/7.png	https://assets.tcgdex.net/ja/SV/SV2P/002/low.webp	1	dex+hp+damage+illustrator+rarity
sv3-8	Combee	세꿀버리	SV3-006	ミツハニー	Common	Common	https://images.pokemontcg.io/sv3/8.png	https://assets.tcgdex.net/ja/SV/SV3/006/low.webp	1	dex+hp+damage+illustrator+rarity
sv3-9	Foongus	깜놀버슬	SV1a-002	タマゲタケ	Common	Common	https://images.pokemontcg.io/sv3/9.png	https://assets.tcgdex.net/ja/SV/SV1a/002/low.webp	1	dex+hp+damage+illustrator+rarity
sv3-10	Amoonguss	뽀록나	SV1a-003	モロバレル	Uncommon	Uncommon	https://images.pokemontcg.io/sv3/10.png	https://assets.tcgdex.net/ja/SV/SV1a/003/low.webp	1	dex+hp+damage+illustrator+rarity
sv3-11	Phantump	나목령	SV3-007	ボクレー	Common	Common	https://images.pokemontcg.io/sv3/11.png	https://assets.tcgdex.net/ja/SV/SV3/007/low.webp	1	dex+hp+damage+illustrator+rarity
sv3-12	Trevenant	대로트	SV3-008	オーロット	Uncommon	Uncommon	https://images.pokemontcg.io/sv3/12.png	https://assets.tcgdex.net/ja/SV/SV3/008/low.webp	1	dex+hp+damage+illustrator+rarity
sv3-16	Bounsweet	달콤아	SV2P-007	アマカジ	Common	Common	https://images.pokemontcg.io/sv3/16.png	https://assets.tcgdex.net/ja/SV/SV2P/007/low.webp	1	dex+hp+damage+illustrator+rarity
sv3-17	Steenee	달무리나	SV2P-008	アママイコ	Common	Common	https://images.pokemontcg.io/sv3/17.png	https://assets.tcgdex.net/ja/SV/SV2P/008/low.webp	1	dex+hp+damage+illustrator+rarity
sv3-18	Tsareena	달코퀸	SV2P-009	アマージョ	Uncommon	Uncommon	https://images.pokemontcg.io/sv3/18.png	https://assets.tcgdex.net/ja/SV/SV2P/009/low.webp	1	dex+hp+damage+illustrator+rarity
sv3-23	Capsakid	캡싸이	SV3-009	カプサイジ	Common	Common	https://images.pokemontcg.io/sv3/23.png	https://assets.tcgdex.net/ja/SV/SV3/009/low.webp	1	dex+hp+damage+illustrator+rarity
sv3-24	Capsakid	캡싸이	SV3-010	カプサイジ	Common	Common	https://images.pokemontcg.io/sv3/24.png	https://assets.tcgdex.net/ja/SV/SV3/010/low.webp	1	dex+hp+damage+illustrator+rarity
sv3-25	Scovillain	스코빌런	SV3-011	スコヴィラン	Rare	Rare	https://images.pokemontcg.io/sv3/25.png	https://assets.tcgdex.net/ja/SV/SV3/011/low.webp	1	dex+hp+damage+illustrator+rarity
sv3-26	Charmander	파이리	SV3-012	ヒトカゲ	Common	Common	https://images.pokemontcg.io/sv3/26.png	https://assets.tcgdex.net/ja/SV/SV3/012/low.webp	1	dex+hp+damage+illustrator+rarity
sv3-27	Charmeleon	리자드	SV3-013	リザード	Uncommon	Uncommon	https://images.pokemontcg.io/sv3/27.png	https://assets.tcgdex.net/ja/SV/SV3/013/low.webp	1	dex+hp+damage+illustrator+rarity
sv3-28	Vulpix	식스테일	SV3-014	ロコン	Common	Common	https://images.pokemontcg.io/sv3/28.png	https://assets.tcgdex.net/ja/SV/SV3/014/low.webp	1	dex+hp+damage+illustrator+rarity
sv3-29	Ninetales	나인테일	SV3-015	キュウコン	Uncommon	Uncommon	https://images.pokemontcg.io/sv3/29.png	https://assets.tcgdex.net/ja/SV/SV3/015/low.webp	1	dex+hp+damage+illustrator+rarity
sv3-30	Entei	앤테이	SV3-016	エンテイ	Rare	Rare	https://images.pokemontcg.io/sv3/30.png	https://assets.tcgdex.net/ja/SV/SV3/016/low.webp	1	dex+hp+damage+illustrator+rarity
sv3-31	Numel	둔타	SV2D-010	ドンメル	Common	Common	https://images.pokemontcg.io/sv3/31.png	https://assets.tcgdex.net/ja/SV/SV2D/010/low.webp	1	dex+hp+damage+illustrator+rarity
sv3-32	Camerupt	폭타	SV2D-011	バクーダ	Uncommon	Uncommon	https://images.pokemontcg.io/sv3/32.png	https://assets.tcgdex.net/ja/SV/SV2D/011/low.webp	1	dex+hp+damage+illustrator+rarity
sv3-34	Darumaka	달막화	SV3-017	ダルマッカ	Common	Common	https://images.pokemontcg.io/sv3/34.png	https://assets.tcgdex.net/ja/SV/SV3/017/low.webp	1	dex+hp+damage+illustrator+rarity
sv3-35	Darmanitan	불비달마	SV3-018	ヒヒダルマ	Uncommon	Uncommon	https://images.pokemontcg.io/sv3/35.png	https://assets.tcgdex.net/ja/SV/SV3/018/low.webp	1	dex+hp+damage+illustrator+rarity
sv3-39	Heatmor	앤티골	SV3-019	クイタラン	Common	Common	https://images.pokemontcg.io/sv3/39.png	https://assets.tcgdex.net/ja/SV/SV3/019/low.webp	1	dex+hp+damage+illustrator+rarity
sv3-40	Larvesta	활화르바	SV1a-012	メラルバ	Common	Common	https://images.pokemontcg.io/sv3/40.png	https://assets.tcgdex.net/ja/SV/SV1a/012/low.webp	1	dex+hp+damage+illustrator+rarity
sv3-46	Carvanha	샤프니아	SV3-021	キバニア	Common	Common	https://images.pokemontcg.io/sv3/46.png	https://assets.tcgdex.net/ja/SV/SV3/021/low.webp	1	dex+hp+damage+illustrator+rarity
sv3-47	Sharpedo	샤크니아	SV3-022	サメハダー	Uncommon	Uncommon	https://images.pokemontcg.io/sv3/47.png	https://assets.tcgdex.net/ja/SV/SV3/022/low.webp	1	dex+hp+damage+illustrator+rarity
sv3-48	Buizel	브이젤	SV1a-025	ブイゼル	Common	Common	https://images.pokemontcg.io/sv3/48.png	https://assets.tcgdex.net/ja/SV/SV1a/025/low.webp	1	dex+hp+damage+illustrator+rarity
sv3-49	Floatzel	플로젤	SV1a-026	フローゼル	Uncommon	Uncommon	https://images.pokemontcg.io/sv3/49.png	https://assets.tcgdex.net/ja/SV/SV1a/026/low.webp	1	dex+hp+damage+illustrator+rarity
sv3-50	Tympole	동챙이	SV3-023	オタマロ	Common	Common	https://images.pokemontcg.io/sv3/50.png	https://assets.tcgdex.net/ja/SV/SV3/023/low.webp	1	dex+hp+damage+illustrator+rarity
sv3-51	Palpitoad	두까비	SV3-024	ガマガル	Common	Common	https://images.pokemontcg.io/sv3/51.png	https://assets.tcgdex.net/ja/SV/SV3/024/low.webp	1	dex+hp+damage+illustrator+rarity
sv3-52	Seismitoad	두빅굴	SV3-025	ガマゲロゲ	Uncommon	Uncommon	https://images.pokemontcg.io/sv3/52.png	https://assets.tcgdex.net/ja/SV/SV3/025/low.webp	1	dex+hp+damage+illustrator+rarity
sv3-53	Cubchoo	코고미	SV3-026	クマシュン	Common	Common	https://images.pokemontcg.io/sv3/53.png	https://assets.tcgdex.net/ja/SV/SV3/026/low.webp	1	dex+hp+damage+illustrator+rarity
sv3-54	Beartic	툰베어	SV3-027	ツンベアー	Uncommon	Uncommon	https://images.pokemontcg.io/sv3/54.png	https://assets.tcgdex.net/ja/SV/SV3/027/low.webp	1	dex+hp+damage+illustrator+rarity
sv3-55	Cryogonal	프리지오	SV3-028	フリージオ	Common	Common	https://images.pokemontcg.io/sv3/55.png	https://assets.tcgdex.net/ja/SV/SV3/028/low.webp	1	dex+hp+damage+illustrator+rarity
sv3-60	Finizen	맨돌핀	SV3-029	ナミイルカ	Common	Common	https://images.pokemontcg.io/sv3/60.png	https://assets.tcgdex.net/ja/SV/SV3/029/low.webp	1	dex+hp+damage+illustrator+rarity
sv3-61	Finizen	맨돌핀	SV3-030	ナミイルカ	Common	Common	https://images.pokemontcg.io/sv3/61.png	https://assets.tcgdex.net/ja/SV/SV3/030/low.webp	1	dex+hp+damage+illustrator+rarity
sv3-62	Palafin	돌핀맨	SV3-031	イルカマン	Rare	Rare	https://images.pokemontcg.io/sv3/62.png	https://assets.tcgdex.net/ja/SV/SV3/031/low.webp	1	dex+hp+damage+illustrator+rarity
sv3-67	Tynamo	저리어	SV3-033	シビシラス	Common	Common	https://images.pokemontcg.io/sv3/67.png	https://assets.tcgdex.net/ja/SV/SV3/033/low.webp	1	dex+hp+damage+illustrator+rarity
sv3-68	Eelektrik	저리릴	SV3-034	シビビール	Common	Common	https://images.pokemontcg.io/sv3/68.png	https://assets.tcgdex.net/ja/SV/SV3/034/low.webp	1	dex+hp+damage+illustrator+rarity
sv3-69	Eelektross	저리더프	SV3-035	シビルドン	Uncommon	Uncommon	https://images.pokemontcg.io/sv3/69.png	https://assets.tcgdex.net/ja/SV/SV3/035/low.webp	1	dex+hp+damage+illustrator+rarity
sv3-70	Thundurus	볼트로스	SV3-036	ボルトロス	Rare	Rare	https://images.pokemontcg.io/sv3/70.png	https://assets.tcgdex.net/ja/SV/SV3/036/low.webp	1	dex+hp+damage+illustrator+rarity
sv3-71	Toxel	일레즌	SV3-037	エレズン	Common	Common	https://images.pokemontcg.io/sv3/71.png	https://assets.tcgdex.net/ja/SV/SV3/037/low.webp	1	dex+hp+damage+illustrator+rarity
sv3-72	Toxtricity	스트린더	SV3-038	ストリンダー	Rare	Rare	https://images.pokemontcg.io/sv3/72.png	https://assets.tcgdex.net/ja/SV/SV3/038/low.webp	1	dex+hp+damage+illustrator+rarity
sv3-74	Tadbulb	빈나두	SV3-039	ズピカ	Common	Common	https://images.pokemontcg.io/sv3/74.png	https://assets.tcgdex.net/ja/SV/SV3/039/low.webp	1	dex+hp+damage+illustrator+rarity
sv3-76	Tadbulb	빈나두	SV3-040	ズピカ	Common	Common	https://images.pokemontcg.io/sv3/76.png	https://assets.tcgdex.net/ja/SV/SV3/040/low.webp	1	dex+hp+damage+illustrator+rarity
sv3-78	Bellibolt	찌리배리	SV3-041	ハラバリー	Uncommon	Uncommon	https://images.pokemontcg.io/sv3/78.png	https://assets.tcgdex.net/ja/SV/SV3/041/low.webp	1	dex+hp+damage+illustrator+rarity
sv3-80	Cleffa	삐	SV3-042	ピィ	Common	Common	https://images.pokemontcg.io/sv3/80.png	https://assets.tcgdex.net/ja/SV/SV3/042/low.webp	1	dex+hp+damage+illustrator+rarity
sv3-83	Togepi	토게피	SV3-043	トゲピー	Common	Common	https://images.pokemontcg.io/sv3/83.png	https://assets.tcgdex.net/ja/SV/SV3/043/low.webp	1	dex+hp+damage+illustrator+rarity
sv3-85	Togekiss	토게키스	SV3-045	トゲキッス	Rare	Rare	https://images.pokemontcg.io/sv3/85.png	https://assets.tcgdex.net/ja/SV/SV3/045/low.webp	1	dex+hp+damage+illustrator+rarity
sv3-86	Espeon	에브이	SV3-046	エーフィ	Uncommon	Uncommon	https://images.pokemontcg.io/sv3/86.png	https://assets.tcgdex.net/ja/SV/SV3/046/low.webp	1	dex+hp+damage+illustrator+rarity
sv3-90	Spoink	피그점프	SV1a-036	バネブー	Common	Common	https://images.pokemontcg.io/sv3/90.png	https://assets.tcgdex.net/ja/SV/SV1a/036/low.webp	1	dex+hp+damage+illustrator+rarity
sv3-91	Grumpig	피그킹	SV1a-037	ブーピッグ	Uncommon	Uncommon	https://images.pokemontcg.io/sv3/91.png	https://assets.tcgdex.net/ja/SV/SV1a/037/low.webp	1	dex+hp+damage+illustrator+rarity
sv3-92	Lunatone	루나톤	SV3-047	ルナトーン	Uncommon	Uncommon	https://images.pokemontcg.io/sv3/92.png	https://assets.tcgdex.net/ja/SV/SV3/047/low.webp	1	dex+hp+damage+illustrator+rarity
sv3-93	Solrock	솔록	SV3-048	ソルロック	Uncommon	Uncommon	https://images.pokemontcg.io/sv3/93.png	https://assets.tcgdex.net/ja/SV/SV3/048/low.webp	1	dex+hp+damage+illustrator+rarity
sv3-94	Baltoy	오뚝군	SV3-049	ヤジロン	Common	Common	https://images.pokemontcg.io/sv3/94.png	https://assets.tcgdex.net/ja/SV/SV3/049/low.webp	1	dex+hp+damage+illustrator+rarity
sv3-95	Claydol	점토도리	SV3-050	ネンドール	Rare	Rare	https://images.pokemontcg.io/sv3/95.png	https://assets.tcgdex.net/ja/SV/SV3/050/low.webp	1	dex+hp+damage+illustrator+rarity
sv3-97	Sinistea	데인차	SV2P-035	ヤバチャ	Common	Common	https://images.pokemontcg.io/sv3/97.png	https://assets.tcgdex.net/ja/SV/SV2P/035/low.webp	1	dex+hp+damage+illustrator+rarity
sv3-98	Polteageist	포트데스	SV2P-036	ポットデス	Uncommon	Uncommon	https://images.pokemontcg.io/sv3/98.png	https://assets.tcgdex.net/ja/SV/SV2P/036/low.webp	1	dex+hp+damage+illustrator+rarity
sv3-99	Greavard	망망이	SV3-052	ボチ	Common	Common	https://images.pokemontcg.io/sv3/99.png	https://assets.tcgdex.net/ja/SV/SV3/052/low.webp	1	dex+hp+damage+illustrator+rarity
sv3-100	Greavard	망망이	SV3-053	ボチ	Common	Common	https://images.pokemontcg.io/sv3/100.png	https://assets.tcgdex.net/ja/SV/SV3/053/low.webp	1	dex+hp+damage+illustrator+rarity
sv3-101	Houndstone	묘두기	SV3-054	ハカドッグ	Uncommon	Uncommon	https://images.pokemontcg.io/sv3/101.png	https://assets.tcgdex.net/ja/SV/SV3/054/low.webp	1	dex+hp+damage+illustrator+rarity
sv3-103	Diglett	디그다	SV1a-044	ディグダ	Common	Common	https://images.pokemontcg.io/sv3/103.png	https://assets.tcgdex.net/ja/SV/SV1a/044/low.webp	1	dex+hp+damage+illustrator+rarity
sv3-104	Dugtrio	닥트리오	SV1a-045	ダグトリオ	Uncommon	Uncommon	https://images.pokemontcg.io/sv3/104.png	https://assets.tcgdex.net/ja/SV/SV1a/045/low.webp	1	dex+hp+damage+illustrator+rarity
sv3-105	Larvitar	애버라스	SV3-055	ヨーギラス	Common	Common	https://images.pokemontcg.io/sv3/105.png	https://assets.tcgdex.net/ja/SV/SV3/055/low.webp	1	dex+hp+damage+illustrator+rarity
sv3-107	Nosepass	코코파스	SV3-057	ノズパス	Common	Common	https://images.pokemontcg.io/sv3/107.png	https://assets.tcgdex.net/ja/SV/SV3/057/low.webp	1	dex+hp+damage+illustrator+rarity
sv3-108	Barboach	미꾸리	SV2D-038	ドジョッチ	Common	Common	https://images.pokemontcg.io/sv3/108.png	https://assets.tcgdex.net/ja/SV/SV2D/038/low.webp	1	dex+hp+damage+illustrator+rarity
sv3-109	Whiscash	메깅	SV2D-039	ナマズン	Uncommon	Uncommon	https://images.pokemontcg.io/sv3/109.png	https://assets.tcgdex.net/ja/SV/SV2D/039/low.webp	1	dex+hp+damage+illustrator+rarity
sv3-110	Bonsly	꼬지지	SV3-058	ウソハチ	Common	Common	https://images.pokemontcg.io/sv3/110.png	https://assets.tcgdex.net/ja/SV/SV3/058/low.webp	1	dex+hp+damage+illustrator+rarity
sv3-112	Stunfisk	메더	SV3-059	マッギョ	Uncommon	Uncommon	https://images.pokemontcg.io/sv3/112.png	https://assets.tcgdex.net/ja/SV/SV3/059/low.webp	1	dex+hp+damage+illustrator+rarity
sv3-114	Crabrawler	오기지게	SV2D-042	マケンカニ	Common	Common	https://images.pokemontcg.io/sv3/114.png	https://assets.tcgdex.net/ja/SV/SV2D/042/low.webp	1	dex+hp+damage+illustrator+rarity
sv3-115	Crabominable	모단단게	SV2D-043	ケケンカニ	Uncommon	Uncommon	https://images.pokemontcg.io/sv3/115.png	https://assets.tcgdex.net/ja/SV/SV2D/043/low.webp	1	dex+hp+damage+illustrator+rarity
sv3-116	Rockruff	암멍이	SV3-061	イワンコ	Common	Common	https://images.pokemontcg.io/sv3/116.png	https://assets.tcgdex.net/ja/SV/SV3/061/low.webp	1	dex+hp+damage+illustrator+rarity
sv3-117	Lycanroc	루가루암	SV3-062	ルガルガン	Uncommon	Uncommon	https://images.pokemontcg.io/sv3/117.png	https://assets.tcgdex.net/ja/SV/SV3/062/low.webp	1	dex+hp+damage+illustrator+rarity
sv3-121	Glimmet	초롱순	SV3-063	キラーメ	Common	Common	https://images.pokemontcg.io/sv3/121.png	https://assets.tcgdex.net/ja/SV/SV3/063/low.webp	1	dex+hp+damage+illustrator+rarity
sv3-122	Glimmet	초롱순	SV3-064	キラーメ	Common	Common	https://images.pokemontcg.io/sv3/122.png	https://assets.tcgdex.net/ja/SV/SV3/064/low.webp	1	dex+hp+damage+illustrator+rarity
sv3-127	Paldean Wooper	팔데아 우파	SV3-068	パルデア ウパー	Common	Common	https://images.pokemontcg.io/sv3/127.png	https://assets.tcgdex.net/ja/SV/SV3/068/low.webp	1	dex+hp+damage+illustrator+rarity
sv3-129	Paldean Clodsire	팔데아 토오	SV3-069	パルデア ドオー	Uncommon	Uncommon	https://images.pokemontcg.io/sv3/129.png	https://assets.tcgdex.net/ja/SV/SV3/069/low.webp	1	dex+hp+damage+illustrator+rarity
sv3-130	Umbreon	블래키	SV3-070	ブラッキー	Uncommon	Uncommon	https://images.pokemontcg.io/sv3/130.png	https://assets.tcgdex.net/ja/SV/SV3/070/low.webp	1	dex+hp+damage+illustrator+rarity
sv3-131	Houndour	델빌	SV3-071	デルビル	Common	Common	https://images.pokemontcg.io/sv3/131.png	https://assets.tcgdex.net/ja/SV/SV3/071/low.webp	1	dex+hp+damage+illustrator+rarity
sv3-133	Houndoom	헬가	SV3-072	ヘルガー	Uncommon	Uncommon	https://images.pokemontcg.io/sv3/133.png	https://assets.tcgdex.net/ja/SV/SV3/072/low.webp	1	dex+hp+damage+illustrator+rarity
sv3-136	Darkrai	다크라이	SV3-074	ダークライ	Rare	Rare	https://images.pokemontcg.io/sv3/136.png	https://assets.tcgdex.net/ja/SV/SV3/074/low.webp	1	dex+hp+damage+illustrator+rarity
sv3-137	Inkay	오케이징	SV3-075	マーイーカ	Common	Common	https://images.pokemontcg.io/sv3/137.png	https://assets.tcgdex.net/ja/SV/SV3/075/low.webp	1	dex+hp+damage+illustrator+rarity
sv3-138	Malamar	칼라마네로	SV3-076	カラマネロ	Uncommon	Uncommon	https://images.pokemontcg.io/sv3/138.png	https://assets.tcgdex.net/ja/SV/SV3/076/low.webp	1	dex+hp+damage+illustrator+rarity
sv3-139	Salandit	야도뇽	SV1a-060	ヤトウモリ	Common	Common	https://images.pokemontcg.io/sv3/139.png	https://assets.tcgdex.net/ja/SV/SV1a/060/low.webp	1	dex+hp+damage+illustrator+rarity
sv3-140	Salazzle	염뉴트	SV1a-061	エンニュート	Uncommon	Uncommon	https://images.pokemontcg.io/sv3/140.png	https://assets.tcgdex.net/ja/SV/SV1a/061/low.webp	1	dex+hp+damage+illustrator+rarity
sv3-141	Scizor	핫삼	SV3-077	ハッサム	Rare	Rare	https://images.pokemontcg.io/sv3/141.png	https://assets.tcgdex.net/ja/SV/SV3/077/low.webp	1	dex+hp+damage+illustrator+rarity
sv3-143	Mawile	입치트	SV3-078	クチート	Uncommon	Uncommon	https://images.pokemontcg.io/sv3/143.png	https://assets.tcgdex.net/ja/SV/SV3/078/low.webp	1	dex+hp+damage+illustrator+rarity
sv3-144	Bronzor	동미러	SV2P-050	ドーミラー	Common	Common	https://images.pokemontcg.io/sv3/144.png	https://assets.tcgdex.net/ja/SV/SV2P/050/low.webp	1	dex+hp+damage+illustrator+rarity
sv3-145	Bronzong	동탁군	SV2P-051	ドータクン	Uncommon	Uncommon	https://images.pokemontcg.io/sv3/145.png	https://assets.tcgdex.net/ja/SV/SV2P/051/low.webp	1	dex+hp+damage+illustrator+rarity
sv3-148	Pawniard	자망칼	SV3-080	コマタナ	Common	Common	https://images.pokemontcg.io/sv3/148.png	https://assets.tcgdex.net/ja/SV/SV3/080/low.webp	1	dex+hp+damage+illustrator+rarity
sv3-149	Bisharp	절각참	SV3-081	キリキザン	Common	Common	https://images.pokemontcg.io/sv3/149.png	https://assets.tcgdex.net/ja/SV/SV3/081/low.webp	1	dex+hp+damage+illustrator+rarity
sv3-150	Kingambit	대도각참	SV3-082	ドドゲザン	Uncommon	Uncommon	https://images.pokemontcg.io/sv3/150.png	https://assets.tcgdex.net/ja/SV/SV3/082/low.webp	1	dex+hp+damage+illustrator+rarity
sv3-154	Varoom	부르롱	SV3-083	ブロロン	Common	Common	https://images.pokemontcg.io/sv3/154.png	https://assets.tcgdex.net/ja/SV/SV3/083/low.webp	1	dex+hp+damage+illustrator+rarity
sv3-155	Varoom	부르롱	SV3-084	ブロロン	Common	Common	https://images.pokemontcg.io/sv3/155.png	https://assets.tcgdex.net/ja/SV/SV3/084/low.webp	1	dex+hp+damage+illustrator+rarity
sv3-160	Altaria	파비코리	SV3-086	チルタリス	Uncommon	Uncommon	https://images.pokemontcg.io/sv3/160.png	https://assets.tcgdex.net/ja/SV/SV3/086/low.webp	1	dex+hp+damage+illustrator+rarity
sv3-162	Pidgey	구구	SV3-087	ポッポ	Common	Common	https://images.pokemontcg.io/sv3/162.png	https://assets.tcgdex.net/ja/SV/SV3/087/low.webp	1	dex+hp+damage+illustrator+rarity
sv3-165	Kangaskhan	캥카	SV3-090	ガルーラ	Uncommon	Uncommon	https://images.pokemontcg.io/sv3/165.png	https://assets.tcgdex.net/ja/SV/SV3/090/low.webp	1	dex+hp+damage+illustrator+rarity
sv3-166	Eevee	이브이	SV3-091	イーブイ	Common	Common	https://images.pokemontcg.io/sv3/166.png	https://assets.tcgdex.net/ja/SV/SV3/091/low.webp	1	dex+hp+damage+illustrator+rarity
sv3-167	Zigzagoon	지그제구리	SV3-092	ジグザグマ	Common	Common	https://images.pokemontcg.io/sv3/167.png	https://assets.tcgdex.net/ja/SV/SV3/092/low.webp	1	dex+hp+damage+illustrator+rarity
sv3-169	Swablu	파비코	SV3-094	チルット	Common	Common	https://images.pokemontcg.io/sv3/169.png	https://assets.tcgdex.net/ja/SV/SV3/094/low.webp	1	dex+hp+damage+illustrator+rarity
sv3-175	Bunnelby	파르빗	SV3-095	ホルビー	Common	Common	https://images.pokemontcg.io/sv3/175.png	https://assets.tcgdex.net/ja/SV/SV3/095/low.webp	1	dex+hp+damage+illustrator+rarity
sv3-176	Yungoos	영구스	SV1a-062	ヤングース	Common	Common	https://images.pokemontcg.io/sv3/176.png	https://assets.tcgdex.net/ja/SV/SV1a/062/low.webp	1	dex+hp+damage+illustrator+rarity
sv3-177	Gumshoos	형사구스	SV1a-063	デカグース	Uncommon	Uncommon	https://images.pokemontcg.io/sv3/177.png	https://assets.tcgdex.net/ja/SV/SV1a/063/low.webp	1	dex+hp+damage+illustrator+rarity
sv3-180	Lechonk	맛보돈	SV3-096	グルトン	Common	Common	https://images.pokemontcg.io/sv3/180.png	https://assets.tcgdex.net/ja/SV/SV3/096/low.webp	1	dex+hp+damage+illustrator+rarity
sv3-181	Lechonk	맛보돈	SV3-097	グルトン	Common	Common	https://images.pokemontcg.io/sv3/181.png	https://assets.tcgdex.net/ja/SV/SV3/097/low.webp	1	dex+hp+damage+illustrator+rarity
sv3-184	Oinkologne	퍼퓨돈	SV3-098	パフュートン	Uncommon	Uncommon	https://images.pokemontcg.io/sv3/184.png	https://assets.tcgdex.net/ja/SV/SV3/098/low.webp	1	dex+hp+damage+illustrator+rarity
sv3-185	Flamigo	꼬이밍고	SV3-099	カラミンゴ	Uncommon	Uncommon	https://images.pokemontcg.io/sv3/185.png	https://assets.tcgdex.net/ja/SV/SV3/099/low.webp	1	dex+hp+damage+illustrator+rarity
sv2-1	Hoppip	통통코	SV2D-001	ハネッコ	Common	Common	https://images.pokemontcg.io/sv2/1.png	https://assets.tcgdex.net/ja/SV/SV2D/001/low.webp	1	dex+hp+damage+illustrator+rarity
sv2-3	Jumpluff	솜솜코	SV2D-003	ワタッコ	Rare	Rare	https://images.pokemontcg.io/sv2/3.png	https://assets.tcgdex.net/ja/SV/SV2D/003/low.webp	1	dex+hp+damage+illustrator+rarity
sv2-4	Pineco	피콘	SV2D-004	クヌギダマ	Common	Common	https://images.pokemontcg.io/sv2/4.png	https://assets.tcgdex.net/ja/SV/SV2D/004/low.webp	1	dex+hp+damage+illustrator+rarity
sv2-6	Heracross	헤라크로스	SV2D-006	ヘラクロス	Uncommon	Uncommon	https://images.pokemontcg.io/sv2/6.png	https://assets.tcgdex.net/ja/SV/SV2D/006/low.webp	1	dex+hp+damage+illustrator+rarity
sv2-7	Tropius	트로피우스	SV1a-001	トロピウス	Common	Common	https://images.pokemontcg.io/sv2/7.png	https://assets.tcgdex.net/ja/SV/SV1a/001/low.webp	1	dex+hp+damage+illustrator+rarity
sv2-8	Combee	세꿀버리	SV2P-003	ミツハニー	Common	Common	https://images.pokemontcg.io/sv2/8.png	https://assets.tcgdex.net/ja/SV/SV2P/003/low.webp	1	dex+hp+damage+illustrator+rarity
sv2-9	Vespiquen	비퀸	SV2P-004	ビークイン	Uncommon	Uncommon	https://images.pokemontcg.io/sv2/9.png	https://assets.tcgdex.net/ja/SV/SV2P/004/low.webp	1	dex+hp+damage+illustrator+rarity
sv2-10	Snover	눈쓰개	SV2P-005	ユキカブリ	Common	Common	https://images.pokemontcg.io/sv2/10.png	https://assets.tcgdex.net/ja/SV/SV2P/005/low.webp	1	dex+hp+damage+illustrator+rarity
sv2-11	Abomasnow	눈설왕	SV2P-006	ユキノオー	Rare	Rare	https://images.pokemontcg.io/sv2/11.png	https://assets.tcgdex.net/ja/SV/SV2P/006/low.webp	1	dex+hp+damage+illustrator+rarity
sv2-12	Sprigatito	나오하	SV1a-004	ニャオハ	Common	Common	https://images.pokemontcg.io/sv2/12.png	https://assets.tcgdex.net/ja/SV/SV1a/004/low.webp	1	dex+hp+damage+illustrator+rarity
sv2-13	Sprigatito	나오하	SV1a-005	ニャオハ	Common	Common	https://images.pokemontcg.io/sv2/13.png	https://assets.tcgdex.net/ja/SV/SV1a/005/low.webp	1	dex+hp+damage+illustrator+rarity
sv2-16	Tarountula	타랜툴라	SV2D-007	タマンチュラ	Common	Common	https://images.pokemontcg.io/sv2/16.png	https://assets.tcgdex.net/ja/SV/SV2D/007/low.webp	1	dex+hp+damage+illustrator+rarity
sv2-17	Tarountula	타랜툴라	SV2D-008	タマンチュラ	Common	Common	https://images.pokemontcg.io/sv2/17.png	https://assets.tcgdex.net/ja/SV/SV2D/008/low.webp	1	dex+hp+damage+illustrator+rarity
sv2-18	Spidops	트래피더	SV2D-009	ワナイダー	Uncommon	Uncommon	https://images.pokemontcg.io/sv2/18.png	https://assets.tcgdex.net/ja/SV/SV2D/009/low.webp	1	dex+hp+damage+illustrator+rarity
sv2-19	Nymble	콩알뚜기	SV1a-008	マメバッタ	Common	Common	https://images.pokemontcg.io/sv2/19.png	https://assets.tcgdex.net/ja/SV/SV1a/008/low.webp	1	dex+hp+damage+illustrator+rarity
sv2-20	Nymble	콩알뚜기	SV1a-009	マメバッタ	Common	Common	https://images.pokemontcg.io/sv2/20.png	https://assets.tcgdex.net/ja/SV/SV1a/009/low.webp	1	dex+hp+damage+illustrator+rarity
sv2-21	Lokix	엑스레그	SV1a-010	エクスレッグ	Rare	Rare	https://images.pokemontcg.io/sv2/21.png	https://assets.tcgdex.net/ja/SV/SV1a/010/low.webp	1	dex+hp+damage+illustrator+rarity
sv2-22	Bramblin	그푸리	SV2P-010	アノクサ	Common	Common	https://images.pokemontcg.io/sv2/22.png	https://assets.tcgdex.net/ja/SV/SV2P/010/low.webp	1	dex+hp+damage+illustrator+rarity
sv2-23	Bramblin	그푸리	SV2P-011	アノクサ	Common	Common	https://images.pokemontcg.io/sv2/23.png	https://assets.tcgdex.net/ja/SV/SV2P/011/low.webp	1	dex+hp+damage+illustrator+rarity
sv2-24	Brambleghast	공푸리	SV2P-012	アノホラグサ	Uncommon	Uncommon	https://images.pokemontcg.io/sv2/24.png	https://assets.tcgdex.net/ja/SV/SV2P/012/low.webp	1	dex+hp+damage+illustrator+rarity
sv2-25	Rellor	구르데	SV2P-013	シガロコ	Common	Common	https://images.pokemontcg.io/sv2/25.png	https://assets.tcgdex.net/ja/SV/SV2P/013/low.webp	1	dex+hp+damage+illustrator+rarity
sv2-26	Rellor	구르데	SV2P-014	シガロコ	Common	Common	https://images.pokemontcg.io/sv2/26.png	https://assets.tcgdex.net/ja/SV/SV2P/014/low.webp	1	dex+hp+damage+illustrator+rarity
sv2-28	Paldean Tauros	팔데아 켄타로스	SV1a-011	パルデア ケンタロス	Uncommon	Uncommon	https://images.pokemontcg.io/sv2/28.png	https://assets.tcgdex.net/ja/SV/SV1a/011/low.webp	1	dex+hp+damage+illustrator+rarity
sv2-30	Talonflame	파이어로	SV2D-013	ファイアロー	Uncommon	Uncommon	https://images.pokemontcg.io/sv2/30.png	https://assets.tcgdex.net/ja/SV/SV2D/013/low.webp	1	dex+hp+damage+illustrator+rarity
sv2-31	Litleo	레오꼬	SV1a-014	シシコ	Common	Common	https://images.pokemontcg.io/sv2/31.png	https://assets.tcgdex.net/ja/SV/SV1a/014/low.webp	1	dex+hp+damage+illustrator+rarity
sv2-32	Pyroar	화염레오	SV1a-015	カエンジシ	Uncommon	Uncommon	https://images.pokemontcg.io/sv2/32.png	https://assets.tcgdex.net/ja/SV/SV1a/015/low.webp	1	dex+hp+damage+illustrator+rarity
sv2-33	Oricorio	춤추새	SV1a-016	オドリドリ	Rare	Rare	https://images.pokemontcg.io/sv2/33.png	https://assets.tcgdex.net/ja/SV/SV1a/016/low.webp	1	dex+hp+damage+illustrator+rarity
sv2-34	Fuecoco	뜨아거	SV1a-017	ホゲータ	Common	Common	https://images.pokemontcg.io/sv2/34.png	https://assets.tcgdex.net/ja/SV/SV1a/017/low.webp	1	dex+hp+damage+illustrator+rarity
sv2-35	Fuecoco	뜨아거	SV1a-018	ホゲータ	Common	Common	https://images.pokemontcg.io/sv2/35.png	https://assets.tcgdex.net/ja/SV/SV1a/018/low.webp	1	dex+hp+damage+illustrator+rarity
sv2-38	Charcadet	카르본	SV2D-014	カルボウ	Common	Common	https://images.pokemontcg.io/sv2/38.png	https://assets.tcgdex.net/ja/SV/SV2D/014/low.webp	1	dex+hp+damage+illustrator+rarity
sv2-39	Charcadet	카르본	SV2D-015	カルボウ	Common	Common	https://images.pokemontcg.io/sv2/39.png	https://assets.tcgdex.net/ja/SV/SV2D/015/low.webp	1	dex+hp+damage+illustrator+rarity
sv2-41	Paldean Tauros	팔데아 켄타로스	SV1a-021	パルデア ケンタロス	Uncommon	Uncommon	https://images.pokemontcg.io/sv2/41.png	https://assets.tcgdex.net/ja/SV/SV1a/021/low.webp	1	dex+hp+damage+illustrator+rarity
sv2-42	Magikarp	잉어킹	SV1a-022	コイキング	Common	Common	https://images.pokemontcg.io/sv2/42.png	https://assets.tcgdex.net/ja/SV/SV1a/022/low.webp	1	dex+hp+damage+illustrator+rarity
sv2-43	Gyarados	갸라도스	SV1a-023	ギャラドス	Rare	Rare	https://images.pokemontcg.io/sv2/43.png	https://assets.tcgdex.net/ja/SV/SV1a/023/low.webp	1	dex+hp+damage+illustrator+rarity
sv2-44	Marill	마릴	SV2P-016	マリル	Common	Common	https://images.pokemontcg.io/sv2/44.png	https://assets.tcgdex.net/ja/SV/SV2P/016/low.webp	1	dex+hp+damage+illustrator+rarity
sv2-45	Azumarill	마릴리	SV2P-017	マリルリ	Uncommon	Uncommon	https://images.pokemontcg.io/sv2/45.png	https://assets.tcgdex.net/ja/SV/SV2P/017/low.webp	1	dex+hp+damage+illustrator+rarity
sv2-46	Delibird	딜리버드	SV1a-024	デリバード	Common	Common	https://images.pokemontcg.io/sv2/46.png	https://assets.tcgdex.net/ja/SV/SV1a/024/low.webp	1	dex+hp+damage+illustrator+rarity
sv2-47	Luvdisc	사랑동이	SV2P-018	ラブカス	Common	Common	https://images.pokemontcg.io/sv2/47.png	https://assets.tcgdex.net/ja/SV/SV2P/018/low.webp	1	dex+hp+damage+illustrator+rarity
sv2-48	Eiscue	빙큐보	SV2P-019	コオリッポ	Uncommon	Uncommon	https://images.pokemontcg.io/sv2/48.png	https://assets.tcgdex.net/ja/SV/SV2P/019/low.webp	1	dex+hp+damage+illustrator+rarity
sv2-49	Quaxly	꾸왁스	SV1a-027	クワッス	Common	Common	https://images.pokemontcg.io/sv2/49.png	https://assets.tcgdex.net/ja/SV/SV1a/027/low.webp	1	dex+hp+damage+illustrator+rarity
sv2-50	Quaxly	꾸왁스	SV1a-028	クワッス	Common	Common	https://images.pokemontcg.io/sv2/50.png	https://assets.tcgdex.net/ja/SV/SV1a/028/low.webp	1	dex+hp+damage+illustrator+rarity
sv2-53	Cetoddle	터벅고래	SV2P-020	アルクジラ	Common	Common	https://images.pokemontcg.io/sv2/53.png	https://assets.tcgdex.net/ja/SV/SV2P/020/low.webp	1	dex+hp+damage+illustrator+rarity
sv2-54	Cetoddle	터벅고래	SV2P-021	アルクジラ	Common	Common	https://images.pokemontcg.io/sv2/54.png	https://assets.tcgdex.net/ja/SV/SV2P/021/low.webp	1	dex+hp+damage+illustrator+rarity
sv2-55	Cetitan	우락고래	SV2P-022	ハルクジラ	Uncommon	Uncommon	https://images.pokemontcg.io/sv2/55.png	https://assets.tcgdex.net/ja/SV/SV2P/022/low.webp	1	dex+hp+damage+illustrator+rarity
sv2-56	Veluza	가비루사	SV2P-023	ミガルーサ	Rare	Rare	https://images.pokemontcg.io/sv2/56.png	https://assets.tcgdex.net/ja/SV/SV2P/023/low.webp	1	dex+hp+damage+illustrator+rarity
sv2-57	Frigibax	드니차	SV2P-024	セビエ	Common	Common	https://images.pokemontcg.io/sv2/57.png	https://assets.tcgdex.net/ja/SV/SV2P/024/low.webp	1	dex+hp+damage+illustrator+rarity
sv2-58	Frigibax	드니차	SV2P-025	セビエ	Common	Common	https://images.pokemontcg.io/sv2/58.png	https://assets.tcgdex.net/ja/SV/SV2P/025/low.webp	1	dex+hp+damage+illustrator+rarity
sv2-60	Baxcalibur	드닐레이브	SV2P-027	セグレイブ	Rare	Rare	https://images.pokemontcg.io/sv2/60.png	https://assets.tcgdex.net/ja/SV/SV2P/027/low.webp	1	dex+hp+damage+illustrator+rarity
sv2-62	Pikachu	피카츄	SV2D-017	ピカチュウ	Common	Common	https://images.pokemontcg.io/sv2/62.png	https://assets.tcgdex.net/ja/SV/SV2D/017/low.webp	1	dex+hp+damage+illustrator+rarity
sv2-64	Raichu	라이츄	SV2D-018	ライチュウ	Uncommon	Uncommon	https://images.pokemontcg.io/sv2/64.png	https://assets.tcgdex.net/ja/SV/SV2D/018/low.webp	1	dex+hp+damage+illustrator+rarity
sv2-69	Shinx	꼬링크	SV2D-019	コリンク	Common	Common	https://images.pokemontcg.io/sv2/69.png	https://assets.tcgdex.net/ja/SV/SV2D/019/low.webp	1	dex+hp+damage+illustrator+rarity
sv2-71	Luxray	렌트라	SV2D-021	レントラー	Rare	Rare	https://images.pokemontcg.io/sv2/71.png	https://assets.tcgdex.net/ja/SV/SV2D/021/low.webp	1	dex+hp+damage+illustrator+rarity
sv2-73	Pincurchin	찌르성게	SV2D-022	バチンウニ	Uncommon	Uncommon	https://images.pokemontcg.io/sv2/73.png	https://assets.tcgdex.net/ja/SV/SV2D/022/low.webp	1	dex+hp+damage+illustrator+rarity
sv2-77	Tadbulb	빈나두	SV2D-023	ズピカ	Common	Common	https://images.pokemontcg.io/sv2/77.png	https://assets.tcgdex.net/ja/SV/SV2D/023/low.webp	1	dex+hp+damage+illustrator+rarity
sv2-78	Tadbulb	빈나두	SV2D-024	ズピカ	Common	Common	https://images.pokemontcg.io/sv2/78.png	https://assets.tcgdex.net/ja/SV/SV2D/024/low.webp	1	dex+hp+damage+illustrator+rarity
sv2-80	Wattrel	찌리비	SV1a-031	カイデン	Common	Common	https://images.pokemontcg.io/sv2/80.png	https://assets.tcgdex.net/ja/SV/SV1a/031/low.webp	1	dex+hp+damage+illustrator+rarity
sv2-81	Wattrel	찌리비	SV1a-032	カイデン	Common	Common	https://images.pokemontcg.io/sv2/81.png	https://assets.tcgdex.net/ja/SV/SV1a/032/low.webp	1	dex+hp+damage+illustrator+rarity
sv2-82	Kilowattrel	찌리비크	SV1a-033	タイカイデン	Uncommon	Uncommon	https://images.pokemontcg.io/sv2/82.png	https://assets.tcgdex.net/ja/SV/SV1a/033/low.webp	1	dex+hp+damage+illustrator+rarity
sv2-83	Jigglypuff	푸린	SV2D-026	プリン	Common	Common	https://images.pokemontcg.io/sv2/83.png	https://assets.tcgdex.net/ja/SV/SV2D/026/low.webp	1	dex+hp+damage+illustrator+rarity
sv2-84	Wigglytuff	푸크린	SV2D-027	プクリン	Rare	Rare	https://images.pokemontcg.io/sv2/84.png	https://assets.tcgdex.net/ja/SV/SV2D/027/low.webp	1	dex+hp+damage+illustrator+rarity
sv2-85	Slowpoke	야돈	SV2P-029	ヤドン	Common	Common	https://images.pokemontcg.io/sv2/85.png	https://assets.tcgdex.net/ja/SV/SV2P/029/low.webp	1	dex+hp+damage+illustrator+rarity
sv2-87	Misdreavus	무우마	SV1a-034	ムウマ	Common	Common	https://images.pokemontcg.io/sv2/87.png	https://assets.tcgdex.net/ja/SV/SV1a/034/low.webp	1	dex+hp+damage+illustrator+rarity
sv2-88	Mismagius	무우마직	SV1a-035	ムウマージ	Uncommon	Uncommon	https://images.pokemontcg.io/sv2/88.png	https://assets.tcgdex.net/ja/SV/SV1a/035/low.webp	1	dex+hp+damage+illustrator+rarity
sv2-89	Spiritomb	화강돌	SV2D-028	ミカルゲ	Rare	Rare	https://images.pokemontcg.io/sv2/89.png	https://assets.tcgdex.net/ja/SV/SV2D/028/low.webp	1	dex+hp+damage+illustrator+rarity
sv2-90	Gothita	고디탱	SV2P-031	ゴチム	Common	Common	https://images.pokemontcg.io/sv2/90.png	https://assets.tcgdex.net/ja/SV/SV2P/031/low.webp	1	dex+hp+damage+illustrator+rarity
sv2-92	Gothitelle	고디모아젤	SV2P-033	ゴチルゼル	Uncommon	Uncommon	https://images.pokemontcg.io/sv2/92.png	https://assets.tcgdex.net/ja/SV/SV2P/033/low.webp	1	dex+hp+damage+illustrator+rarity
sv2-94	Oranguru	하랑우탄	SV1a-039	ヤレユータン	Uncommon	Uncommon	https://images.pokemontcg.io/sv2/94.png	https://assets.tcgdex.net/ja/SV/SV1a/039/low.webp	1	dex+hp+damage+illustrator+rarity
sv2-95	Sandygast	모래꿍	SV2D-029	スナバァ	Common	Common	https://images.pokemontcg.io/sv2/95.png	https://assets.tcgdex.net/ja/SV/SV2D/029/low.webp	1	dex+hp+damage+illustrator+rarity
sv2-96	Palossand	모래성이당	SV2D-030	シロデスナ	Uncommon	Uncommon	https://images.pokemontcg.io/sv2/96.png	https://assets.tcgdex.net/ja/SV/SV2D/030/low.webp	1	dex+hp+damage+illustrator+rarity
sv2-97	Mimikyu	따라큐	SV2P-034	ミミッキュ	Rare	Rare	https://images.pokemontcg.io/sv2/97.png	https://assets.tcgdex.net/ja/SV/SV2P/034/low.webp	1	dex+hp+damage+illustrator+rarity
sv2-98	Ceruledge	파라블레이즈	SV2D-031	ソウブレイズ	Rare	Rare	https://images.pokemontcg.io/sv2/98.png	https://assets.tcgdex.net/ja/SV/SV2D/031/low.webp	1	dex+hp+damage+illustrator+rarity
sv2-99	Rabsca	베라카스	SV2P-037	ベラカス	Rare	Rare	https://images.pokemontcg.io/sv2/99.png	https://assets.tcgdex.net/ja/SV/SV2P/037/low.webp	1	dex+hp+damage+illustrator+rarity
sv2-100	Tinkatink	어리짱	SV1a-040	カヌチャン	Common	Common	https://images.pokemontcg.io/sv2/100.png	https://assets.tcgdex.net/ja/SV/SV1a/040/low.webp	1	dex+hp+damage+illustrator+rarity
sv2-101	Tinkatink	어리짱	SV2D-032	カヌチャン	Common	Common	https://images.pokemontcg.io/sv2/101.png	https://assets.tcgdex.net/ja/SV/SV2D/032/low.webp	1	dex+hp+damage+illustrator+rarity
sv2-102	Tinkatink	어리짱	SV1a-041	カヌチャン	Common	Common	https://images.pokemontcg.io/sv2/102.png	https://assets.tcgdex.net/ja/SV/SV1a/041/low.webp	1	dex+hp+damage+illustrator+rarity
sv2-105	Tinkaton	두드리짱	SV1a-043	デカヌチャン	Rare	Rare	https://images.pokemontcg.io/sv2/105.png	https://assets.tcgdex.net/ja/SV/SV1a/043/low.webp	1	dex+hp+damage+illustrator+rarity
sv2-106	Mankey	망키	SV2P-038	マンキー	Common	Common	https://images.pokemontcg.io/sv2/106.png	https://assets.tcgdex.net/ja/SV/SV2P/038/low.webp	1	dex+hp+damage+illustrator+rarity
sv2-108	Paldean Tauros	팔데아 켄타로스	SV1a-046	パルデア ケンタロス	Uncommon	Uncommon	https://images.pokemontcg.io/sv2/108.png	https://assets.tcgdex.net/ja/SV/SV1a/046/low.webp	1	dex+hp+damage+illustrator+rarity
sv2-109	Sudowoodo	꼬지모	SV2P-041	ウソッキー	Uncommon	Uncommon	https://images.pokemontcg.io/sv2/109.png	https://assets.tcgdex.net/ja/SV/SV2P/041/low.webp	1	dex+hp+damage+illustrator+rarity
sv2-110	Larvitar	애버라스	SV2D-036	ヨーギラス	Common	Common	https://images.pokemontcg.io/sv2/110.png	https://assets.tcgdex.net/ja/SV/SV2D/036/low.webp	1	dex+hp+damage+illustrator+rarity
sv2-112	Makuhita	마크탕	SV1a-047	マクノシタ	Common	Common	https://images.pokemontcg.io/sv2/112.png	https://assets.tcgdex.net/ja/SV/SV1a/047/low.webp	1	dex+hp+damage+illustrator+rarity
sv2-113	Hariyama	하리뭉	SV1a-048	ハリテヤマ	Rare	Rare	https://images.pokemontcg.io/sv2/113.png	https://assets.tcgdex.net/ja/SV/SV1a/048/low.webp	1	dex+hp+damage+illustrator+rarity
sv2-114	Croagunk	삐딱구리	SV2D-040	グレッグル	Common	Common	https://images.pokemontcg.io/sv2/114.png	https://assets.tcgdex.net/ja/SV/SV2D/040/low.webp	1	dex+hp+damage+illustrator+rarity
sv2-115	Toxicroak	독개굴	SV2D-041	ドクロッグ	Uncommon	Uncommon	https://images.pokemontcg.io/sv2/115.png	https://assets.tcgdex.net/ja/SV/SV2D/041/low.webp	1	dex+hp+damage+illustrator+rarity
sv2-116	Rockruff	암멍이	SV1a-049	イワンコ	Common	Common	https://images.pokemontcg.io/sv2/116.png	https://assets.tcgdex.net/ja/SV/SV1a/049/low.webp	1	dex+hp+damage+illustrator+rarity
sv2-118	Passimian	내던숭이	SV2D-044	ナゲツケサル	Uncommon	Uncommon	https://images.pokemontcg.io/sv2/118.png	https://assets.tcgdex.net/ja/SV/SV2D/044/low.webp	1	dex+hp+damage+illustrator+rarity
sv2-119	Falinks	대여르	SV1a-051	タイレーツ	Common	Common	https://images.pokemontcg.io/sv2/119.png	https://assets.tcgdex.net/ja/SV/SV1a/051/low.webp	1	dex+hp+damage+illustrator+rarity
sv2-120	Nacli	베베솔트	SV2D-045	コジオ	Common	Common	https://images.pokemontcg.io/sv2/120.png	https://assets.tcgdex.net/ja/SV/SV2D/045/low.webp	1	dex+hp+damage+illustrator+rarity
sv2-121	Nacli	베베솔트	SV2D-046	コジオ	Common	Common	https://images.pokemontcg.io/sv2/121.png	https://assets.tcgdex.net/ja/SV/SV2D/046/low.webp	1	dex+hp+damage+illustrator+rarity
sv2-123	Garganacl	콜로솔트	SV2D-048	キョジオーン	Rare	Rare	https://images.pokemontcg.io/sv2/123.png	https://assets.tcgdex.net/ja/SV/SV2D/048/low.webp	1	dex+hp+damage+illustrator+rarity
sv2-124	Glimmet	초롱순	SV2P-042	キラーメ	Common	Common	https://images.pokemontcg.io/sv2/124.png	https://assets.tcgdex.net/ja/SV/SV2P/042/low.webp	1	dex+hp+damage+illustrator+rarity
sv2-125	Glimmet	초롱순	SV2P-043	キラーメ	Common	Common	https://images.pokemontcg.io/sv2/125.png	https://assets.tcgdex.net/ja/SV/SV2P/043/low.webp	1	dex+hp+damage+illustrator+rarity
sv2-126	Glimmora	킬라플로르	SV2P-044	キラフロル	Rare	Rare	https://images.pokemontcg.io/sv2/126.png	https://assets.tcgdex.net/ja/SV/SV2P/044/low.webp	1	dex+hp+damage+illustrator+rarity
sv2-128	Paldean Wooper	팔데아 우파	SV1a-053	パルデア ウパー	Common	Common	https://images.pokemontcg.io/sv2/128.png	https://assets.tcgdex.net/ja/SV/SV1a/053/low.webp	1	dex+hp+damage+illustrator+rarity
sv2-129	Paldean Wooper	팔데아 우파	SV1a-052	パルデア ウパー	Common	Common	https://images.pokemontcg.io/sv2/129.png	https://assets.tcgdex.net/ja/SV/SV1a/052/low.webp	1	dex+hp+damage+illustrator+rarity
sv2-131	Murkrow	니로우	SV2P-045	ヤミカラス	Common	Common	https://images.pokemontcg.io/sv2/131.png	https://assets.tcgdex.net/ja/SV/SV2P/045/low.webp	1	dex+hp+damage+illustrator+rarity
sv2-132	Honchkrow	돈크로우	SV2P-046	ドンカラス	Uncommon	Uncommon	https://images.pokemontcg.io/sv2/132.png	https://assets.tcgdex.net/ja/SV/SV2P/046/low.webp	1	dex+hp+damage+illustrator+rarity
sv2-133	Sneasel	포푸니	SV2D-050	ニューラ	Common	Common	https://images.pokemontcg.io/sv2/133.png	https://assets.tcgdex.net/ja/SV/SV2D/050/low.webp	1	dex+hp+damage+illustrator+rarity
sv2-134	Weavile	포푸니라	SV2D-051	マニューラ	Rare	Rare	https://images.pokemontcg.io/sv2/134.png	https://assets.tcgdex.net/ja/SV/SV2D/051/low.webp	1	dex+hp+damage+illustrator+rarity
sv2-135	Tyranitar	마기라스	SV2D-052	バンギラス	Rare	Rare	https://images.pokemontcg.io/sv2/135.png	https://assets.tcgdex.net/ja/SV/SV2D/052/low.webp	1	dex+hp+damage+illustrator+rarity
sv2-136	Sableye	깜까미	SV1a-055	ヤミラミ	Rare	Rare	https://images.pokemontcg.io/sv2/136.png	https://assets.tcgdex.net/ja/SV/SV1a/055/low.webp	1	dex+hp+damage+illustrator+rarity
sv2-137	Seviper	세비퍼	SV1a-056	ハブネーク	Uncommon	Uncommon	https://images.pokemontcg.io/sv2/137.png	https://assets.tcgdex.net/ja/SV/SV1a/056/low.webp	1	dex+hp+damage+illustrator+rarity
sv2-138	Deino	모노두	SV1a-057	モノズ	Common	Common	https://images.pokemontcg.io/sv2/138.png	https://assets.tcgdex.net/ja/SV/SV1a/057/low.webp	1	dex+hp+damage+illustrator+rarity
sv2-140	Hydreigon	삼삼드래	SV1a-059	サザンドラ	Rare	Rare	https://images.pokemontcg.io/sv2/140.png	https://assets.tcgdex.net/ja/SV/SV1a/059/low.webp	1	dex+hp+damage+illustrator+rarity
sv2-141	Maschiff	오라티프	SV2P-047	オラチフ	Common	Common	https://images.pokemontcg.io/sv2/141.png	https://assets.tcgdex.net/ja/SV/SV2P/047/low.webp	1	dex+hp+damage+illustrator+rarity
sv2-142	Maschiff	오라티프	SV2P-048	オラチフ	Common	Common	https://images.pokemontcg.io/sv2/142.png	https://assets.tcgdex.net/ja/SV/SV2P/048/low.webp	1	dex+hp+damage+illustrator+rarity
sv2-143	Mabosstiff	마피티프	SV2P-049	マフィティフ	Uncommon	Uncommon	https://images.pokemontcg.io/sv2/143.png	https://assets.tcgdex.net/ja/SV/SV2P/049/low.webp	1	dex+hp+damage+illustrator+rarity
sv2-144	Shroodle	땃쭈르	SV2D-053	シルシュルー	Common	Common	https://images.pokemontcg.io/sv2/144.png	https://assets.tcgdex.net/ja/SV/SV2D/053/low.webp	1	dex+hp+damage+illustrator+rarity
sv2-145	Shroodle	땃쭈르	SV2D-054	シルシュルー	Common	Common	https://images.pokemontcg.io/sv2/145.png	https://assets.tcgdex.net/ja/SV/SV2D/054/low.webp	1	dex+hp+damage+illustrator+rarity
sv2-146	Grafaiai	태깅구르	SV2D-055	タギングル	Uncommon	Uncommon	https://images.pokemontcg.io/sv2/146.png	https://assets.tcgdex.net/ja/SV/SV2D/055/low.webp	1	dex+hp+damage+illustrator+rarity
sv2-147	Bombirdier	떨구새	SV2D-056	オトシドリ	Uncommon	Uncommon	https://images.pokemontcg.io/sv2/147.png	https://assets.tcgdex.net/ja/SV/SV2D/056/low.webp	1	dex+hp+damage+illustrator+rarity
sv2-148	Corviknight	아머까오	SV2P-052	アーマーガア	Uncommon	Uncommon	https://images.pokemontcg.io/sv2/148.png	https://assets.tcgdex.net/ja/SV/SV2P/052/low.webp	1	dex+hp+damage+illustrator+rarity
sv2-149	Cufant	끼리동	SV2P-053	ゾウドウ	Common	Common	https://images.pokemontcg.io/sv2/149.png	https://assets.tcgdex.net/ja/SV/SV2P/053/low.webp	1	dex+hp+damage+illustrator+rarity
sv2-151	Orthworm	꿈트렁	SV2P-055	ミミズズ	Rare	Rare	https://images.pokemontcg.io/sv2/151.png	https://assets.tcgdex.net/ja/SV/SV2P/055/low.webp	1	dex+hp+damage+illustrator+rarity
sv2-152	Noibat	음뱃	SV2D-057	オンバット	Common	Common	https://images.pokemontcg.io/sv2/152.png	https://assets.tcgdex.net/ja/SV/SV2D/057/low.webp	1	dex+hp+damage+illustrator+rarity
sv2-154	Girafarig	키링키	SV2D-059	キリンリキ	Common	Common	https://images.pokemontcg.io/sv2/154.png	https://assets.tcgdex.net/ja/SV/SV2D/059/low.webp	1	dex+hp+damage+illustrator+rarity
sv2-155	Farigiraf	키키링	SV2D-060	リキキリン	Uncommon	Uncommon	https://images.pokemontcg.io/sv2/155.png	https://assets.tcgdex.net/ja/SV/SV2D/060/low.webp	1	dex+hp+damage+illustrator+rarity
sv2-156	Dunsparce	노고치	SV2P-056	ノコッチ	Common	Common	https://images.pokemontcg.io/sv2/156.png	https://assets.tcgdex.net/ja/SV/SV2P/056/low.webp	1	dex+hp+damage+illustrator+rarity
sv2-157	Dudunsparce	노고고치	SV2P-057	ノココッチ	Uncommon	Uncommon	https://images.pokemontcg.io/sv2/157.png	https://assets.tcgdex.net/ja/SV/SV2P/057/low.webp	1	dex+hp+damage+illustrator+rarity
sv2-158	Wingull	갈모매	SV2P-058	キャモメ	Common	Common	https://images.pokemontcg.io/sv2/158.png	https://assets.tcgdex.net/ja/SV/SV2P/058/low.webp	1	dex+hp+damage+illustrator+rarity
sv2-159	Pelipper	패리퍼	SV2P-059	ペリッパー	Uncommon	Uncommon	https://images.pokemontcg.io/sv2/159.png	https://assets.tcgdex.net/ja/SV/SV2P/059/low.webp	1	dex+hp+damage+illustrator+rarity
sv2-160	Slakoth	게을로	SV2P-060	ナマケロ	Common	Common	https://images.pokemontcg.io/sv2/160.png	https://assets.tcgdex.net/ja/SV/SV2P/060/low.webp	1	dex+hp+damage+illustrator+rarity
sv2-162	Slaking	게을킹	SV2P-062	ケッキング	Rare	Rare	https://images.pokemontcg.io/sv2/162.png	https://assets.tcgdex.net/ja/SV/SV2P/062/low.webp	1	dex+hp+damage+illustrator+rarity
sv2-163	Fletchling	화살꼬빈	SV2D-061	ヤヤコマ	Common	Common	https://images.pokemontcg.io/sv2/163.png	https://assets.tcgdex.net/ja/SV/SV2D/061/low.webp	1	dex+hp+damage+illustrator+rarity
sv2-164	Rookidee	파라꼬	SV2P-063	ココガラ	Common	Common	https://images.pokemontcg.io/sv2/164.png	https://assets.tcgdex.net/ja/SV/SV2P/063/low.webp	1	dex+hp+damage+illustrator+rarity
sv2-166	Tandemaus	두리쥐	SV2D-062	ワッカネズミ	Common	Common	https://images.pokemontcg.io/sv2/166.png	https://assets.tcgdex.net/ja/SV/SV2D/062/low.webp	1	dex+hp+damage+illustrator+rarity
sv2-167	Tandemaus	두리쥐	SV2D-063	ワッカネズミ	Common	Common	https://images.pokemontcg.io/sv2/167.png	https://assets.tcgdex.net/ja/SV/SV2D/063/low.webp	1	dex+hp+damage+illustrator+rarity
sv2-168	Maushold	파밀리쥐	SV2D-064	イッカネズミ	Uncommon	Uncommon	https://images.pokemontcg.io/sv2/168.png	https://assets.tcgdex.net/ja/SV/SV2D/064/low.webp	1	dex+hp+damage+illustrator+rarity
sv2-170	Flamigo	꼬이밍고	SV2D-065	カラミンゴ	Uncommon	Uncommon	https://images.pokemontcg.io/sv2/170.png	https://assets.tcgdex.net/ja/SV/SV2D/065/low.webp	1	dex+hp+damage+illustrator+rarity
sv1-1	Pineco	피콘	SV1V-001	クヌギダマ	Common	Common	https://images.pokemontcg.io/sv1/1.png	https://assets.tcgdex.net/ja/SV/SV1V/001/low.webp	1	dex+hp+damage+illustrator+rarity
sv1-2	Heracross	헤라크로스	SV1V-002	ヘラクロス	Uncommon	Uncommon	https://images.pokemontcg.io/sv1/2.png	https://assets.tcgdex.net/ja/SV/SV1V/002/low.webp	1	dex+hp+damage+illustrator+rarity
sv1-5	Cacnea	선인왕	SV1S-001	サボネア	Common	Common	https://images.pokemontcg.io/sv1/5.png	https://assets.tcgdex.net/ja/SV/SV1S/001/low.webp	1	dex+hp+damage+illustrator+rarity
sv1-6	Cacturne	밤선인	SV1S-002	ノクタス	Uncommon	Uncommon	https://images.pokemontcg.io/sv1/6.png	https://assets.tcgdex.net/ja/SV/SV1S/002/low.webp	1	dex+hp+damage+illustrator+rarity
sv1-8	Scatterbug	분이벌레	SV1V-003	コフキムシ	Common	Common	https://images.pokemontcg.io/sv1/8.png	https://assets.tcgdex.net/ja/SV/SV1V/003/low.webp	1	dex+hp+damage+illustrator+rarity
sv1-9	Spewpa	분떠도리	SV1V-004	コフーライ	Common	Common	https://images.pokemontcg.io/sv1/9.png	https://assets.tcgdex.net/ja/SV/SV1V/004/low.webp	1	dex+hp+damage+illustrator+rarity
sv1-10	Vivillon	비비용	SV1V-005	ビビヨン	Uncommon	Uncommon	https://images.pokemontcg.io/sv1/10.png	https://assets.tcgdex.net/ja/SV/SV1V/005/low.webp	1	dex+hp+damage+illustrator+rarity
sv1-11	Skiddo	메이클	SV1S-003	メェークル	Common	Common	https://images.pokemontcg.io/sv1/11.png	https://assets.tcgdex.net/ja/SV/SV1S/003/low.webp	1	dex+hp+damage+illustrator+rarity
sv1-12	Gogoat	고고트	SV1S-004	ゴーゴート	Common	Common	https://images.pokemontcg.io/sv1/12.png	https://assets.tcgdex.net/ja/SV/SV1S/004/low.webp	1	dex+hp+damage+illustrator+rarity
sv1-17	Tarountula	타랜툴라	SV1V-006	タマンチュラ	Common	Common	https://images.pokemontcg.io/sv1/17.png	https://assets.tcgdex.net/ja/SV/SV1V/006/low.webp	1	dex+hp+damage+illustrator+rarity
sv1-18	Tarountula	타랜툴라	SV1V-007	タマンチュラ	Common	Common	https://images.pokemontcg.io/sv1/18.png	https://assets.tcgdex.net/ja/SV/SV1V/007/low.webp	1	dex+hp+damage+illustrator+rarity
sv1-19	Spidops ex	트래피더 ex	SV1V-008	ワナイダーex	Double rare	Double Rare	https://images.pokemontcg.io/sv1/19.png	https://assets.tcgdex.net/ja/SV/SV1V/008/low.webp	1	dex+hp+damage+illustrator+rarity
sv1-20	Smoliv	미니브	SV1S-005	ミニーブ	Common	Common	https://images.pokemontcg.io/sv1/20.png	https://assets.tcgdex.net/ja/SV/SV1S/005/low.webp	1	dex+hp+damage+illustrator+rarity
sv1-21	Smoliv	미니브	SV1S-006	ミニーブ	Common	Common	https://images.pokemontcg.io/sv1/21.png	https://assets.tcgdex.net/ja/SV/SV1S/006/low.webp	1	dex+hp+damage+illustrator+rarity
sv1-22	Dolliv	올리뇨	SV1S-007	オリーニョ	Common	Common	https://images.pokemontcg.io/sv1/22.png	https://assets.tcgdex.net/ja/SV/SV1S/007/low.webp	1	dex+hp+damage+illustrator+rarity
sv1-23	Arboliva	올리르바	SV1S-008	オリーヴァ	Rare	Rare	https://images.pokemontcg.io/sv1/23.png	https://assets.tcgdex.net/ja/SV/SV1S/008/low.webp	1	dex+hp+damage+illustrator+rarity
sv1-24	Toedscool	들눈해	SV1V-009	ノノクラゲ	Common	Common	https://images.pokemontcg.io/sv1/24.png	https://assets.tcgdex.net/ja/SV/SV1V/009/low.webp	1	dex+hp+damage+illustrator+rarity
sv1-25	Toedscool	들눈해	SV1V-010	ノノクラゲ	Common	Common	https://images.pokemontcg.io/sv1/25.png	https://assets.tcgdex.net/ja/SV/SV1V/010/low.webp	1	dex+hp+damage+illustrator+rarity
sv1-26	Toedscruel	육파리	SV1V-011	リククラゲ	Uncommon	Uncommon	https://images.pokemontcg.io/sv1/26.png	https://assets.tcgdex.net/ja/SV/SV1V/011/low.webp	1	dex+hp+damage+illustrator+rarity
sv1-27	Capsakid	캡싸이	SV1V-012	カプサイジ	Common	Common	https://images.pokemontcg.io/sv1/27.png	https://assets.tcgdex.net/ja/SV/SV1V/012/low.webp	1	dex+hp+damage+illustrator+rarity
sv1-28	Capsakid	캡싸이	SV1V-013	カプサイジ	Common	Common	https://images.pokemontcg.io/sv1/28.png	https://assets.tcgdex.net/ja/SV/SV1V/013/low.webp	1	dex+hp+damage+illustrator+rarity
sv1-29	Scovillain	스코빌런	SV1V-014	スコヴィラン	Uncommon	Uncommon	https://images.pokemontcg.io/sv1/29.png	https://assets.tcgdex.net/ja/SV/SV1V/014/low.webp	1	dex+hp+damage+illustrator+rarity
sv1-31	Growlithe	가디	SV1V-015	ガーディ	Common	Common	https://images.pokemontcg.io/sv1/31.png	https://assets.tcgdex.net/ja/SV/SV1V/015/low.webp	1	dex+hp+damage+illustrator+rarity
sv1-32	Arcanine ex	윈디 ex	SV1V-016	ウインディex	Double rare	Double Rare	https://images.pokemontcg.io/sv1/32.png	https://assets.tcgdex.net/ja/SV/SV1V/016/low.webp	1	dex+hp+damage+illustrator+rarity
sv1-33	Houndour	델빌	SV1V-017	デルビル	Common	Common	https://images.pokemontcg.io/sv1/33.png	https://assets.tcgdex.net/ja/SV/SV1V/017/low.webp	1	dex+hp+damage+illustrator+rarity
sv1-34	Houndoom	헬가	SV1V-018	ヘルガー	Common	Common	https://images.pokemontcg.io/sv1/34.png	https://assets.tcgdex.net/ja/SV/SV1V/018/low.webp	1	dex+hp+damage+illustrator+rarity
sv1-35	Torkoal	코터스	SV1S-009	コータス	Uncommon	Uncommon	https://images.pokemontcg.io/sv1/35.png	https://assets.tcgdex.net/ja/SV/SV1S/009/low.webp	1	dex+hp+damage+illustrator+rarity
sv1-39	Charcadet	카르본	SV1S-010	カルボウ	Common	Common	https://images.pokemontcg.io/sv1/39.png	https://assets.tcgdex.net/ja/SV/SV1S/010/low.webp	1	dex+hp+damage+illustrator+rarity
sv1-40	Charcadet	카르본	SV1S-011	カルボウ	Common	Common	https://images.pokemontcg.io/sv1/40.png	https://assets.tcgdex.net/ja/SV/SV1S/011/low.webp	1	dex+hp+damage+illustrator+rarity
sv1-41	Armarouge	카디나르마	SV1S-012	グレンアルマ	Rare	Rare	https://images.pokemontcg.io/sv1/41.png	https://assets.tcgdex.net/ja/SV/SV1S/012/low.webp	1	dex+hp+damage+illustrator+rarity
sv1-42	Slowpoke	야돈	SV1V-019	ヤドン	Common	Common	https://images.pokemontcg.io/sv1/42.png	https://assets.tcgdex.net/ja/SV/SV1V/019/low.webp	1	dex+hp+damage+illustrator+rarity
sv1-43	Slowbro	야도란	SV1V-020	ヤドラン	Rare	Rare	https://images.pokemontcg.io/sv1/43.png	https://assets.tcgdex.net/ja/SV/SV1V/020/low.webp	1	dex+hp+damage+illustrator+rarity
sv1-44	Magikarp	잉어킹	SV1S-013	コイキング	Common	Common	https://images.pokemontcg.io/sv1/44.png	https://assets.tcgdex.net/ja/SV/SV1S/013/low.webp	1	dex+hp+damage+illustrator+rarity
sv1-46	Buizel	브이젤	SV1S-015	ブイゼル	Common	Common	https://images.pokemontcg.io/sv1/46.png	https://assets.tcgdex.net/ja/SV/SV1S/015/low.webp	1	dex+hp+damage+illustrator+rarity
sv1-47	Floatzel	플로젤	SV1S-016	フローゼル	Uncommon	Uncommon	https://images.pokemontcg.io/sv1/47.png	https://assets.tcgdex.net/ja/SV/SV1S/016/low.webp	1	dex+hp+damage+illustrator+rarity
sv1-49	Clauncher	완철포	SV1V-021	ウデッポウ	Common	Common	https://images.pokemontcg.io/sv1/49.png	https://assets.tcgdex.net/ja/SV/SV1V/021/low.webp	1	dex+hp+damage+illustrator+rarity
sv1-50	Clawitzer	블로스터	SV1V-022	ブロスター	Common	Common	https://images.pokemontcg.io/sv1/50.png	https://assets.tcgdex.net/ja/SV/SV1V/022/low.webp	1	dex+hp+damage+illustrator+rarity
sv1-51	Bruxish	치갈기	SV1S-017	ハギギシリ	Common	Common	https://images.pokemontcg.io/sv1/51.png	https://assets.tcgdex.net/ja/SV/SV1S/017/low.webp	1	dex+hp+damage+illustrator+rarity
sv1-55	Wiglett	바다그다	SV1S-018	ウミディグダ	Common	Common	https://images.pokemontcg.io/sv1/55.png	https://assets.tcgdex.net/ja/SV/SV1S/018/low.webp	1	dex+hp+damage+illustrator+rarity
sv1-56	Wiglett	바다그다	SV1S-019	ウミディグダ	Common	Common	https://images.pokemontcg.io/sv1/56.png	https://assets.tcgdex.net/ja/SV/SV1S/019/low.webp	1	dex+hp+damage+illustrator+rarity
sv1-57	Wugtrio	바닥트리오	SV1S-020	ウミトリオ	Uncommon	Uncommon	https://images.pokemontcg.io/sv1/57.png	https://assets.tcgdex.net/ja/SV/SV1S/020/low.webp	1	dex+hp+damage+illustrator+rarity
sv1-58	Cetoddle	터벅고래	SV1V-023	アルクジラ	Common	Common	https://images.pokemontcg.io/sv1/58.png	https://assets.tcgdex.net/ja/SV/SV1V/023/low.webp	1	dex+hp+damage+illustrator+rarity
sv1-59	Cetoddle	터벅고래	SV1V-024	アルクジラ	Common	Common	https://images.pokemontcg.io/sv1/59.png	https://assets.tcgdex.net/ja/SV/SV1V/024/low.webp	1	dex+hp+damage+illustrator+rarity
sv1-60	Cetitan	우락고래	SV1V-025	ハルクジラ	Uncommon	Uncommon	https://images.pokemontcg.io/sv1/60.png	https://assets.tcgdex.net/ja/SV/SV1V/025/low.webp	1	dex+hp+damage+illustrator+rarity
sv1-61	Dondozo	어써러셔	SV1S-021	ヘイラッシャ	Rare	Rare	https://images.pokemontcg.io/sv1/61.png	https://assets.tcgdex.net/ja/SV/SV1S/021/low.webp	1	dex+hp+damage+illustrator+rarity
sv1-62	Tatsugiri	싸리용	SV1S-022	シャリタツ	Uncommon	Uncommon	https://images.pokemontcg.io/sv1/62.png	https://assets.tcgdex.net/ja/SV/SV1S/022/low.webp	1	dex+hp+damage+illustrator+rarity
sv1-63	Magnemite	코일	SV1V-026	コイル	Common	Common	https://images.pokemontcg.io/sv1/63.png	https://assets.tcgdex.net/ja/SV/SV1V/026/low.webp	1	dex+hp+damage+illustrator+rarity
sv1-64	Magneton	레어코일	SV1V-027	レアコイル	Common	Common	https://images.pokemontcg.io/sv1/64.png	https://assets.tcgdex.net/ja/SV/SV1V/027/low.webp	1	dex+hp+damage+illustrator+rarity
sv1-65	Magnezone ex	자포코일 ex	SV1V-028	ジバコイルex	Double rare	Double Rare	https://images.pokemontcg.io/sv1/65.png	https://assets.tcgdex.net/ja/SV/SV1V/028/low.webp	1	dex+hp+damage+illustrator+rarity
sv1-68	Pachirisu	파치리스	SV1V-029	パチリス	Uncommon	Uncommon	https://images.pokemontcg.io/sv1/68.png	https://assets.tcgdex.net/ja/SV/SV1V/029/low.webp	1	dex+hp+damage+illustrator+rarity
sv1-70	Rotom	로토무	SV1V-030	ロトム	Common	Common	https://images.pokemontcg.io/sv1/70.png	https://assets.tcgdex.net/ja/SV/SV1V/030/low.webp	1	dex+hp+damage+illustrator+rarity
sv1-71	Toxel	일레즌	SV1V-031	エレズン	Common	Common	https://images.pokemontcg.io/sv1/71.png	https://assets.tcgdex.net/ja/SV/SV1V/031/low.webp	1	dex+hp+damage+illustrator+rarity
sv1-72	Toxtricity	스트린더	SV1V-032	ストリンダー	Uncommon	Uncommon	https://images.pokemontcg.io/sv1/72.png	https://assets.tcgdex.net/ja/SV/SV1V/032/low.webp	1	dex+hp+damage+illustrator+rarity
sv1-73	Pawmi	빠모	SV1V-033	パモ	Common	Common	https://images.pokemontcg.io/sv1/73.png	https://assets.tcgdex.net/ja/SV/SV1V/033/low.webp	1	dex+hp+damage+illustrator+rarity
sv1-74	Pawmi	빠모	SV1V-034	パモ	Common	Common	https://images.pokemontcg.io/sv1/74.png	https://assets.tcgdex.net/ja/SV/SV1V/034/low.webp	1	dex+hp+damage+illustrator+rarity
sv1-75	Pawmo	빠모트	SV1V-035	パモット	Common	Common	https://images.pokemontcg.io/sv1/75.png	https://assets.tcgdex.net/ja/SV/SV1V/035/low.webp	1	dex+hp+damage+illustrator+rarity
sv1-76	Pawmot	빠르모트	SV1V-036	パーモット	Rare	Rare	https://images.pokemontcg.io/sv1/76.png	https://assets.tcgdex.net/ja/SV/SV1V/036/low.webp	1	dex+hp+damage+illustrator+rarity
sv1-77	Wattrel	찌리비	SV1S-023	カイデン	Common	Common	https://images.pokemontcg.io/sv1/77.png	https://assets.tcgdex.net/ja/SV/SV1S/023/low.webp	1	dex+hp+damage+illustrator+rarity
sv1-78	Wattrel	찌리비	SV1S-024	カイデン	Common	Common	https://images.pokemontcg.io/sv1/78.png	https://assets.tcgdex.net/ja/SV/SV1S/024/low.webp	1	dex+hp+damage+illustrator+rarity
sv1-79	Kilowattrel	찌리비크	SV1S-025	タイカイデン	Uncommon	Uncommon	https://images.pokemontcg.io/sv1/79.png	https://assets.tcgdex.net/ja/SV/SV1S/025/low.webp	1	dex+hp+damage+illustrator+rarity
sv1-81	Miraidon ex	미라이돈 ex	SV1V-037	ミライドンex	Double rare	Double Rare	https://images.pokemontcg.io/sv1/81.png	https://assets.tcgdex.net/ja/SV/SV1V/037/low.webp	1	dex+hp+damage+illustrator+rarity
sv1-82	Drowzee	슬리프	SV1V-038	スリープ	Common	Common	https://images.pokemontcg.io/sv1/82.png	https://assets.tcgdex.net/ja/SV/SV1V/038/low.webp	1	dex+hp+damage+illustrator+rarity
sv1-83	Hypno	슬리퍼	SV1V-039	スリーパー	Uncommon	Uncommon	https://images.pokemontcg.io/sv1/83.png	https://assets.tcgdex.net/ja/SV/SV1V/039/low.webp	1	dex+hp+damage+illustrator+rarity
sv1-84	Ralts	랄토스	SV1S-026	ラルトス	Common	Common	https://images.pokemontcg.io/sv1/84.png	https://assets.tcgdex.net/ja/SV/SV1S/026/low.webp	1	dex+hp+damage+illustrator+rarity
sv1-85	Kirlia	킬리아	SV1S-027	キルリア	Common	Common	https://images.pokemontcg.io/sv1/85.png	https://assets.tcgdex.net/ja/SV/SV1S/027/low.webp	1	dex+hp+damage+illustrator+rarity
sv1-87	Shuppet	어둠대신	SV1V-040	カゲボウズ	Common	Common	https://images.pokemontcg.io/sv1/87.png	https://assets.tcgdex.net/ja/SV/SV1V/040/low.webp	1	dex+hp+damage+illustrator+rarity
sv1-88	Banette ex	다크펫 ex	SV1V-041	ジュペッタex	Double rare	Double Rare	https://images.pokemontcg.io/sv1/88.png	https://assets.tcgdex.net/ja/SV/SV1V/041/low.webp	1	dex+hp+damage+illustrator+rarity
sv1-89	Drifloon	흔들풍손	SV1S-029	フワンテ	Common	Common	https://images.pokemontcg.io/sv1/89.png	https://assets.tcgdex.net/ja/SV/SV1S/029/low.webp	1	dex+hp+damage+illustrator+rarity
sv1-90	Drifblim	둥실라이드	SV1S-030	フワライド	Uncommon	Uncommon	https://images.pokemontcg.io/sv1/90.png	https://assets.tcgdex.net/ja/SV/SV1S/030/low.webp	1	dex+hp+damage+illustrator+rarity
sv1-91	Flabébé	플라베베	SV1V-042	フラベベ	Common	Common	https://images.pokemontcg.io/sv1/91.png	https://assets.tcgdex.net/ja/SV/SV1V/042/low.webp	1	dex+hp+damage+illustrator+rarity
sv1-92	Floette	플라엣테	SV1V-043	フラエッテ	Common	Common	https://images.pokemontcg.io/sv1/92.png	https://assets.tcgdex.net/ja/SV/SV1V/043/low.webp	1	dex+hp+damage+illustrator+rarity
sv1-93	Florges	플라제스	SV1V-044	フラージェス	Uncommon	Uncommon	https://images.pokemontcg.io/sv1/93.png	https://assets.tcgdex.net/ja/SV/SV1V/044/low.webp	1	dex+hp+damage+illustrator+rarity
sv1-94	Dedenne	데덴네	SV1S-031	デデンネ	Common	Common	https://images.pokemontcg.io/sv1/94.png	https://assets.tcgdex.net/ja/SV/SV1S/031/low.webp	1	dex+hp+damage+illustrator+rarity
sv1-96	Klefki	클레피	SV1V-045	クレッフィ	Rare	Rare	https://images.pokemontcg.io/sv1/96.png	https://assets.tcgdex.net/ja/SV/SV1V/045/low.webp	1	dex+hp+damage+illustrator+rarity
sv1-97	Fidough	쫀도기	SV1S-032	パピモッチ	Common	Common	https://images.pokemontcg.io/sv1/97.png	https://assets.tcgdex.net/ja/SV/SV1S/032/low.webp	1	dex+hp+damage+illustrator+rarity
sv1-98	Fidough	쫀도기	SV1S-033	パピモッチ	Common	Common	https://images.pokemontcg.io/sv1/98.png	https://assets.tcgdex.net/ja/SV/SV1S/033/low.webp	1	dex+hp+damage+illustrator+rarity
sv1-99	Dachsbun	바우첼	SV1S-034	バウッツェル	Uncommon	Uncommon	https://images.pokemontcg.io/sv1/99.png	https://assets.tcgdex.net/ja/SV/SV1S/034/low.webp	1	dex+hp+damage+illustrator+rarity
sv1-101	Flittle	하느라기	SV1S-035	ヒラヒナ	Common	Common	https://images.pokemontcg.io/sv1/101.png	https://assets.tcgdex.net/ja/SV/SV1S/035/low.webp	1	dex+hp+damage+illustrator+rarity
sv1-102	Flittle	하느라기	SV1S-036	ヒラヒナ	Common	Common	https://images.pokemontcg.io/sv1/102.png	https://assets.tcgdex.net/ja/SV/SV1S/036/low.webp	1	dex+hp+damage+illustrator+rarity
sv1-103	Espathra	클레스퍼트라	SV1S-037	クエスパトラ	Uncommon	Uncommon	https://images.pokemontcg.io/sv1/103.png	https://assets.tcgdex.net/ja/SV/SV1S/037/low.webp	1	dex+hp+damage+illustrator+rarity
sv1-104	Greavard	망망이	SV1V-046	ボチ	Common	Common	https://images.pokemontcg.io/sv1/104.png	https://assets.tcgdex.net/ja/SV/SV1V/046/low.webp	1	dex+hp+damage+illustrator+rarity
sv1-105	Greavard	망망이	SV1V-047	ボチ	Common	Common	https://images.pokemontcg.io/sv1/105.png	https://assets.tcgdex.net/ja/SV/SV1V/047/low.webp	1	dex+hp+damage+illustrator+rarity
sv1-106	Houndstone	묘두기	SV1V-048	ハカドッグ	Rare	Rare	https://images.pokemontcg.io/sv1/106.png	https://assets.tcgdex.net/ja/SV/SV1V/048/low.webp	1	dex+hp+damage+illustrator+rarity
sv1-107	Mankey	망키	SV1V-049	マンキー	Common	Common	https://images.pokemontcg.io/sv1/107.png	https://assets.tcgdex.net/ja/SV/SV1V/049/low.webp	1	dex+hp+damage+illustrator+rarity
sv1-108	Primeape	성원숭	SV1V-050	オコリザル	Common	Common	https://images.pokemontcg.io/sv1/108.png	https://assets.tcgdex.net/ja/SV/SV1V/050/low.webp	1	dex+hp+damage+illustrator+rarity
sv1-109	Annihilape	저승갓숭	SV1V-051	コノヨザル	Rare	Rare	https://images.pokemontcg.io/sv1/109.png	https://assets.tcgdex.net/ja/SV/SV1V/051/low.webp	1	dex+hp+damage+illustrator+rarity
sv1-110	Meditite	요가랑	SV1S-038	アサナン	Common	Common	https://images.pokemontcg.io/sv1/110.png	https://assets.tcgdex.net/ja/SV/SV1S/038/low.webp	1	dex+hp+damage+illustrator+rarity
sv1-111	Medicham	요가램	SV1S-039	チャーレム	Uncommon	Uncommon	https://images.pokemontcg.io/sv1/111.png	https://assets.tcgdex.net/ja/SV/SV1S/039/low.webp	1	dex+hp+damage+illustrator+rarity
sv1-113	Riolu	리오르	SV1S-040	リオル	Common	Common	https://images.pokemontcg.io/sv1/113.png	https://assets.tcgdex.net/ja/SV/SV1S/040/low.webp	1	dex+hp+damage+illustrator+rarity
sv1-114	Lucario	루카리오	SV1S-041	ルカリオ	Uncommon	Uncommon	https://images.pokemontcg.io/sv1/114.png	https://assets.tcgdex.net/ja/SV/SV1S/041/low.webp	1	dex+hp+damage+illustrator+rarity
sv1-115	Sandile	깜눈크	SV1S-042	メグロコ	Common	Common	https://images.pokemontcg.io/sv1/115.png	https://assets.tcgdex.net/ja/SV/SV1S/042/low.webp	1	dex+hp+damage+illustrator+rarity
sv1-116	Krokorok	악비르	SV1S-043	ワルビル	Common	Common	https://images.pokemontcg.io/sv1/116.png	https://assets.tcgdex.net/ja/SV/SV1S/043/low.webp	1	dex+hp+damage+illustrator+rarity
sv1-117	Krookodile	악비아르	SV1S-044	ワルビアル	Uncommon	Uncommon	https://images.pokemontcg.io/sv1/117.png	https://assets.tcgdex.net/ja/SV/SV1S/044/low.webp	1	dex+hp+damage+illustrator+rarity
sv1-118	Hawlucha	루차불	SV1S-045	ルチャブル	Rare	Rare	https://images.pokemontcg.io/sv1/118.png	https://assets.tcgdex.net/ja/SV/SV1S/045/low.webp	1	dex+hp+damage+illustrator+rarity
sv1-119	Silicobra	모래뱀	SV1S-046	スナヘビ	Common	Common	https://images.pokemontcg.io/sv1/119.png	https://assets.tcgdex.net/ja/SV/SV1S/046/low.webp	1	dex+hp+damage+illustrator+rarity
sv1-120	Sandaconda	사다이사	SV1S-047	サダイジャ	Uncommon	Uncommon	https://images.pokemontcg.io/sv1/120.png	https://assets.tcgdex.net/ja/SV/SV1S/047/low.webp	1	dex+hp+damage+illustrator+rarity
sv1-122	Klawf	절벼게	SV1S-048	ガケガニ	Rare	Rare	https://images.pokemontcg.io/sv1/122.png	https://assets.tcgdex.net/ja/SV/SV1S/048/low.webp	1	dex+hp+damage+illustrator+rarity
sv1-126	Grimer	질퍽이	SV1S-051	ベトベター	Common	Common	https://images.pokemontcg.io/sv1/126.png	https://assets.tcgdex.net/ja/SV/SV1S/051/low.webp	1	dex+hp+damage+illustrator+rarity
sv1-127	Muk	질뻐기	SV1S-052	ベトベトン	Uncommon	Uncommon	https://images.pokemontcg.io/sv1/127.png	https://assets.tcgdex.net/ja/SV/SV1S/052/low.webp	1	dex+hp+damage+illustrator+rarity
sv1-128	Seviper	세비퍼	SV1S-053	ハブネーク	Common	Common	https://images.pokemontcg.io/sv1/128.png	https://assets.tcgdex.net/ja/SV/SV1S/053/low.webp	1	dex+hp+damage+illustrator+rarity
sv1-129	Spiritomb	화강돌	SV1V-052	ミカルゲ	Uncommon	Uncommon	https://images.pokemontcg.io/sv1/129.png	https://assets.tcgdex.net/ja/SV/SV1V/052/low.webp	1	dex+hp+damage+illustrator+rarity
sv1-130	Croagunk	삐딱구리	SV1S-054	グレッグル	Common	Common	https://images.pokemontcg.io/sv1/130.png	https://assets.tcgdex.net/ja/SV/SV1S/054/low.webp	1	dex+hp+damage+illustrator+rarity
sv1-132	Pawniard	자망칼	SV1S-056	コマタナ	Common	Common	https://images.pokemontcg.io/sv1/132.png	https://assets.tcgdex.net/ja/SV/SV1S/056/low.webp	1	dex+hp+damage+illustrator+rarity
sv1-133	Bisharp	절각참	SV1S-057	キリキザン	Common	Common	https://images.pokemontcg.io/sv1/133.png	https://assets.tcgdex.net/ja/SV/SV1S/057/low.webp	1	dex+hp+damage+illustrator+rarity
sv1-134	Kingambit	대도각참	SV1S-058	ドドゲザン	Rare	Rare	https://images.pokemontcg.io/sv1/134.png	https://assets.tcgdex.net/ja/SV/SV1S/058/low.webp	1	dex+hp+damage+illustrator+rarity
sv1-135	Maschiff	오라티프	SV1V-053	オラチフ	Common	Common	https://images.pokemontcg.io/sv1/135.png	https://assets.tcgdex.net/ja/SV/SV1V/053/low.webp	1	dex+hp+damage+illustrator+rarity
sv1-136	Maschiff	오라티프	SV1V-054	オラチフ	Common	Common	https://images.pokemontcg.io/sv1/136.png	https://assets.tcgdex.net/ja/SV/SV1V/054/low.webp	1	dex+hp+damage+illustrator+rarity
sv1-137	Mabosstiff	마피티프	SV1V-055	マフィティフ	Uncommon	Uncommon	https://images.pokemontcg.io/sv1/137.png	https://assets.tcgdex.net/ja/SV/SV1V/055/low.webp	1	dex+hp+damage+illustrator+rarity
sv1-138	Bombirdier	떨구새	SV1V-056	オトシドリ	Uncommon	Uncommon	https://images.pokemontcg.io/sv1/138.png	https://assets.tcgdex.net/ja/SV/SV1V/056/low.webp	1	dex+hp+damage+illustrator+rarity
sv1-139	Forretress	쏘콘	SV1V-057	フォレトス	Uncommon	Uncommon	https://images.pokemontcg.io/sv1/139.png	https://assets.tcgdex.net/ja/SV/SV1V/057/low.webp	1	dex+hp+damage+illustrator+rarity
sv1-140	Varoom	부르롱	SV1S-059	ブロロン	Common	Common	https://images.pokemontcg.io/sv1/140.png	https://assets.tcgdex.net/ja/SV/SV1S/059/low.webp	1	dex+hp+damage+illustrator+rarity
sv1-141	Varoom	부르롱	SV1S-060	ブロロン	Common	Common	https://images.pokemontcg.io/sv1/141.png	https://assets.tcgdex.net/ja/SV/SV1S/060/low.webp	1	dex+hp+damage+illustrator+rarity
sv1-142	Revavroom	부르르룸	SV1S-061	ブロロローム	Rare	Rare	https://images.pokemontcg.io/sv1/142.png	https://assets.tcgdex.net/ja/SV/SV1S/061/low.webp	1	dex+hp+damage+illustrator+rarity
sv1-143	Iron Treads ex	무쇠바퀴 ex	SV1V-058	テツノワダチex	Double rare	Double Rare	https://images.pokemontcg.io/sv1/143.png	https://assets.tcgdex.net/ja/SV/SV1V/058/low.webp	1	dex+hp+damage+illustrator+rarity
sv1-144	Chansey	럭키	SV1V-059	ラッキー	Common	Common	https://images.pokemontcg.io/sv1/144.png	https://assets.tcgdex.net/ja/SV/SV1V/059/low.webp	1	dex+hp+damage+illustrator+rarity
sv1-145	Blissey	해피너스	SV1V-060	ハピナス	Uncommon	Uncommon	https://images.pokemontcg.io/sv1/145.png	https://assets.tcgdex.net/ja/SV/SV1V/060/low.webp	1	dex+hp+damage+illustrator+rarity
sv1-147	Zangoose	쟝고	SV1S-062	ザングース	Uncommon	Uncommon	https://images.pokemontcg.io/sv1/147.png	https://assets.tcgdex.net/ja/SV/SV1S/062/low.webp	1	dex+hp+damage+illustrator+rarity
sv1-148	Starly	찌르꼬	SV1S-063	ムックル	Common	Common	https://images.pokemontcg.io/sv1/148.png	https://assets.tcgdex.net/ja/SV/SV1S/063/low.webp	1	dex+hp+damage+illustrator+rarity
sv1-149	Staravia	찌르버드	SV1S-064	ムクバード	Common	Common	https://images.pokemontcg.io/sv1/149.png	https://assets.tcgdex.net/ja/SV/SV1S/064/low.webp	1	dex+hp+damage+illustrator+rarity
sv1-150	Staraptor	찌르호크	SV1S-065	ムクホーク	Uncommon	Uncommon	https://images.pokemontcg.io/sv1/150.png	https://assets.tcgdex.net/ja/SV/SV1S/065/low.webp	1	dex+hp+damage+illustrator+rarity
sv1-151	Skwovet	탐리스	SV1V-061	ホシガリス	Common	Common	https://images.pokemontcg.io/sv1/151.png	https://assets.tcgdex.net/ja/SV/SV1V/061/low.webp	1	dex+hp+damage+illustrator+rarity
sv1-152	Greedent	요씽리스	SV1V-062	ヨクバリス	Uncommon	Uncommon	https://images.pokemontcg.io/sv1/152.png	https://assets.tcgdex.net/ja/SV/SV1V/062/low.webp	1	dex+hp+damage+illustrator+rarity
sv1-153	Indeedee	에써르	SV1V-063	イエッサン	Rare	Rare	https://images.pokemontcg.io/sv1/153.png	https://assets.tcgdex.net/ja/SV/SV1V/063/low.webp	1	dex+hp+damage+illustrator+rarity
sv1-154	Lechonk	맛보돈	SV1S-066	グルトン	Common	Common	https://images.pokemontcg.io/sv1/154.png	https://assets.tcgdex.net/ja/SV/SV1S/066/low.webp	1	dex+hp+damage+illustrator+rarity
sv1-156	Lechonk	맛보돈	SV1S-067	グルトン	Common	Common	https://images.pokemontcg.io/sv1/156.png	https://assets.tcgdex.net/ja/SV/SV1S/067/low.webp	1	dex+hp+damage+illustrator+rarity
sv1-159	Tandemaus	두리쥐	SV1V-064	ワッカネズミ	Common	Common	https://images.pokemontcg.io/sv1/159.png	https://assets.tcgdex.net/ja/SV/SV1V/064/low.webp	1	dex+hp+damage+illustrator+rarity
sv1-160	Tandemaus	두리쥐	SV1V-065	ワッカネズミ	Common	Common	https://images.pokemontcg.io/sv1/160.png	https://assets.tcgdex.net/ja/SV/SV1V/065/low.webp	1	dex+hp+damage+illustrator+rarity
sv1-161	Maushold	파밀리쥐	SV1V-066	イッカネズミ	Uncommon	Uncommon	https://images.pokemontcg.io/sv1/161.png	https://assets.tcgdex.net/ja/SV/SV1V/066/low.webp	1	dex+hp+damage+illustrator+rarity
sv1-162	Squawkabilly	시비꼬	SV1V-067	イキリンコ	Common	Common	https://images.pokemontcg.io/sv1/162.png	https://assets.tcgdex.net/ja/SV/SV1V/067/low.webp	1	dex+hp+damage+illustrator+rarity
sv1-164	Cyclizar	모토마	SV1V-068	モトトカゲ	Rare	Rare	https://images.pokemontcg.io/sv1/164.png	https://assets.tcgdex.net/ja/SV/SV1V/068/low.webp	1	dex+hp+damage+illustrator+rarity
sv1-199	Tarountula	타랜툴라	SV1V-079	タマンチュラ	Illustration rare	Illustration Rare	https://images.pokemontcg.io/sv1/199.png	https://assets.tcgdex.net/ja/SV/SV1V/079/low.webp	1	dex+hp+damage+illustrator+rarity
sv1-201	Toedscool	들눈해	SV1V-080	ノノクラゲ	Illustration rare	Illustration Rare	https://images.pokemontcg.io/sv1/201.png	https://assets.tcgdex.net/ja/SV/SV1V/080/low.webp	1	dex+hp+damage+illustrator+rarity
sv1-204	Slowpoke	야돈	SV1V-082	ヤドン	Illustration rare	Illustration Rare	https://images.pokemontcg.io/sv1/204.png	https://assets.tcgdex.net/ja/SV/SV1V/082/low.webp	1	dex+hp+damage+illustrator+rarity
sv1-205	Clauncher	완철포	SV1V-083	ウデッポウ	Illustration rare	Illustration Rare	https://images.pokemontcg.io/sv1/205.png	https://assets.tcgdex.net/ja/SV/SV1V/083/low.webp	1	dex+hp+damage+illustrator+rarity
sv1-210	Drowzee	슬리프	SV1V-086	スリープ	Illustration rare	Illustration Rare	https://images.pokemontcg.io/sv1/210.png	https://assets.tcgdex.net/ja/SV/SV1V/086/low.webp	1	dex+hp+damage+illustrator+rarity
sv1-214	Greavard	망망이	SV1V-087	ボチ	Illustration rare	Illustration Rare	https://images.pokemontcg.io/sv1/214.png	https://assets.tcgdex.net/ja/SV/SV1V/087/low.webp	1	dex+hp+damage+illustrator+rarity
sv1-218	Mabosstiff	마피티프	SV1V-088	マフィティフ	Illustration rare	Illustration Rare	https://images.pokemontcg.io/sv1/218.png	https://assets.tcgdex.net/ja/SV/SV1V/088/low.webp	1	dex+hp+damage+illustrator+rarity
sv1-219	Bombirdier	떨구새	SV1V-089	オトシドリ	Illustration rare	Illustration Rare	https://images.pokemontcg.io/sv1/219.png	https://assets.tcgdex.net/ja/SV/SV1V/089/low.webp	1	dex+hp+damage+illustrator+rarity
sv1-222	Skwovet	탐리스	SV1V-090	ホシガリス	Illustration rare	Illustration Rare	https://images.pokemontcg.io/sv1/222.png	https://assets.tcgdex.net/ja/SV/SV1V/090/low.webp	1	dex+hp+damage+illustrator+rarity
sv1-226	Magnezone ex	자포코일 ex	SV1V-093	ジバコイルex	Ultra Rare	Ultra Rare	https://images.pokemontcg.io/sv1/226.png	https://assets.tcgdex.net/ja/SV/SV1V/093/low.webp	1	dex+hp+damage+illustrator+rarity
sv1-227	Miraidon ex	미라이돈 ex	SV1V-094	ミライドンex	Ultra Rare	Ultra Rare	https://images.pokemontcg.io/sv1/227.png	https://assets.tcgdex.net/ja/SV/SV1V/094/low.webp	1	dex+hp+damage+illustrator+rarity
sv1-229	Banette ex	다크펫 ex	SV1V-095	ジュペッタex	Ultra Rare	Ultra Rare	https://images.pokemontcg.io/sv1/229.png	https://assets.tcgdex.net/ja/SV/SV1V/095/low.webp	1	dex+hp+damage+illustrator+rarity
sv1-233	Iron Treads ex	무쇠바퀴 ex	SV1V-096	テツノワダチex	Ultra Rare	Ultra Rare	https://images.pokemontcg.io/sv1/233.png	https://assets.tcgdex.net/ja/SV/SV1V/096/low.webp	1	dex+hp+damage+illustrator+rarity
sv1-244	Miraidon ex	미라이돈 ex	SV1V-102	ミライドンex	Special illustration rare	Special Illustration Rare	https://images.pokemontcg.io/sv1/244.png	https://assets.tcgdex.net/ja/SV/SV1V/102/low.webp	1	dex+hp+damage+illustrator+rarity
sv1-248	Iron Treads ex	무쇠바퀴 ex	SV1V-103	テツノワダチex	Special illustration rare	Special Illustration Rare	https://images.pokemontcg.io/sv1/248.png	https://assets.tcgdex.net/ja/SV/SV1V/103/low.webp	1	dex+hp+damage+illustrator+rarity
sv1-253	Miraidon ex	미라이돈 ex	SV1V-106	ミライドンex	Hyper rare	Hyper Rare	https://images.pokemontcg.io/sv1/253.png	https://assets.tcgdex.net/ja/SV/SV1V/106/low.webp	1	dex+hp+damage+illustrator+rarity
